<?xml version="1.0" encoding="utf-8"?>
<feed xmlns="http://www.w3.org/2005/Atom">
  <title type="text">ckhung0</title>
  <id>http://www.plurk.com/user/ckhung0.xml</id>
  <updated>2014-03-13T02:49:39Z</updated>
  <link href="http://www.plurk.com/" />
  <link href="http://www.plurk.com/user/ckhung0.xml" rel="self" />
  <generator>Werkzeug</generator>
  <entry xml:base="http://www.plurk.com/user/ckhung0.xml">
    <title type="text">ckhung0 轉噗 davelin 說 ReF 黑箱服貿懶人包：公民覺醒聯盟</title>
    <id>tag:plurk.com;davelin;1198311796</id>
    <updated>2014-03-13T02:49:39Z</updated>
    <published>2014-03-13T02:49:39Z</published>
    <link href="/p/jtfzas" />
    <author>
      <name>davelin</name>
    </author>
    <content type="html">ckhung0 轉噗 davelin 說 ReF &lt;a href="http://billy3321.github.io/tisa2/images/g07.jpg" class="ex_link pictureservices" rel="nofollow"&gt;&lt;img src="http://billy3321.github.io/tisa2/images/g07.jpg" height="48" /&gt;&lt;/a&gt; &lt;a href="http://billy3321.github.io/tisa2/" class="ex_link" rel="nofollow"&gt;黑箱服貿懶人包：公民覺醒聯盟&lt;/a&gt;</content>
  </entry>
  <entry xml:base="http://www.plurk.com/user/ckhung0.xml">
    <title type="text">ckhung0 轉噗 irvinfly 分享 誰把全家店長縮小了！？(內含超萌正太，慎入！)這個企劃太棒了</title>
    <id>tag:plurk.com;irvinfly;1197931792</id>
    <updated>2014-03-11T06:15:49Z</updated>
    <published>2014-03-11T06:15:49Z</published>
    <link href="/p/jt7u34" />
    <author>
      <name>irvinfly</name>
    </author>
    <content type="html">ckhung0 轉噗 irvinfly 分享 &lt;a href="https://www.youtube.com/watch?v=kq7egT6EUXw" class="ogvideo meta" rel="nofollow"&gt;&lt;img src="http://i1.ytimg.com/vi/kq7egT6EUXw/hqdefault.jpg" data-video="http://www.youtube.com/embed/kq7egT6EUXw?feature=oembed" data-width="480" data-height="270" height="40px" /&gt;誰把全家店長縮小了！？(內含超萌正太，慎入！)&lt;/a&gt;這個企劃太棒了</content>
  </entry>
  <entry xml:base="http://www.plurk.com/user/ckhung0.xml">
    <title type="text">ckhung0 轉噗 briian 說 這應該要設計成隨時可以上網查對，不然什麼雲端殺小的是在喊消化預算的嗎...非e-Tag用戶!!!!不出門照樣免費拿到影像攝影照片和通行明細</title>
    <id>tag:plurk.com;briian;1197735013</id>
    <updated>2014-03-10T07:23:17Z</updated>
    <published>2014-03-10T07:23:17Z</published>
    <link href="/p/jt3m91" />
    <author>
      <name>briian</name>
    </author>
    <content type="html">ckhung0 轉噗 briian 說 這應該要設計成隨時可以上網查對，不然什麼雲端殺小的是在喊消化預算的嗎...&lt;br /&gt;&lt;a href="http://www.mobile01.com/topicdetail.php?f=687&amp;amp;t=3806734" class="ex_link meta" rel="nofollow"&gt;&lt;img src="http://download.mobile01.com/topic/687-3806734-870db1f2ca26afede710ccc3a0c12b22.jpg" height="40px" /&gt;非e-Tag用戶!!!!不出門照樣免費拿到影像攝影照片和通行明細&lt;/a&gt;</content>
  </entry>
  <entry xml:base="http://www.plurk.com/user/ckhung0.xml">
    <title type="text">ckhung0 轉噗 blue07452 分享 #3D印表機 台灣：該不該讓每一所高中職都有3D印表機？3DP只是輸出工具，如果沒有原始的好設計，頂多只能印印從網路上下載來的現成設計，而要讓學生獲得這些能力，需要重新規劃課程、甚至是更徹底一點，得改變美學教育，然而這顯然不是一朝一夕的事情，那麼硬體即使買來了，也只會很快淪為汰舊品，堆積灰塵。</title>
    <id>tag:plurk.com;blue07452;1197575468</id>
    <updated>2014-03-09T11:56:10Z</updated>
    <published>2014-03-09T11:56:10Z</published>
    <link href="/p/jt0758" />
    <author>
      <name>blue07452</name>
    </author>
    <content type="html">ckhung0 轉噗 blue07452 分享 #3D印表機&lt;br /&gt;&lt;a href="http://ppt.cc/Xt-j" class="ex_link" rel="nofollow"&gt; 台灣：該不該讓每一所高中職都有3D印表機？&lt;/a&gt;&lt;br /&gt;3DP只是輸出工具，如果沒有原始的好設計，頂多只能印印從網路上下載來的現成設計，而要讓學生獲得這些能力，需要重新規劃課程、甚至是更徹底一點，得改變美學教育，然而這顯然不是一朝一夕的事情，那麼硬體即使買來了，也只會很快淪為汰舊品，堆積灰塵。</content>
  </entry>
  <entry xml:base="http://www.plurk.com/user/ckhung0.xml">
    <title type="text">ckhung0 轉噗 enom5164312 喜歡 專家評析：只有公民起而抗爭 才能爭回權益─談關廠工人逆轉勝 -風傳媒 台灣許許多多不合理的制度或行政缺失的改革，幾乎均是來自底層公民的抗爭奮鬥：遠者如柯媽媽之於汽機車第三人強制責任險、博崴媽媽之於山難搜救制度。近者如苗栗大埔與中科四期相思寮農民因為不放棄一絲一毫機會，所以他們如願要回農地，也促成土地徵收條例的修正；士林王家不放棄捍衛家園，雖然局勢仍然窘困，但至少也促成都市更新條例必須修正。</title>
    <id>tag:plurk.com;enom5164312;1197523585</id>
    <updated>2014-03-09T06:02:01Z</updated>
    <published>2014-03-09T06:02:01Z</published>
    <link href="/p/jsz341" />
    <author>
      <name>enom5164312</name>
    </author>
    <content type="html">ckhung0 轉噗 enom5164312 喜歡 &lt;a href="http://www.stormmediagroup.com/opencms/review/detail/4de7fb00-a5bc-11e3-bc19-ef2804cba5a1/?uuid=4de7fb00-a5bc-11e3-bc19-ef2804cba5a1" class="ex_link" rel="nofollow"&gt;專家評析：只有公民起而抗爭　才能爭回權益─談關廠工人逆轉勝　-風傳媒&lt;/a&gt;　&lt;br /&gt;&lt;b&gt;台灣許許多多不合理的制度或行政缺失的改革，幾乎均是來自底層公民的抗爭奮鬥：&lt;/b&gt;&lt;u&gt;遠者如柯媽媽之於汽機車第三人強制責任險、博崴媽媽之於山難搜救制度。近者如苗栗大埔與中科四期相思寮農民因為不放棄一絲一毫機會，所以他們如願要回農地，也促成土地徵收條例的修正；士林王家不放棄捍衛家園，雖然局勢仍然窘困，但至少也促成都市更新條例必須修正。&lt;/u&gt;</content>
  </entry>
  <entry xml:base="http://www.plurk.com/user/ckhung0.xml">
    <title type="text">ckhung0 轉噗 Explorer09 說 兒子繼承母遺物iPad 蘋果拒解鎖：請提出書面證明 | ETtoday新奇新聞 | ETtoday 新聞...</title>
    <id>tag:plurk.com;Explorer09;1197440770</id>
    <updated>2014-03-08T16:25:13Z</updated>
    <published>2014-03-08T16:25:13Z</published>
    <link href="/p/jsxb7m" />
    <author>
      <name>Explorer09</name>
    </author>
    <content type="html">ckhung0 轉噗 Explorer09 說 &lt;a href="http://www.ettoday.net/news/20140308/332097.htm" class="ex_link meta" rel="nofollow"&gt;&lt;img src="http://static.ettoday.net/images/475/d475115.jpg" height="40px" /&gt;兒子繼承母遺物iPad　蘋果拒解鎖：請提出書面證明 | ETtoday新奇新聞 | ETtoday 新聞...&lt;/a&gt;</content>
  </entry>
  <entry xml:base="http://www.plurk.com/user/ckhung0.xml">
    <title type="text">ckhung0 轉噗 aboutfish 需要 各位親愛的朋友，請幫忙集氣好嘛？這噗需要：1. 留言集氣祈禱週六不要下雨。 2. 轉噗擴散3/8遊行消息。『全台廢核大遊行』你只要用一天</title>
    <id>tag:plurk.com;aboutfish;1197103760</id>
    <updated>2014-03-07T01:26:49Z</updated>
    <published>2014-03-07T01:26:49Z</published>
    <link href="/p/jsq368" />
    <author>
      <name>aboutfish</name>
    </author>
    <content type="html">ckhung0 轉噗 aboutfish 需要 各位親愛的朋友，請幫忙集氣好嘛？這噗需要：1. 留言集氣祈禱週六不要下雨。 2. 轉噗擴散3/8遊行消息。&lt;a href="http://www.youtube.com/watch?v=8-mW4pXpk7A&amp;amp;feature=youtu.be" class="ogvideo meta" rel="nofollow"&gt;&lt;img src="http://i1.ytimg.com/vi/8-mW4pXpk7A/hqdefault.jpg" data-video="http://www.youtube.com/embed/8-mW4pXpk7A?feature=oembed" data-width="480" data-height="270" height="40px" /&gt;『全台廢核大遊行』你只要用一天&lt;/a&gt;</content>
  </entry>
  <entry xml:base="http://www.plurk.com/user/ckhung0.xml">
    <title type="text">ckhung0 轉噗 sammyfung 分享 謝謝台灣</title>
    <id>tag:plurk.com;sammyfung;1197049029</id>
    <updated>2014-03-06T16:09:27Z</updated>
    <published>2014-03-06T16:09:27Z</published>
    <link href="/p/jsowxx" />
    <author>
      <name>sammyfung</name>
    </author>
    <content type="html">ckhung0 轉噗 sammyfung 分享 謝謝台灣  &lt;a href="http://images.plurk.com/2794LejVyU8wvdeJygcMAn.jpg" class="ex_link pictureservices"&gt;&lt;img src="http://images.plurk.com/tx_2794LejVyU8wvdeJygcMAn.gif" height="48" /&gt;&lt;/a&gt;</content>
  </entry>
  <entry xml:base="http://www.plurk.com/user/ckhung0.xml">
    <title type="text">ckhung0 轉噗 davelin 說 Critical crypto bug leaves Linux, hundreds of apps open to eavesd... 红帽发现 GnuTLS 存在类似 goto fail 的漏洞 - 开源中国社区 ...... goto fail 真的是無心之過嗎？ ....</title>
    <id>tag:plurk.com;davelin;1196694842</id>
    <updated>2014-03-05T01:06:44Z</updated>
    <published>2014-03-05T01:06:44Z</published>
    <link href="/p/jshbne" />
    <author>
      <name>davelin</name>
    </author>
    <content type="html">ckhung0 轉噗 davelin 說 &lt;a href="http://arstechnica.com/security/2014/03/critical-crypto-bug-leaves-linux-hundreds-of-apps-open-to-eavesdropping/" class="ex_link" rel="nofollow"&gt;Critical crypto bug leaves Linux, hundreds of apps open to eavesd...&lt;/a&gt;  &lt;br /&gt;&lt;a href="http://www.oschina.net/news/49429/gnutls-falls-foul-of-ssl-certificate-verification-issues" class="ex_link" rel="nofollow"&gt;红帽发现 GnuTLS 存在类似 goto fail 的漏洞 - 开源中国社区&lt;/a&gt;    ...... goto fail 真的是無心之過嗎？ ....</content>
  </entry>
  <entry xml:base="http://www.plurk.com/user/ckhung0.xml">
    <title type="text">ckhung0 分享 繼印表機禁換副廠墨水之後， 咖啡機也來 DRM 了： 只能冲自家咖啡 - 咖啡机也开始使用数字版权技术_cnBeta 硬件新闻_cnBeta.COM 原始出處： Keurig 2.0 Will Lock Out Unlicensed Coffee Pods And Potential Com... 提醒： 馬總統硬要推的 TPP， 內含 TPM 條款， 會保護這種劣質公司、 以法律保障它綁架消費者的惡行。</title>
    <id>tag:plurk.com;ckhung0;1196540631</id>
    <updated>2014-03-04T07:27:09Z</updated>
    <published>2014-03-04T07:27:09Z</published>
    <link href="/p/jse0nr" />
    <author>
      <name>ckhung0</name>
    </author>
    <content type="html">ckhung0 分享 繼印表機禁換副廠墨水之後， 咖啡機也來 DRM 了： &lt;a href="http://t.co/1f9nDkrgOe" class="ex_link" rel="nofollow"&gt;只能冲自家咖啡 - 咖啡机也开始使用数字版权技术_cnBeta 硬件新闻_cnBeta.COM&lt;/a&gt; 原始出處： &lt;a href="http://t.co/PrfkRAO1uq" class="ex_link" rel="nofollow"&gt;Keurig 2.0 Will Lock Out Unlicensed Coffee Pods And Potential Com...&lt;/a&gt; 提醒： 馬總統硬要推的 TPP， 內含 TPM 條款， 會保護這種劣質公司、 以法律保障它綁架消費者的惡行。</content>
  </entry>
  <entry xml:base="http://www.plurk.com/user/ckhung0.xml">
    <title type="text">ckhung0 分享 大使返台拚TPP 馬總統宣示大兵團作戰 | 服貿拚本會期過 | 國內要聞 | 聯合新聞網 但 TPP 是什麼? 美國公民觀點 絕大多數也適用臺灣大眾。 誰在主導? Industry voices dominate the trade advisory system 利益團體代表。 還有先前力推 SOPA 的說客： Obama Nominates Former SOPA Lobbyist to Help Lead TPP Negotiation... 誰真正獲利? 也許是 [Dave] - 金融海嘯、戰爭、政變......都是企業禿鷹惹出來的禍 - 天下雜誌 可以線上看...</title>
    <id>tag:plurk.com;ckhung0;1196539788</id>
    <updated>2014-03-04T07:22:09Z</updated>
    <published>2014-03-04T07:22:09Z</published>
    <link href="/p/jse00c" />
    <author>
      <name>ckhung0</name>
    </author>
    <content type="html">ckhung0 分享 &lt;a href="http://udn.com/NEWS/NATIONAL/NATS4/8492757.shtml" class="ex_link meta" rel="nofollow"&gt;&lt;img src="http://udn.com/NEWS/MEDIA/8492757-3346057.jpg" height="40px" /&gt;大使返台拚TPP 馬總統宣示大兵團作戰 | 服貿拚本會期過 | 國內要聞 | 聯合新聞網&lt;/a&gt; 但 TPP 是什麼? &lt;a href="https://www.citizen.org/TPP" class="ex_link" rel="nofollow"&gt;美國公民觀點&lt;/a&gt; 絕大多數也適用臺灣大眾。 誰在主導? &lt;a href="http://t.co/cH61fc5ILV" class="ex_link" rel="nofollow"&gt;Industry voices dominate the trade advisory system&lt;/a&gt; 利益團體代表。 還有先前力推 SOPA 的說客： &lt;a href="https://t.co/s1mjmoaB81" class="ex_link" rel="nofollow"&gt;Obama Nominates Former SOPA Lobbyist to Help Lead TPP Negotiation...&lt;/a&gt; 誰真正獲利? 也許是 &lt;a href="http://www.plurk.com/p/jsdi9r" class="ex_link plink meta"&gt;&lt;img src="http://cw1.tw/CW/images/article/C1392101449734.jpg" height="48" /&gt;[Dave] -  金融海嘯、戰爭、政變......都是企業禿鷹惹出來的禍 - 天下雜誌   可以線上看...&lt;/a&gt;</content>
  </entry>
  <entry xml:base="http://www.plurk.com/user/ckhung0.xml">
    <title type="text">ckhung0 轉噗 davelin 說 Cellular’s open source future is latched to tallest tree in the v... + 偏远村庄用开源技术创建小型地区蜂窝网络 - 开源中国社区</title>
    <id>tag:plurk.com;davelin;1196501704</id>
    <updated>2014-03-04T02:37:49Z</updated>
    <published>2014-03-04T02:37:49Z</published>
    <link href="/p/jsd6mg" />
    <author>
      <name>davelin</name>
    </author>
    <content type="html">ckhung0 轉噗 davelin 說 &lt;a href="http://arstechnica.com/information-technology/2014/02/cellulars-open-source-future-is-latched-to-tallest-tree-in-the-village/#p3" class="ex_link" rel="nofollow"&gt;Cellular’s open source future is latched to tallest tree in the v...&lt;/a&gt; + &lt;a href="http://www.oschina.net/news/49396/cellulars-open-source-future-is-latched-to-tallest-tree" class="ex_link" rel="nofollow"&gt;偏远村庄用开源技术创建小型地区蜂窝网络 - 开源中国社区&lt;/a&gt;</content>
  </entry>
  <entry xml:base="http://www.plurk.com/user/ckhung0.xml">
    <title type="text">ckhung0 分享 (ReP pootel) 趕快把握三十天內退出 Dropbox 的強制仲裁條款 (未詳讀， 總之 life hacker 建議退出) Dropbox Adds Forced Arbitration to Its Terms of Service, Opt Out ...</title>
    <id>tag:plurk.com;ckhung0;1196358558</id>
    <updated>2014-03-03T10:03:53Z</updated>
    <published>2014-03-03T10:03:53Z</published>
    <link href="/p/jsa466" />
    <author>
      <name>ckhung0</name>
    </author>
    <content type="html">ckhung0 分享 (ReP &lt;a href="http://www.plurk.com/pootel" class="ex_link"&gt;pootel&lt;/a&gt;) 趕快把握三十天內退出 Dropbox 的強制仲裁條款 (未詳讀， 總之 life hacker 建議退出) &lt;a href="http://lifehacker.com/dropbox-just-like-paypal-and-instagram-has-changed-it-1530509534" class="ex_link" rel="nofollow"&gt;Dropbox Adds Forced Arbitration to Its Terms of Service, Opt Out ...&lt;/a&gt;</content>
  </entry>
  <entry xml:base="http://www.plurk.com/user/ckhung0.xml">
    <title type="text">ckhung0 好奇 Falkvinge 大推的一篇有趣文章： Mt. Gox 事件的正確解讀： 因為該公司放棄 blockchain 機制， 走向舊銀行體制的中央集權黑箱作業模式， 所以它的客戶跟先前美國華爾街、 歐洲塞普勒斯、 烏克蘭、 阿根庭的金融機構的客戶一樣被坑殺 (她稱之為 "be Goxed") 比特幣其他公司依舊活得好好的。 長遠看此事將有助於大眾認識比特幣的真正強處。 The World&amp;#39;s Been Mt.Goxed — Medium</title>
    <id>tag:plurk.com;ckhung0;1196285791</id>
    <updated>2014-03-03T02:03:48Z</updated>
    <published>2014-03-03T02:03:48Z</published>
    <link href="/p/js8k0v" />
    <author>
      <name>ckhung0</name>
    </author>
    <content type="html">ckhung0 好奇 Falkvinge 大推的一篇有趣文章： Mt. Gox 事件的正確解讀： 因為該公司放棄 blockchain 機制， 走向舊銀行體制的中央集權黑箱作業模式， 所以它的客戶跟先前美國華爾街、 歐洲塞普勒斯、 烏克蘭、 阿根庭的金融機構的客戶一樣被坑殺 (她稱之為 "be Goxed") 比特幣其他公司依舊活得好好的。 長遠看此事將有助於大眾認識比特幣的真正強處。 &lt;a href="https://t.co/knU5iq0eU9" class="ex_link" rel="nofollow"&gt;The  World&amp;#39;s Been Mt.Goxed  — Medium&lt;/a&gt;</content>
  </entry>
  <entry xml:base="http://www.plurk.com/user/ckhung0.xml">
    <title type="text">ckhung0 分享 創用CC發明人Lessig教授四年前在韓國演講當中用到法國樂團Phoenix作品片段解釋「合理使用權」。 演講影片上傳後，遭Youtube撤下並遭著作權人澳洲公司 Liberation Music 控告。 EFF與Lessig反控， 勝訴。 LM將賠償並將檢討濫撤片政策。 原創者Phoenix力挺合理使用權。</title>
    <id>tag:plurk.com;ckhung0;1195962550</id>
    <updated>2014-03-01T10:21:27Z</updated>
    <published>2014-03-01T10:21:27Z</published>
    <link href="/p/js1mly" />
    <author>
      <name>ckhung0</name>
    </author>
    <content type="html">ckhung0 分享 創用CC發明人Lessig教授四年前在韓國演講當中用到法國樂團Phoenix作品片段解釋「合理使用權」。 演講影片上傳後，遭Youtube撤下並遭著作權人澳洲公司 Liberation Music 控告。 EFF與Lessig反控， &lt;a href="https://t.co/vLwJi6vFVm" class="ex_link" rel="nofollow"&gt;勝訴&lt;/a&gt;。 LM將賠償並將檢討濫撤片政策。 &lt;a href="http://t.co/qFW5Y2xyb5" class="ex_link" rel="nofollow"&gt;原創者Phoenix力挺合理使用權。&lt;/a&gt;</content>
  </entry>
  <entry xml:base="http://www.plurk.com/user/ckhung0.xml">
    <title type="text">ckhung0 轉噗 aboutfish 已經 [畫] 生於謊言、死於小確幸 -- 228 不和平記念</title>
    <id>tag:plurk.com;aboutfish;1195824418</id>
    <updated>2014-02-28T15:25:13Z</updated>
    <published>2014-02-28T15:25:13Z</published>
    <link href="/p/jryo0y" />
    <author>
      <name>aboutfish</name>
    </author>
    <content type="html">ckhung0 轉噗 aboutfish 已經 &lt;a href="http://www.taiwangoodlife.org/storylink/20140228/5557" class="ex_link" rel="nofollow"&gt;[畫] 生於謊言、死於小確幸 -- 228 不和平記念&lt;/a&gt; &lt;a href="http://www.taiwangoodlife.org/files/imagecache/story_600_450/storyimage/20140228_a.png" class="ex_link pictureservices" rel="nofollow"&gt;&lt;img src="http://www.taiwangoodlife.org/files/imagecache/story_600_450/storyimage/20140228_a.png" height="48" /&gt;&lt;/a&gt;</content>
  </entry>
  <entry xml:base="http://www.plurk.com/user/ckhung0.xml">
    <title type="text">ckhung0 轉噗 Thinker 說 太寫實了。</title>
    <id>tag:plurk.com;Thinker;1195784478</id>
    <updated>2014-02-28T12:07:41Z</updated>
    <published>2014-02-28T12:07:41Z</published>
    <link href="/p/jrxt7i" />
    <author>
      <name>Thinker</name>
    </author>
    <content type="html">ckhung0 轉噗 Thinker 說 &lt;a href="https://pbs.twimg.com/media/BhcN0EOIAAEB4G2.jpg" class="ex_link pictureservices" rel="nofollow"&gt;&lt;img src="https://pbs.twimg.com/media/BhcN0EOIAAEB4G2.jpg" height="48" /&gt;&lt;/a&gt;  太寫實了。</content>
  </entry>
  <entry xml:base="http://www.plurk.com/user/ckhung0.xml">
    <title type="text">ckhung0 分享 美國國安局及其英國共犯結構 GCHQ (政府通訊總部) 僱用寫手在網路上的論譠部落格等等造謠/毀謗/冒名發表文章(以便傷害被冒名者信譽)操作民意。 原來英美也有五毛黨啊! 跟共產黨越來越像了。 NSA and GHCQ Employing Shills To Poison Web Forum Discourse - Sla...</title>
    <id>tag:plurk.com;ckhung0;1195496193</id>
    <updated>2014-02-27T01:08:30Z</updated>
    <published>2014-02-27T01:08:30Z</published>
    <link href="/p/jrrmrl" />
    <author>
      <name>ckhung0</name>
    </author>
    <content type="html">ckhung0 分享 美國國安局及其英國共犯結構 GCHQ (政府通訊總部) 僱用寫手在網路上的論譠部落格等等造謠/毀謗/冒名發表文章(以便傷害被冒名者信譽)操作民意。 原來英美也有五毛黨啊! 跟共產黨越來越像了。 &lt;a href="http://t.co/gYeEJgt6iG" class="ex_link" rel="nofollow"&gt;NSA and GHCQ Employing Shills To Poison Web Forum Discourse - Sla...&lt;/a&gt;</content>
  </entry>
  <entry xml:base="http://www.plurk.com/user/ckhung0.xml">
    <title type="text">ckhung0 分享 (幫忙宣傳活動) 雙A整合藍芽自走車師生聯席研習 3/8-9(週六日) 在靜宜大學主顧樓 316電腦教室舉辦研習， 邀請高中職國中小老師報名參加。 主講人: 3/8 Arduino 林仁勇教授、 3/9 App Inventor 翁永昌教授； Arduino中文開放電子書 作者曹永忠教授也會出席。 名額60/一師搭一生共30組，每組有一台車與一組實驗材料。</title>
    <id>tag:plurk.com;ckhung0;1195421073</id>
    <updated>2014-02-26T14:38:33Z</updated>
    <published>2014-02-26T14:38:33Z</published>
    <link href="/p/jrq0sx" />
    <author>
      <name>ckhung0</name>
    </author>
    <content type="html">ckhung0 分享 (幫忙宣傳活動) &lt;a href="http://0rz.tw/0AcDR" class="ex_link" rel="nofollow"&gt;雙A整合藍芽自走車師生聯席研習&lt;/a&gt; 3/8-9(週六日) 在靜宜大學主顧樓 316電腦教室舉辦研習， 邀請高中職國中小老師報名參加。 主講人: 3/8 Arduino 林仁勇教授、 3/9 App Inventor 翁永昌教授； Arduino中文開放電子書 作者曹永忠教授也會出席。 名額60/一師搭一生共30組，每組有一台車與一組實驗材料。</content>
  </entry>
  <entry xml:base="http://www.plurk.com/user/ckhung0.xml">
    <title type="text">ckhung0 轉噗 briian 說 整個亂搞，如果證號不符也可以繳費，那何必驗證號？扯！eTag超商繳費 證號不符也照收而且還擅自泄露個資，那我要查哪個車牌號碼的車主電話，只要打電話給遠通就可以查了嗎？ 這群$^&amp;amp;%*&amp;amp;$@%%^$@//</title>
    <id>tag:plurk.com;briian;1195370999</id>
    <updated>2014-02-26T10:15:15Z</updated>
    <published>2014-02-26T10:15:15Z</published>
    <link href="/p/jroy5z" />
    <author>
      <name>briian</name>
    </author>
    <content type="html">ckhung0 轉噗 briian 說 整個亂搞，如果證號不符也可以繳費，那何必驗證號？&lt;br /&gt;&lt;a href="http://www.appledaily.com.tw/appledaily/article/headline/20140226/35665838/" class="ex_link meta" rel="nofollow"&gt;&lt;img src="http://twimg.edgesuite.net/images/thumbnail/20140226/35665838_a7bdaced452408c3628aeecf98b4f309_160x.jpg" alt="扯！eTag超商繳費 證號不符也照收" height="40px" /&gt;扯！eTag超商繳費 證號不符也照收&lt;/a&gt;而且還擅自泄露個資，那我要查哪個車牌號碼的車主電話，只要打電話給遠通就可以查了嗎？ 這群$^&amp;amp;%*&amp;amp;$@%%^$@//</content>
  </entry>
</feed>
