<?xml version="1.0" encoding="utf-8"?>
<feed xmlns="http://www.w3.org/2005/Atom">
  <title type="text">ckhung0</title>
  <id>http://www.plurk.com/user/ckhung0.xml</id>
  <updated>2014-03-21T07:18:57Z</updated>
  <link href="http://www.plurk.com/" />
  <link href="http://www.plurk.com/user/ckhung0.xml" rel="self" />
  <generator>Werkzeug</generator>
  <entry xml:base="http://www.plurk.com/user/ckhung0.xml">
    <title type="text">ckhung0 轉噗 briian 說 畫漫畫&amp;#65294;話漫畫: [畫] 真是不懂事</title>
    <id>tag:plurk.com;briian;1199978179</id>
    <updated>2014-03-21T07:18:57Z</updated>
    <published>2014-03-21T07:18:57Z</published>
    <link href="/p/jufp37" />
    <author>
      <name>briian</name>
    </author>
    <content type="html">ckhung0 轉噗 briian 說 &lt;a href="http://angatou.blogspot.tw/2014/03/blog-post_21.html" class="ex_link meta" rel="nofollow"&gt;&lt;img src="http://2.bp.blogspot.com/-i4SQlIFO118/UyvHpfK3cUI/AAAAAAAAOQM/lp9yGnnhE8I/s1600/20140321_you_losers.png" height="40px" /&gt;畫漫畫&amp;#65294;話漫畫: [畫] 真是不懂事&lt;/a&gt; &lt;a href="http://images.plurk.com/3F82NtC38XBzct4ic36ePd.jpg" class="ex_link pictureservices"&gt;&lt;img src="http://images.plurk.com/tx_3F82NtC38XBzct4ic36ePd.gif" height="48" /&gt;&lt;/a&gt;</content>
  </entry>
  <entry xml:base="http://www.plurk.com/user/ckhung0.xml">
    <title type="text">ckhung0 轉噗 aboutfish 佔領立法院已經傳到冰島、波士尼亞、秘魯等等等地方 | 台灣好生活電子報</title>
    <id>tag:plurk.com;aboutfish;1199964269</id>
    <updated>2014-03-21T05:40:04Z</updated>
    <published>2014-03-21T05:40:04Z</published>
    <link href="/p/jufect" />
    <author>
      <name>aboutfish</name>
    </author>
    <content type="html">ckhung0 轉噗 aboutfish &lt;a href="http://www.taiwangoodlife.org/storylink/20140321/5583#.UyvQo8fhZG4.plurk" class="ex_link" rel="nofollow"&gt;佔領立法院已經傳到冰島、波士尼亞、秘魯等等等地方 | 台灣好生活電子報&lt;/a&gt; &lt;a href="http://www.taiwangoodlife.org/files/imagecache/story_600_450/storyimage/20140321media.jpg" class="ex_link pictureservices" rel="nofollow"&gt;&lt;img src="http://www.taiwangoodlife.org/files/imagecache/story_600_450/storyimage/20140321media.jpg" height="48" /&gt;&lt;/a&gt;</content>
  </entry>
  <entry xml:base="http://www.plurk.com/user/ckhung0.xml">
    <title type="text">ckhung0 replurks cyuanXD 三秒搞懂服貿老師:大雄，你本來有30元，胖虎再給妳70元，這樣你總共有幾元?大雄:0元老師:你根本不懂數學!!大雄:你根本不懂胖虎....from</title>
    <id>tag:plurk.com;cyuanXD;1199851213</id>
    <updated>2014-03-20T14:49:18Z</updated>
    <published>2014-03-20T14:49:18Z</published>
    <link href="/p/jucz4d" />
    <author>
      <name>cyuanXD</name>
    </author>
    <content type="html">ckhung0 replurks cyuanXD 三秒搞懂服貿&lt;br /&gt;老師:大雄，你本來有30元，胖虎再給妳70元，這樣你總共有幾元?&lt;br /&gt;大雄:0元&lt;br /&gt;老師:你根本不懂數學!!&lt;br /&gt;大雄:你根本不懂胖虎....&lt;br /&gt;&lt;a href="http://a.bbi.com.tw/Gossiping/1JAiDp-i.html" class="ex_link" rel="nofollow"&gt;from&lt;/a&gt;</content>
  </entry>
  <entry xml:base="http://www.plurk.com/user/ckhung0.xml">
    <title type="text">ckhung0 轉噗 sakura26eq [服貿]出版界反服貿的理由：服貿雖然目標是自由貿易，但是因為對象是中國，所以反成了不平等條約 - 中國嚴格的資訊管制與政治，將會導致台灣的出版品難以進入中國，而中國的超大型巨人出版社卻能挾龐大資金對台灣市場做強力的蓋台宣傳，而沒有任何的限制可做。這將對台灣現有的出版界造成極不平等的處境與重創</title>
    <id>tag:plurk.com;sakura26eq;1199835128</id>
    <updated>2014-03-20T13:40:28Z</updated>
    <published>2014-03-20T13:40:28Z</published>
    <link href="/p/jucmpk" />
    <author>
      <name>sakura26eq</name>
    </author>
    <content type="html">ckhung0 轉噗 sakura26eq [服貿]出版界反服貿的理由：服貿雖然目標是自由貿易，但是因為對象是中國，所以反成了不平等條約 - 中國嚴格的資訊管制與政治，將會導致台灣的出版品難以進入中國，而中國的超大型&lt;strike&gt;巨人&lt;/strike&gt;出版社卻能挾龐大資金對台灣市場做強力的&lt;strike&gt;蓋台&lt;/strike&gt;宣傳，而沒有任何的限制可做。這將對台灣現有的出版界造成極不平等的處境與重創</content>
  </entry>
  <entry xml:base="http://www.plurk.com/user/ckhung0.xml">
    <title type="text">ckhung0 轉噗 briian 說 批踢踢實業坊 馬英九不讓立法院實質審查服貿的原因:1.中國工商銀行要入股永豐銀行，期限定在3月底，逐條審查來不及。2.服貿通過後，中國假投資真移民的漏洞，剛好配合台灣建商炒房，建商立委張慶忠何樂不為。3.中國深怕兩岸關係成為國與國關係，所以施壓馬政府，服貿不應該比照國際條約、協定讓立法院審查。</title>
    <id>tag:plurk.com;briian;1199532006</id>
    <updated>2014-03-19T04:16:32Z</updated>
    <published>2014-03-19T04:16:32Z</published>
    <link href="/p/ju64ti" />
    <author>
      <name>briian</name>
    </author>
    <content type="html">ckhung0 轉噗 briian 說 &lt;a href="http://www.ptt.cc/bbs/Gossiping/M.1395175080.A.9D7.html" class="ex_link" rel="nofollow"&gt;批踢踢實業坊&lt;/a&gt; &lt;br /&gt;馬英九不讓立法院實質審查服貿的原因:&lt;br /&gt;1.中國工商銀行要入股永豐銀行，期限定在3月底，逐條審查來不及。&lt;br /&gt;2.服貿通過後，中國假投資真移民的漏洞，剛好配合台灣建商炒房，&lt;br /&gt;建商立委張慶忠何樂不為。&lt;br /&gt;3.中國深怕兩岸關係成為國與國關係，所以施壓馬政府，服貿不應該比&lt;br /&gt;照國際條約、協定讓立法院審查。</content>
  </entry>
  <entry xml:base="http://www.plurk.com/user/ckhung0.xml">
    <title type="text">ckhung0 分享 既然 [Dave] - 都說機器人會搶人類工作，現在獵殺名單出來了 + - 機器人大軍來襲，至少70%... 乾脆 [不來恩] 根本不要去猜測「當紅產業」這檔事，那定義是抽象的，暫時的，... 不如直接 [Dave] - - [哲思漫筆] 不考慮收入，你真正想做的是什麼？</title>
    <id>tag:plurk.com;ckhung0;1199180759</id>
    <updated>2014-03-17T12:26:39Z</updated>
    <published>2014-03-17T12:26:39Z</published>
    <link href="/p/jtylsn" />
    <author>
      <name>ckhung0</name>
    </author>
    <content type="html">ckhung0 分享 &lt;b&gt;既然&lt;/b&gt; &lt;a href="http://www.plurk.com/p/jtxgeo" class="ex_link plink meta"&gt;&lt;img src="http://farm8.staticflickr.com/7140/7633582868_d0279a2a9e_z.jpg" height="48" /&gt;[Dave] -  都說機器人會搶人類工作，現在獵殺名單出來了  +  -  機器人大軍來襲，至少70%...&lt;/a&gt; &lt;b&gt;乾脆&lt;/b&gt; &lt;a href="http://www.plurk.com/p/jty0kp" class="ex_link plink"&gt;[不來恩] 根本不要去猜測「當紅產業」這檔事，那定義是抽象的，暫時的，...&lt;/a&gt; &lt;b&gt;不如直接&lt;/b&gt; &lt;a href="http://www.plurk.com/p/jtxwy5" class="ex_link plink meta"&gt;&lt;img src="http://img.chinsin.com/a/1394972108x27370106.jpg" height="48" /&gt;[Dave] -     - [哲思漫筆] 不考慮收入，你真正想做的是什麼？&lt;/a&gt;</content>
  </entry>
  <entry xml:base="http://www.plurk.com/user/ckhung0.xml">
    <title type="text">ckhung0 轉噗 davelin 說 ReF 感謝各大媒體多次引用零時政府 pm2.5 空氣污染圖！我們換了一個好記的網址： env.g0v.tw , 同時也加上了新功能：游標移到測站會顯示過去 24 小時的變化圖。（咦，苗栗今天怎麼了？中午 pm2.5 開始飆高） --- 推 零時政府!</title>
    <id>tag:plurk.com;davelin;1199077249</id>
    <updated>2014-03-17T00:16:58Z</updated>
    <published>2014-03-17T00:16:58Z</published>
    <link href="/p/jtwdxd" />
    <author>
      <name>davelin</name>
    </author>
    <content type="html">ckhung0 轉噗 davelin 說 ReF &lt;a href="https://fbcdn-sphotos-e-a.akamaihd.net/hphotos-ak-ash3/t31/1891468_687872294587393_1831513917_o.png" class="ex_link pictureservices" rel="nofollow"&gt;&lt;img src="https://fbcdn-sphotos-e-a.akamaihd.net/hphotos-ak-ash3/t31/1891468_687872294587393_1831513917_o.png" height="48" /&gt;&lt;/a&gt;  感謝各大媒體多次引用零時政府 pm2.5 空氣污染圖！我們換了一個好記的網址： &lt;a href="http://env.g0v.tw" class="ex_link" rel="nofollow"&gt;env.g0v.tw&lt;/a&gt; , 同時也加上了新功能：游標移到測站會顯示過去 24 小時的變化圖。（咦，苗栗今天怎麼了？中午 pm2.5 開始飆高） --- 推 零時政府!</content>
  </entry>
  <entry xml:base="http://www.plurk.com/user/ckhung0.xml">
    <title type="text">ckhung0 轉噗 briian 說 如果還「沒老到不可能」，就別只把夢想當做是腦中的深層記憶，而是當成一件有待執行的任務。你要玩運動，開店，東闖西鬧，需要的都是任務計劃，而不是夢。你已站定在社會上的某個角落，那代表你有點本事，就想辦法用這本事將「夢」轉換成「任務」吧。... 人渣文本 Ninjia Text : 先別談虎媽了&amp;#65292;你聽過自己心裡的聲音嗎&amp;#65311;</title>
    <id>tag:plurk.com;briian;1199038767</id>
    <updated>2014-03-16T16:49:04Z</updated>
    <published>2014-03-16T16:49:04Z</published>
    <link href="/p/jtvk8f" />
    <author>
      <name>briian</name>
    </author>
    <content type="html">ckhung0 轉噗 briian 說 如果還「沒老到不可能」，就別只把夢想當做是腦中的深層記憶，而是當成一件有待執行的任務。你要玩運動，開店，東闖西鬧，需要的都是任務計劃，而不是夢。你已站定在社會上的某個角落，那代表你有點本事，就想辦法用這本事將「夢」轉換成「任務」吧。... &lt;a href="http://ninjiatext.blogspot.jp/2014/02/blog-post_19.html" class="ex_link" rel="nofollow"&gt;人渣文本 Ninjia Text : 先別談虎媽了&amp;#65292;你聽過自己心裡的聲音嗎&amp;#65311;&lt;/a&gt;</content>
  </entry>
  <entry xml:base="http://www.plurk.com/user/ckhung0.xml">
    <title type="text">ckhung0 分享 開發人員爆多款三星Galaxy裝置藏有後門 | iThome [Dave] - SamsungGalaxyBackdoor - Re...</title>
    <id>tag:plurk.com;ckhung0;1198957758</id>
    <updated>2014-03-16T10:05:10Z</updated>
    <published>2014-03-16T10:05:10Z</published>
    <link href="/p/jtttq6" />
    <author>
      <name>ckhung0</name>
    </author>
    <content type="html">ckhung0 分享 &lt;a href="http://www.ithome.com.tw/news/85819" class="ex_link" rel="nofollow"&gt;開發人員爆多款三星Galaxy裝置藏有後門 | iThome&lt;/a&gt; &lt;a href="http://www.plurk.com/p/jtfusg" class="ex_link plink"&gt;[Dave] - SamsungGalaxyBackdoor - Re...&lt;/a&gt;</content>
  </entry>
  <entry xml:base="http://www.plurk.com/user/ckhung0.xml">
    <title type="text">ckhung0 轉噗 briian 說 當互聯網自由精神遭遇司法強權 (DVDFab被封禁事件始末)當互聯網自由精神遭遇司法強權 (DVDFab被封禁事件始末) - 閒聊、綜合討論區SOPA 法案又發功了！</title>
    <id>tag:plurk.com;briian;1198767287</id>
    <updated>2014-03-15T09:36:18Z</updated>
    <published>2014-03-15T09:36:18Z</published>
    <link href="/p/jtpqrb" />
    <author>
      <name>briian</name>
    </author>
    <content type="html">ckhung0 轉噗 briian 說 當互聯網自由精神遭遇司法強權 (DVDFab被封禁事件始末)&lt;br /&gt;&lt;a href="http://123.briian.com/forum.php?mod=viewthread&amp;amp;tid=2040" class="ex_link meta" rel="nofollow"&gt;&lt;img src="http://123.briian.com/logo-x300.png" height="40px" /&gt;當互聯網自由精神遭遇司法強權 (DVDFab被封禁事件始末) - 閒聊、綜合討論區&lt;/a&gt;SOPA 法案又發功了！</content>
  </entry>
  <entry xml:base="http://www.plurk.com/user/ckhung0.xml">
    <title type="text">ckhung0 轉噗 davelin 說 ReF 黑箱服貿懶人包：公民覺醒聯盟</title>
    <id>tag:plurk.com;davelin;1198311796</id>
    <updated>2014-03-13T02:49:39Z</updated>
    <published>2014-03-13T02:49:39Z</published>
    <link href="/p/jtfzas" />
    <author>
      <name>davelin</name>
    </author>
    <content type="html">ckhung0 轉噗 davelin 說 ReF &lt;a href="http://billy3321.github.io/tisa2/images/g07.jpg" class="ex_link pictureservices" rel="nofollow"&gt;&lt;img src="http://billy3321.github.io/tisa2/images/g07.jpg" height="48" /&gt;&lt;/a&gt; &lt;a href="http://billy3321.github.io/tisa2/" class="ex_link" rel="nofollow"&gt;黑箱服貿懶人包：公民覺醒聯盟&lt;/a&gt;</content>
  </entry>
  <entry xml:base="http://www.plurk.com/user/ckhung0.xml">
    <title type="text">ckhung0 轉噗 irvinfly 分享 誰把全家店長縮小了！？(內含超萌正太，慎入！)這個企劃太棒了</title>
    <id>tag:plurk.com;irvinfly;1197931792</id>
    <updated>2014-03-11T06:15:49Z</updated>
    <published>2014-03-11T06:15:49Z</published>
    <link href="/p/jt7u34" />
    <author>
      <name>irvinfly</name>
    </author>
    <content type="html">ckhung0 轉噗 irvinfly 分享 &lt;a href="https://www.youtube.com/watch?v=kq7egT6EUXw" class="ogvideo meta" rel="nofollow"&gt;&lt;img src="http://i1.ytimg.com/vi/kq7egT6EUXw/hqdefault.jpg" data-video="http://www.youtube.com/embed/kq7egT6EUXw?feature=oembed" data-width="480" data-height="270" height="40px" /&gt;誰把全家店長縮小了！？(內含超萌正太，慎入！)&lt;/a&gt;這個企劃太棒了</content>
  </entry>
  <entry xml:base="http://www.plurk.com/user/ckhung0.xml">
    <title type="text">ckhung0 轉噗 briian 說 這應該要設計成隨時可以上網查對，不然什麼雲端殺小的是在喊消化預算的嗎...非e-Tag用戶!!!!不出門照樣免費拿到影像攝影照片和通行明細</title>
    <id>tag:plurk.com;briian;1197735013</id>
    <updated>2014-03-10T07:23:17Z</updated>
    <published>2014-03-10T07:23:17Z</published>
    <link href="/p/jt3m91" />
    <author>
      <name>briian</name>
    </author>
    <content type="html">ckhung0 轉噗 briian 說 這應該要設計成隨時可以上網查對，不然什麼雲端殺小的是在喊消化預算的嗎...&lt;br /&gt;&lt;a href="http://www.mobile01.com/topicdetail.php?f=687&amp;amp;t=3806734" class="ex_link meta" rel="nofollow"&gt;&lt;img src="http://download.mobile01.com/topic/687-3806734-870db1f2ca26afede710ccc3a0c12b22.jpg" height="40px" /&gt;非e-Tag用戶!!!!不出門照樣免費拿到影像攝影照片和通行明細&lt;/a&gt;</content>
  </entry>
  <entry xml:base="http://www.plurk.com/user/ckhung0.xml">
    <title type="text">ckhung0 轉噗 blue07452 分享 #3D印表機 台灣：該不該讓每一所高中職都有3D印表機？3DP只是輸出工具，如果沒有原始的好設計，頂多只能印印從網路上下載來的現成設計，而要讓學生獲得這些能力，需要重新規劃課程、甚至是更徹底一點，得改變美學教育，然而這顯然不是一朝一夕的事情，那麼硬體即使買來了，也只會很快淪為汰舊品，堆積灰塵。</title>
    <id>tag:plurk.com;blue07452;1197575468</id>
    <updated>2014-03-09T11:56:10Z</updated>
    <published>2014-03-09T11:56:10Z</published>
    <link href="/p/jt0758" />
    <author>
      <name>blue07452</name>
    </author>
    <content type="html">ckhung0 轉噗 blue07452 分享 #3D印表機&lt;br /&gt;&lt;a href="http://ppt.cc/Xt-j" class="ex_link" rel="nofollow"&gt; 台灣：該不該讓每一所高中職都有3D印表機？&lt;/a&gt;&lt;br /&gt;3DP只是輸出工具，如果沒有原始的好設計，頂多只能印印從網路上下載來的現成設計，而要讓學生獲得這些能力，需要重新規劃課程、甚至是更徹底一點，得改變美學教育，然而這顯然不是一朝一夕的事情，那麼硬體即使買來了，也只會很快淪為汰舊品，堆積灰塵。</content>
  </entry>
  <entry xml:base="http://www.plurk.com/user/ckhung0.xml">
    <title type="text">ckhung0 轉噗 enom5164312 喜歡 專家評析：只有公民起而抗爭 才能爭回權益─談關廠工人逆轉勝 -風傳媒 台灣許許多多不合理的制度或行政缺失的改革，幾乎均是來自底層公民的抗爭奮鬥：遠者如柯媽媽之於汽機車第三人強制責任險、博崴媽媽之於山難搜救制度。近者如苗栗大埔與中科四期相思寮農民因為不放棄一絲一毫機會，所以他們如願要回農地，也促成土地徵收條例的修正；士林王家不放棄捍衛家園，雖然局勢仍然窘困，但至少也促成都市更新條例必須修正。</title>
    <id>tag:plurk.com;enom5164312;1197523585</id>
    <updated>2014-03-09T06:02:01Z</updated>
    <published>2014-03-09T06:02:01Z</published>
    <link href="/p/jsz341" />
    <author>
      <name>enom5164312</name>
    </author>
    <content type="html">ckhung0 轉噗 enom5164312 喜歡 &lt;a href="http://www.stormmediagroup.com/opencms/review/detail/4de7fb00-a5bc-11e3-bc19-ef2804cba5a1/?uuid=4de7fb00-a5bc-11e3-bc19-ef2804cba5a1" class="ex_link" rel="nofollow"&gt;專家評析：只有公民起而抗爭　才能爭回權益─談關廠工人逆轉勝　-風傳媒&lt;/a&gt;　&lt;br /&gt;&lt;b&gt;台灣許許多多不合理的制度或行政缺失的改革，幾乎均是來自底層公民的抗爭奮鬥：&lt;/b&gt;&lt;u&gt;遠者如柯媽媽之於汽機車第三人強制責任險、博崴媽媽之於山難搜救制度。近者如苗栗大埔與中科四期相思寮農民因為不放棄一絲一毫機會，所以他們如願要回農地，也促成土地徵收條例的修正；士林王家不放棄捍衛家園，雖然局勢仍然窘困，但至少也促成都市更新條例必須修正。&lt;/u&gt;</content>
  </entry>
  <entry xml:base="http://www.plurk.com/user/ckhung0.xml">
    <title type="text">ckhung0 轉噗 Explorer09 說 兒子繼承母遺物iPad 蘋果拒解鎖：請提出書面證明 | ETtoday新奇新聞 | ETtoday 新聞...</title>
    <id>tag:plurk.com;Explorer09;1197440770</id>
    <updated>2014-03-08T16:25:13Z</updated>
    <published>2014-03-08T16:25:13Z</published>
    <link href="/p/jsxb7m" />
    <author>
      <name>Explorer09</name>
    </author>
    <content type="html">ckhung0 轉噗 Explorer09 說 &lt;a href="http://www.ettoday.net/news/20140308/332097.htm" class="ex_link meta" rel="nofollow"&gt;&lt;img src="http://static.ettoday.net/images/475/d475115.jpg" height="40px" /&gt;兒子繼承母遺物iPad　蘋果拒解鎖：請提出書面證明 | ETtoday新奇新聞 | ETtoday 新聞...&lt;/a&gt;</content>
  </entry>
  <entry xml:base="http://www.plurk.com/user/ckhung0.xml">
    <title type="text">ckhung0 轉噗 aboutfish 需要 各位親愛的朋友，請幫忙集氣好嘛？這噗需要：1. 留言集氣祈禱週六不要下雨。 2. 轉噗擴散3/8遊行消息。『全台廢核大遊行』你只要用一天</title>
    <id>tag:plurk.com;aboutfish;1197103760</id>
    <updated>2014-03-07T01:26:49Z</updated>
    <published>2014-03-07T01:26:49Z</published>
    <link href="/p/jsq368" />
    <author>
      <name>aboutfish</name>
    </author>
    <content type="html">ckhung0 轉噗 aboutfish 需要 各位親愛的朋友，請幫忙集氣好嘛？這噗需要：1. 留言集氣祈禱週六不要下雨。 2. 轉噗擴散3/8遊行消息。&lt;a href="http://www.youtube.com/watch?v=8-mW4pXpk7A&amp;amp;feature=youtu.be" class="ogvideo meta" rel="nofollow"&gt;&lt;img src="http://i1.ytimg.com/vi/8-mW4pXpk7A/hqdefault.jpg" data-video="http://www.youtube.com/embed/8-mW4pXpk7A?feature=oembed" data-width="480" data-height="270" height="40px" /&gt;『全台廢核大遊行』你只要用一天&lt;/a&gt;</content>
  </entry>
  <entry xml:base="http://www.plurk.com/user/ckhung0.xml">
    <title type="text">ckhung0 轉噗 sammyfung 分享 謝謝台灣</title>
    <id>tag:plurk.com;sammyfung;1197049029</id>
    <updated>2014-03-06T16:09:27Z</updated>
    <published>2014-03-06T16:09:27Z</published>
    <link href="/p/jsowxx" />
    <author>
      <name>sammyfung</name>
    </author>
    <content type="html">ckhung0 轉噗 sammyfung 分享 謝謝台灣  &lt;a href="http://images.plurk.com/2794LejVyU8wvdeJygcMAn.jpg" class="ex_link pictureservices"&gt;&lt;img src="http://images.plurk.com/tx_2794LejVyU8wvdeJygcMAn.gif" height="48" /&gt;&lt;/a&gt;</content>
  </entry>
  <entry xml:base="http://www.plurk.com/user/ckhung0.xml">
    <title type="text">ckhung0 轉噗 davelin 說 Critical crypto bug leaves Linux, hundreds of apps open to eavesd... 红帽发现 GnuTLS 存在类似 goto fail 的漏洞 - 开源中国社区 ...... goto fail 真的是無心之過嗎？ ....</title>
    <id>tag:plurk.com;davelin;1196694842</id>
    <updated>2014-03-05T01:06:44Z</updated>
    <published>2014-03-05T01:06:44Z</published>
    <link href="/p/jshbne" />
    <author>
      <name>davelin</name>
    </author>
    <content type="html">ckhung0 轉噗 davelin 說 &lt;a href="http://arstechnica.com/security/2014/03/critical-crypto-bug-leaves-linux-hundreds-of-apps-open-to-eavesdropping/" class="ex_link" rel="nofollow"&gt;Critical crypto bug leaves Linux, hundreds of apps open to eavesd...&lt;/a&gt;  &lt;br /&gt;&lt;a href="http://www.oschina.net/news/49429/gnutls-falls-foul-of-ssl-certificate-verification-issues" class="ex_link" rel="nofollow"&gt;红帽发现 GnuTLS 存在类似 goto fail 的漏洞 - 开源中国社区&lt;/a&gt;    ...... goto fail 真的是無心之過嗎？ ....</content>
  </entry>
  <entry xml:base="http://www.plurk.com/user/ckhung0.xml">
    <title type="text">ckhung0 分享 繼印表機禁換副廠墨水之後， 咖啡機也來 DRM 了： 只能冲自家咖啡 - 咖啡机也开始使用数字版权技术_cnBeta 硬件新闻_cnBeta.COM 原始出處： Keurig 2.0 Will Lock Out Unlicensed Coffee Pods And Potential Com... 提醒： 馬總統硬要推的 TPP， 內含 TPM 條款， 會保護這種劣質公司、 以法律保障它綁架消費者的惡行。</title>
    <id>tag:plurk.com;ckhung0;1196540631</id>
    <updated>2014-03-04T07:27:09Z</updated>
    <published>2014-03-04T07:27:09Z</published>
    <link href="/p/jse0nr" />
    <author>
      <name>ckhung0</name>
    </author>
    <content type="html">ckhung0 分享 繼印表機禁換副廠墨水之後， 咖啡機也來 DRM 了： &lt;a href="http://t.co/1f9nDkrgOe" class="ex_link" rel="nofollow"&gt;只能冲自家咖啡 - 咖啡机也开始使用数字版权技术_cnBeta 硬件新闻_cnBeta.COM&lt;/a&gt; 原始出處： &lt;a href="http://t.co/PrfkRAO1uq" class="ex_link" rel="nofollow"&gt;Keurig 2.0 Will Lock Out Unlicensed Coffee Pods And Potential Com...&lt;/a&gt; 提醒： 馬總統硬要推的 TPP， 內含 TPM 條款， 會保護這種劣質公司、 以法律保障它綁架消費者的惡行。</content>
  </entry>
</feed>
