<?xml version="1.0" encoding="utf-8"?>
<feed xmlns="http://www.w3.org/2005/Atom">
  <title type="text">ckhung0</title>
  <id>http://www.plurk.com/user/ckhung0.xml</id>
  <updated>2014-03-28T00:58:14Z</updated>
  <link href="http://www.plurk.com/" />
  <link href="http://www.plurk.com/user/ckhung0.xml" rel="self" />
  <generator>Werkzeug</generator>
  <entry xml:base="http://www.plurk.com/user/ckhung0.xml">
    <title type="text">ckhung0 分享 依索比亞的資通悲歌： 政經落後，但政府監控能力超強大。 硬體設備由中興通訊ZTE佈建，可以一鍵監聽民眾電話、網路敏感字詞過濾、並且與中國先進的防火長城技術同步升級(例如最近TOR開始被封鎖)、面對群眾和平抗議時切斷通訊網路... 而美國的 反恐維安劇場 及 歐洲竊聽技術 火上加油。</title>
    <id>tag:plurk.com;ckhung0;1201353545</id>
    <updated>2014-03-28T00:58:14Z</updated>
    <published>2014-03-28T00:58:14Z</published>
    <link href="/p/jv96bt" />
    <author>
      <name>ckhung0</name>
    </author>
    <content type="html">ckhung0 分享 &lt;a href="http://t.co/KJ2dtr9gQv" class="ex_link" rel="nofollow"&gt;依索比亞的資通悲歌&lt;/a&gt;： 政經落後，但政府監控能力超強大。 硬體設備由中興通訊ZTE佈建，可以一鍵監聽民眾電話、網路敏感字詞過濾、並且與中國先進的防火長城技術同步升級(例如最近TOR開始被封鎖)、面對群眾和平抗議時切斷通訊網路... 而美國的 &lt;a href="http://0rz.tw/oWwJN" class="ex_link" rel="nofollow"&gt;反恐維安劇場&lt;/a&gt; 及 &lt;a href="http://0rz.tw/GlHFg" class="ex_link" rel="nofollow"&gt;歐洲竊聽技術&lt;/a&gt; 火上加油。</content>
  </entry>
  <entry xml:base="http://www.plurk.com/user/ckhung0.xml">
    <title type="text">ckhung0 分享 林崇熙教授:『一個首謀者在「暴動」前幾個小時還在七十公里外的學術研討會上發表論文，應該是人類文明「暴動」史上的奇蹟吧！ 整個 318 學運過程中，國民黨政府不斷地抹黑學生們是「暴民」。 ... 如果權力者還以過往藍綠惡鬥、媒體抹黑、派系分贓等傳統手法來看待新世代，表示權力者遠遠落後於時代。』 &amp;lt;&amp;lt;聲明&amp;gt;&amp;gt;:台灣科技與社會研究學會對進入行政院運動「首謀」一事嚴正聲明 | 台灣科技與社會研究學會</title>
    <id>tag:plurk.com;ckhung0;1201276213</id>
    <updated>2014-03-27T14:29:55Z</updated>
    <published>2014-03-27T14:29:55Z</published>
    <link href="/p/jv7inp" />
    <author>
      <name>ckhung0</name>
    </author>
    <content type="html">ckhung0 分享 林崇熙教授:『一個首謀者在「暴動」前幾個小時還在七十公里外的學術研討會上發表論文，應該是人類文明「暴動」史上的奇蹟吧！ 整個 318 學運過程中，國民黨政府不斷地抹黑學生們是「暴民」。 ... 如果權力者還以過往藍綠惡鬥、媒體抹黑、派系分贓等傳統手法來看待新世代，表示權力者遠遠落後於時代。』 &lt;a href="http://www.tw-sts.org/node/214" class="ex_link" rel="nofollow"&gt;&amp;lt;&amp;lt;聲明&amp;gt;&amp;gt;:台灣科技與社會研究學會對進入行政院運動「首謀」一事嚴正聲明 | 台灣科技與社會研究學會&lt;/a&gt;</content>
  </entry>
  <entry xml:base="http://www.plurk.com/user/ckhung0.xml">
    <title type="text">ckhung0 轉噗 dicot0306 說 好個打臉文：繼續用江教授的話來打江院長的臉。</title>
    <id>tag:plurk.com;dicot0306;1201182639</id>
    <updated>2014-03-27T04:57:23Z</updated>
    <published>2014-03-27T04:57:23Z</published>
    <link href="/p/jv5igf" />
    <author>
      <name>dicot0306</name>
    </author>
    <content type="html">ckhung0 轉噗 dicot0306 說 好個打臉文：繼續用江教授的話來打江院長的臉。&lt;br /&gt;&lt;a href="http://images.plurk.com/1CNlJDMh58sNgTG7qCT7BV.jpg" class="ex_link pictureservices"&gt;&lt;img src="http://images.plurk.com/tx_1CNlJDMh58sNgTG7qCT7BV.gif" height="48" /&gt;&lt;/a&gt;</content>
  </entry>
  <entry xml:base="http://www.plurk.com/user/ckhung0.xml">
    <title type="text">ckhung0 轉噗 davelin 說 IMHO, 黑貘來說: 服貿媒體分眾媒體的光譜分析 + 服貿媒體光譜圖 分析中有youtbue, 沒有 facebook?</title>
    <id>tag:plurk.com;davelin;1201143250</id>
    <updated>2014-03-27T00:03:12Z</updated>
    <published>2014-03-27T00:03:12Z</published>
    <link href="/p/jv4o2a" />
    <author>
      <name>davelin</name>
    </author>
    <content type="html">ckhung0 轉噗 davelin 說 &lt;a href="http://gene.speaking.tw/2014/03/tvbs-tvbs-10-1129.html" class="ex_link" rel="nofollow"&gt;IMHO, 黑貘來說: 服貿媒體分眾媒體的光譜分析&lt;/a&gt; + &lt;a href="http://ecfa.speaking.tw/medib.php" class="ex_link" rel="nofollow"&gt;服貿媒體光譜圖&lt;/a&gt;  &lt;br /&gt;分析中有youtbue, 沒有 facebook?</content>
  </entry>
  <entry xml:base="http://www.plurk.com/user/ckhung0.xml">
    <title type="text">ckhung0 分享 成大電機李忠憲教授談服貿第二類電信開放三項特殊業務 「我管機房的時候, 要求同仁不可以偷看, 所有成大教職員工的電子郵件紀錄, 不可以監視任何 IP 的上網紀錄, 機房不能讓外人進入, 維修廠商要同仁陪同監督, 想想看, 如果這個”我”是敵人, 國家會有多慘!..現在不站出來, 以後站不出來!」</title>
    <id>tag:plurk.com;ckhung0;1200851296</id>
    <updated>2014-03-25T13:49:50Z</updated>
    <published>2014-03-25T13:49:50Z</published>
    <link href="/p/juyesg" />
    <author>
      <name>ckhung0</name>
    </author>
    <content type="html">ckhung0 分享 &lt;a href="https://www.facebook.com/jslipfhf/posts/506153572829526" class="ex_link" rel="nofollow"&gt;成大電機李忠憲教授談服貿第二類電信開放三項特殊業務&lt;/a&gt; 「我管機房的時候, 要求同仁不可以偷看, 所有成大教職員工的電子郵件紀錄, 不可以監視任何 IP 的上網紀錄, 機房不能讓外人進入, 維修廠商要同仁陪同監督, 想想看, 如果這個”我”是敵人, 國家會有多慘!..現在不站出來, 以後站不出來!」</content>
  </entry>
  <entry xml:base="http://www.plurk.com/user/ckhung0.xml">
    <title type="text">ckhung0 轉噗 apacheootw 分享 [活動] [請協助轉噗]明天(3/26)就是我們的文件自由日，晚上六點半在蛙蛙書店二樓（台北市大安區八德路二段3號2樓），依瑪貓將分享「從doc、docx、odt到Google Docs」，不要忘記囉！大家明天見！ ^_^2014文件自由日台北場</title>
    <id>tag:plurk.com;apacheootw;1200794642</id>
    <updated>2014-03-25T08:25:21Z</updated>
    <published>2014-03-25T08:25:21Z</published>
    <link href="/p/jux72q" />
    <author>
      <name>apacheootw</name>
    </author>
    <content type="html">ckhung0 轉噗 apacheootw 分享 [活動] [請協助轉噗]&lt;br /&gt;明天(3/26)就是我們的文件自由日，晚上六點半在蛙蛙書店二樓（台北市大安區八德路二段3號2樓），依瑪貓將分享「從doc、docx、odt到Google Docs」，不要忘記囉！大家明天見！ ^_^&lt;br /&gt;&lt;a href="http://imacat.kktix.cc/events/dfd2014" class="ex_link meta" rel="nofollow"&gt;&lt;img src="https://s3-ap-northeast-1.amazonaws.com/kkbox-registrano/upload_images/32593/dfd2014_original.png" height="40px" /&gt;2014文件自由日台北場&lt;/a&gt;</content>
  </entry>
  <entry xml:base="http://www.plurk.com/user/ckhung0.xml">
    <title type="text">ckhung0 轉噗 weicomic 說 這張真不錯出處黑秀網 HeyShow.com - 台灣設計師入口網站，設計人與設計創意作品大本營！ &amp;gt; 設計畫廊 &amp;gt; 言忍巾貞工作室...</title>
    <id>tag:plurk.com;weicomic;1200770643</id>
    <updated>2014-03-25T05:38:28Z</updated>
    <published>2014-03-25T05:38:28Z</published>
    <link href="/p/juwok3" />
    <author>
      <name>weicomic</name>
    </author>
    <content type="html">ckhung0 轉噗 weicomic 說 這張真不錯&lt;a href="http://www.heyshow.com/users/goworker/Image82.jpg" class="ex_link pictureservices" rel="nofollow"&gt;&lt;img src="http://www.heyshow.com/users/goworker/Image82.jpg" height="48" /&gt;&lt;/a&gt;&lt;br /&gt;出處&lt;br /&gt;&lt;a href="http://www.heyshow.com/browsing/13874/works/1CEECA25-D4AF-4544-A47B-F988229B1422/" class="ex_link" rel="nofollow"&gt;黑秀網 HeyShow.com - 台灣設計師入口網站，設計人與設計創意作品大本營！ &amp;gt; 設計畫廊 &amp;gt; 言忍巾貞工作室...&lt;/a&gt;</content>
  </entry>
  <entry xml:base="http://www.plurk.com/user/ckhung0.xml">
    <title type="text">ckhung0 轉噗 Takahashi_65 #犬儒主義有一句話講的真好「台灣人的死穴就是，可以接受有禮貌、合乎法律的方式去做壞事，卻不能接受沒有禮貌、有違反法律之疑慮的方式去做正確的事情」</title>
    <id>tag:plurk.com;Takahashi_65;1200592242</id>
    <updated>2014-03-24T09:25:21Z</updated>
    <published>2014-03-24T09:25:21Z</published>
    <link href="/p/jusuwi" />
    <author>
      <name>Takahashi_65</name>
    </author>
    <content type="html">ckhung0 轉噗 Takahashi_65 #犬儒主義&lt;br /&gt;有一句話講的真好「台灣人的死穴就是，可以接受有禮貌、合乎法律的方式去做壞事，卻不能接受沒有禮貌、有違反法律之疑慮的方式去做正確的事情」</content>
  </entry>
  <entry xml:base="http://www.plurk.com/user/ckhung0.xml">
    <title type="text">ckhung0 轉噗 gregsclass 說 中興大學 #資訊社會 課程緊急通知： 今天小考暫時取消， 再延一週。 今天上課不點名 (但是列入未來考試內容)。 本週上課內容臨時更改為： 智財相關的黑箱惡法。 (含TPP) 與服貿沒有直接關係； 只是揭露政府在其他方面洗腦愚民的惡行。 請邀請其他班級沒課的同學來旁聽。 (15:10-17:00 雲平樓地下室B25)</title>
    <id>tag:plurk.com;gregsclass;1200538852</id>
    <updated>2014-03-24T03:21:08Z</updated>
    <published>2014-03-24T03:21:08Z</published>
    <link href="/p/jurppg" />
    <author>
      <name>gregsclass</name>
    </author>
    <content type="html">ckhung0 轉噗 gregsclass 說 中興大學 #資訊社會 課程緊急通知： 今天小考暫時取消， 再延一週。 今天上課不點名 (但是列入未來考試內容)。 本週上課內容臨時更改為： &lt;a href="http://user.frdm.info/ckhung/mm/ip-laws.svg" class="ex_link" rel="nofollow"&gt;智財相關的黑箱惡法&lt;/a&gt;。 (含TPP) 與服貿沒有直接關係； 只是揭露政府在其他方面洗腦愚民的惡行。 請邀請其他班級沒課的同學來旁聽。 (15:10-17:00 雲平樓地下室B25)</content>
  </entry>
  <entry xml:base="http://www.plurk.com/user/ckhung0.xml">
    <title type="text">ckhung0 分享 #資訊社會 「台大學生會發聲明表示... 政府當局非但沒有正面回應群眾訴求，反而採取過當手段以武力攻擊學生、進行暴力鎮壓..」 台大學生會譴責警政暴力 籲自主罷課！20餘校連署 | NOWnews 今日新聞</title>
    <id>tag:plurk.com;ckhung0;1200537921</id>
    <updated>2014-03-24T03:14:55Z</updated>
    <published>2014-03-24T03:14:55Z</published>
    <link href="/p/jurozl" />
    <author>
      <name>ckhung0</name>
    </author>
    <content type="html">ckhung0 分享 #資訊社會 「台大學生會發聲明表示... 政府當局非但沒有正面回應群眾訴求，反而採取過當手段以武力攻擊學生、進行暴力鎮壓..」 &lt;a href="http://www.nownews.com/n/2014/03/24/1162020" class="ex_link meta" rel="nofollow"&gt;&lt;img src="http://imgapi.nownews.com/?w=640&amp;amp;q=80&amp;amp;v=1395570547200&amp;amp;src=http%3A%2F%2Fs.nownews.com%2F0d%2F9b%2F0d9be1641c2027b4e9948a7e3bb372ba.jpg" height="40px" /&gt;台大學生會譴責警政暴力　籲自主罷課！20餘校連署 | NOWnews 今日新聞&lt;/a&gt;</content>
  </entry>
  <entry xml:base="http://www.plurk.com/user/ckhung0.xml">
    <title type="text">ckhung0 覺得 此時其他警察應該勇敢集體 曠職 (p.29) 被記過才是 良知及榮譽 的表現! 警察對醫師施暴、 [蘋果日報] 這位學生表示，警方就整個亂打，他至少被打10幾棍，他流淚說，這個國家被逼到「人民和人民相殘... [遭毆者其父亦警]、 [沉默潛艦] - - - - - - [許多現場相片] 2014 03 24 the police beat unarmed people(Taiwan</title>
    <id>tag:plurk.com;ckhung0;1200514452</id>
    <updated>2014-03-24T00:36:08Z</updated>
    <published>2014-03-24T00:36:08Z</published>
    <link href="/p/jur6vo" />
    <author>
      <name>ckhung0</name>
    </author>
    <content type="html">ckhung0 覺得 此時其他警察應該勇敢集體 &lt;a href="http://0rz.tw/vn7gP" class="ex_link" rel="nofollow"&gt;曠職&lt;/a&gt; (p.29) 被記過才是 &lt;b&gt;良知及榮譽&lt;/b&gt; 的表現! &lt;a href="http://0rz.tw/IqfX1" class="ex_link" rel="nofollow"&gt;警察對醫師施暴&lt;/a&gt;、 &lt;a href="http://www.plurk.com/p/juqkqc" class="ex_link plink meta"&gt;&lt;img src="http://tw.img.nextmedia.com/appledaily/images/fb_sharelogo.jpg" height="48" /&gt;[蘋果日報] 這位學生表示，警方就整個亂打，他至少被打10幾棍，他流淚說，這個國家被逼到「人民和人民相殘...&lt;/a&gt; [遭毆者其父亦警]、 &lt;a href="http://www.plurk.com/p/jur8kz" class="ex_link plink meta"&gt;&lt;img src="http://twimg.edgesuite.net/images/ReNews/20140324/640_8c4c3aeca602049d7471cf57957f3997.jpg" height="48" /&gt;[沉默潛艦] -     -     -     -     -     -&lt;/a&gt; [許多現場相片] &lt;a href="https://www.youtube.com/watch?v=6GL64LTyuVY" class="ogvideo meta" rel="nofollow"&gt;&lt;img src="http://i1.ytimg.com/vi/6GL64LTyuVY/hqdefault.jpg" data-video="http://www.youtube.com/embed/6GL64LTyuVY?feature=oembed" data-width="459" data-height="344" height="40px" /&gt;2014 03 24 the police beat unarmed people(Taiwan&lt;/a&gt;</content>
  </entry>
  <entry xml:base="http://www.plurk.com/user/ckhung0.xml">
    <title type="text">ckhung0 轉噗 blue07452 分享 #幫忙擴散轉]請在抗爭的大家快聯絡在行政院的僑生或外籍生好友，在行政院被逮到會被遣返回國！！！！這不是在開玩笑，我的學長在第一陣線。他剛才在現場得知這個消息。我不在乎你們是否支持這個行動，我現在只在乎信任臺灣而來這裡就學的所有人！拜託快讓他們離開行政院！！！遣返依據</title>
    <id>tag:plurk.com;blue07452;1200453341</id>
    <updated>2014-03-23T16:00:36Z</updated>
    <published>2014-03-23T16:00:36Z</published>
    <link href="/p/jupvq5" />
    <author>
      <name>blue07452</name>
    </author>
    <content type="html">ckhung0 轉噗 blue07452 分享 #幫忙擴散&lt;br /&gt;轉]請在抗爭的大家快聯絡在行政院的&lt;br /&gt;&lt;b&gt;僑生或外籍生好友，&lt;/b&gt;&lt;br /&gt;&lt;b&gt;在行政院被逮到會被遣返回國！！！！&lt;/b&gt;&lt;br /&gt;這不是在開玩笑，我的學長在第一陣線。他剛才在現場得知這個消息。我不在乎你們是否支持這個行動，我現在只在乎信任臺灣而來這裡就學的所有人！&lt;br /&gt;&lt;b&gt;拜託快讓他們離開行政院！！！&lt;/b&gt;&lt;a href="http://paste.plurk.com/show/gVkCzoDYV4Fj151NVBSk/" class="plurkpaste ex_link"&gt;遣返依據&lt;/a&gt;</content>
  </entry>
  <entry xml:base="http://www.plurk.com/user/ckhung0.xml">
    <title type="text">ckhung0 需要 河道上看到好多服貿相關好文/漫畫/攻佔詳情/... 拜求一個靜態網址專門蒐集 「服貿」 相關連結。 我對反服貿的比較有興趣； 收雙方也可。 不要那種「會隨時間消失的網址或需要臉書登入或藏在動態 javascript 裡面」的網址。 就只想要簡單一堆連結放在 html 網頁裡面、 視障者可以用文字瀏覽器看的網址。 最重要的是： 可以被 wayback machine 收錄的網址。 (值得學歷史的人重視的事。)</title>
    <id>tag:plurk.com;ckhung0;1200403805</id>
    <updated>2014-03-23T12:40:39Z</updated>
    <published>2014-03-23T12:40:39Z</published>
    <link href="/p/juoti5" />
    <author>
      <name>ckhung0</name>
    </author>
    <content type="html">ckhung0 需要 河道上看到好多服貿相關好文/漫畫/攻佔詳情/... 拜求一個靜態網址專門蒐集 「服貿」 相關連結。 我對反服貿的比較有興趣； 收雙方也可。 不要那種「會隨時間消失的網址或需要臉書登入或藏在動態 javascript 裡面」的網址。 就只想要簡單一堆連結放在 html 網頁裡面、 視障者可以用文字瀏覽器看的網址。 最重要的是： 可以被 wayback machine 收錄的網址。 (值得學歷史的人重視的事。)</content>
  </entry>
  <entry xml:base="http://www.plurk.com/user/ckhung0.xml">
    <title type="text">ckhung0 轉噗 briian 說 畫漫畫&amp;#65294;話漫畫: [畫] 真是不懂事</title>
    <id>tag:plurk.com;briian;1199978179</id>
    <updated>2014-03-21T07:18:57Z</updated>
    <published>2014-03-21T07:18:57Z</published>
    <link href="/p/jufp37" />
    <author>
      <name>briian</name>
    </author>
    <content type="html">ckhung0 轉噗 briian 說 &lt;a href="http://angatou.blogspot.tw/2014/03/blog-post_21.html" class="ex_link meta" rel="nofollow"&gt;&lt;img src="http://2.bp.blogspot.com/-i4SQlIFO118/UyvHpfK3cUI/AAAAAAAAOQM/lp9yGnnhE8I/s1600/20140321_you_losers.png" height="40px" /&gt;畫漫畫&amp;#65294;話漫畫: [畫] 真是不懂事&lt;/a&gt; &lt;a href="http://images.plurk.com/3F82NtC38XBzct4ic36ePd.jpg" class="ex_link pictureservices"&gt;&lt;img src="http://images.plurk.com/tx_3F82NtC38XBzct4ic36ePd.gif" height="48" /&gt;&lt;/a&gt;</content>
  </entry>
  <entry xml:base="http://www.plurk.com/user/ckhung0.xml">
    <title type="text">ckhung0 轉噗 aboutfish 佔領立法院已經傳到冰島、波士尼亞、秘魯等等等地方 | 台灣好生活電子報</title>
    <id>tag:plurk.com;aboutfish;1199964269</id>
    <updated>2014-03-21T05:40:04Z</updated>
    <published>2014-03-21T05:40:04Z</published>
    <link href="/p/jufect" />
    <author>
      <name>aboutfish</name>
    </author>
    <content type="html">ckhung0 轉噗 aboutfish &lt;a href="http://www.taiwangoodlife.org/storylink/20140321/5583#.UyvQo8fhZG4.plurk" class="ex_link" rel="nofollow"&gt;佔領立法院已經傳到冰島、波士尼亞、秘魯等等等地方 | 台灣好生活電子報&lt;/a&gt; &lt;a href="http://www.taiwangoodlife.org/files/imagecache/story_600_450/storyimage/20140321media.jpg" class="ex_link pictureservices" rel="nofollow"&gt;&lt;img src="http://www.taiwangoodlife.org/files/imagecache/story_600_450/storyimage/20140321media.jpg" height="48" /&gt;&lt;/a&gt;</content>
  </entry>
  <entry xml:base="http://www.plurk.com/user/ckhung0.xml">
    <title type="text">ckhung0 replurks cyuanXD 三秒搞懂服貿老師:大雄，你本來有30元，胖虎再給妳70元，這樣你總共有幾元?大雄:0元老師:你根本不懂數學!!大雄:你根本不懂胖虎....from</title>
    <id>tag:plurk.com;cyuanXD;1199851213</id>
    <updated>2014-03-20T14:49:18Z</updated>
    <published>2014-03-20T14:49:18Z</published>
    <link href="/p/jucz4d" />
    <author>
      <name>cyuanXD</name>
    </author>
    <content type="html">ckhung0 replurks cyuanXD 三秒搞懂服貿&lt;br /&gt;老師:大雄，你本來有30元，胖虎再給妳70元，這樣你總共有幾元?&lt;br /&gt;大雄:0元&lt;br /&gt;老師:你根本不懂數學!!&lt;br /&gt;大雄:你根本不懂胖虎....&lt;br /&gt;&lt;a href="http://a.bbi.com.tw/Gossiping/1JAiDp-i.html" class="ex_link" rel="nofollow"&gt;from&lt;/a&gt;</content>
  </entry>
  <entry xml:base="http://www.plurk.com/user/ckhung0.xml">
    <title type="text">ckhung0 轉噗 sakura26eq [服貿]出版界反服貿的理由：服貿雖然目標是自由貿易，但是因為對象是中國，所以反成了不平等條約 - 中國嚴格的資訊管制與政治，將會導致台灣的出版品難以進入中國，而中國的超大型巨人出版社卻能挾龐大資金對台灣市場做強力的蓋台宣傳，而沒有任何的限制可做。這將對台灣現有的出版界造成極不平等的處境與重創</title>
    <id>tag:plurk.com;sakura26eq;1199835128</id>
    <updated>2014-03-20T13:40:28Z</updated>
    <published>2014-03-20T13:40:28Z</published>
    <link href="/p/jucmpk" />
    <author>
      <name>sakura26eq</name>
    </author>
    <content type="html">ckhung0 轉噗 sakura26eq [服貿]出版界反服貿的理由：服貿雖然目標是自由貿易，但是因為對象是中國，所以反成了不平等條約 - 中國嚴格的資訊管制與政治，將會導致台灣的出版品難以進入中國，而中國的超大型&lt;strike&gt;巨人&lt;/strike&gt;出版社卻能挾龐大資金對台灣市場做強力的&lt;strike&gt;蓋台&lt;/strike&gt;宣傳，而沒有任何的限制可做。這將對台灣現有的出版界造成極不平等的處境與重創</content>
  </entry>
  <entry xml:base="http://www.plurk.com/user/ckhung0.xml">
    <title type="text">ckhung0 轉噗 briian 說 批踢踢實業坊 馬英九不讓立法院實質審查服貿的原因:1.中國工商銀行要入股永豐銀行，期限定在3月底，逐條審查來不及。2.服貿通過後，中國假投資真移民的漏洞，剛好配合台灣建商炒房，建商立委張慶忠何樂不為。3.中國深怕兩岸關係成為國與國關係，所以施壓馬政府，服貿不應該比照國際條約、協定讓立法院審查。</title>
    <id>tag:plurk.com;briian;1199532006</id>
    <updated>2014-03-19T04:16:32Z</updated>
    <published>2014-03-19T04:16:32Z</published>
    <link href="/p/ju64ti" />
    <author>
      <name>briian</name>
    </author>
    <content type="html">ckhung0 轉噗 briian 說 &lt;a href="http://www.ptt.cc/bbs/Gossiping/M.1395175080.A.9D7.html" class="ex_link" rel="nofollow"&gt;批踢踢實業坊&lt;/a&gt; &lt;br /&gt;馬英九不讓立法院實質審查服貿的原因:&lt;br /&gt;1.中國工商銀行要入股永豐銀行，期限定在3月底，逐條審查來不及。&lt;br /&gt;2.服貿通過後，中國假投資真移民的漏洞，剛好配合台灣建商炒房，&lt;br /&gt;建商立委張慶忠何樂不為。&lt;br /&gt;3.中國深怕兩岸關係成為國與國關係，所以施壓馬政府，服貿不應該比&lt;br /&gt;照國際條約、協定讓立法院審查。</content>
  </entry>
  <entry xml:base="http://www.plurk.com/user/ckhung0.xml">
    <title type="text">ckhung0 分享 既然 [Dave] - 都說機器人會搶人類工作，現在獵殺名單出來了 + - 機器人大軍來襲，至少70%... 乾脆 [不來恩] 根本不要去猜測「當紅產業」這檔事，那定義是抽象的，暫時的，... 不如直接 [Dave] - - [哲思漫筆] 不考慮收入，你真正想做的是什麼？</title>
    <id>tag:plurk.com;ckhung0;1199180759</id>
    <updated>2014-03-17T12:26:39Z</updated>
    <published>2014-03-17T12:26:39Z</published>
    <link href="/p/jtylsn" />
    <author>
      <name>ckhung0</name>
    </author>
    <content type="html">ckhung0 分享 &lt;b&gt;既然&lt;/b&gt; &lt;a href="http://www.plurk.com/p/jtxgeo" class="ex_link plink meta"&gt;&lt;img src="http://farm8.staticflickr.com/7140/7633582868_d0279a2a9e_z.jpg" height="48" /&gt;[Dave] -  都說機器人會搶人類工作，現在獵殺名單出來了  +  -  機器人大軍來襲，至少70%...&lt;/a&gt; &lt;b&gt;乾脆&lt;/b&gt; &lt;a href="http://www.plurk.com/p/jty0kp" class="ex_link plink"&gt;[不來恩] 根本不要去猜測「當紅產業」這檔事，那定義是抽象的，暫時的，...&lt;/a&gt; &lt;b&gt;不如直接&lt;/b&gt; &lt;a href="http://www.plurk.com/p/jtxwy5" class="ex_link plink meta"&gt;&lt;img src="http://img.chinsin.com/a/1394972108x27370106.jpg" height="48" /&gt;[Dave] -     - [哲思漫筆] 不考慮收入，你真正想做的是什麼？&lt;/a&gt;</content>
  </entry>
  <entry xml:base="http://www.plurk.com/user/ckhung0.xml">
    <title type="text">ckhung0 轉噗 davelin 說 ReF 感謝各大媒體多次引用零時政府 pm2.5 空氣污染圖！我們換了一個好記的網址： env.g0v.tw , 同時也加上了新功能：游標移到測站會顯示過去 24 小時的變化圖。（咦，苗栗今天怎麼了？中午 pm2.5 開始飆高） --- 推 零時政府!</title>
    <id>tag:plurk.com;davelin;1199077249</id>
    <updated>2014-03-17T00:16:58Z</updated>
    <published>2014-03-17T00:16:58Z</published>
    <link href="/p/jtwdxd" />
    <author>
      <name>davelin</name>
    </author>
    <content type="html">ckhung0 轉噗 davelin 說 ReF &lt;a href="https://fbcdn-sphotos-e-a.akamaihd.net/hphotos-ak-ash3/t31/1891468_687872294587393_1831513917_o.png" class="ex_link pictureservices" rel="nofollow"&gt;&lt;img src="https://fbcdn-sphotos-e-a.akamaihd.net/hphotos-ak-ash3/t31/1891468_687872294587393_1831513917_o.png" height="48" /&gt;&lt;/a&gt;  感謝各大媒體多次引用零時政府 pm2.5 空氣污染圖！我們換了一個好記的網址： &lt;a href="http://env.g0v.tw" class="ex_link" rel="nofollow"&gt;env.g0v.tw&lt;/a&gt; , 同時也加上了新功能：游標移到測站會顯示過去 24 小時的變化圖。（咦，苗栗今天怎麼了？中午 pm2.5 開始飆高） --- 推 零時政府!</content>
  </entry>
</feed>
