<?xml version="1.0" encoding="utf-8"?>
<feed xmlns="http://www.w3.org/2005/Atom">
  <title type="text">ckhung0</title>
  <id>http://www.plurk.com/user/ckhung0.xml</id>
  <updated>2014-04-02T06:25:46Z</updated>
  <link href="http://www.plurk.com/" />
  <link href="http://www.plurk.com/user/ckhung0.xml" rel="self" />
  <generator>Werkzeug</generator>
  <entry xml:base="http://www.plurk.com/user/ckhung0.xml">
    <title type="text">ckhung0 轉噗 lunaseacomicer 說 [爆卦] 為何服貿協議不能修改 [節錄]結果她(賴幸媛)脫口而出，中國不肯啊！為什麼？因為中國不承認台灣是一個國家，所以台灣不可以有國會，如果兩岸的協議在國會逐條審查，只要被修改了一個字也就證明了台灣有國會有存在，這是不可以的事情。為何服貿協議不能修改?自由電子報 即時新聞</title>
    <id>tag:plurk.com;lunaseacomicer;1202410799</id>
    <updated>2014-04-02T06:25:46Z</updated>
    <published>2014-04-02T06:25:46Z</published>
    <link href="/p/jvvu3z" />
    <author>
      <name>lunaseacomicer</name>
    </author>
    <content type="html">ckhung0 轉噗 lunaseacomicer 說 &lt;a href="http://www.ptt.cc/bbs/Gossiping/M.1396418394.A.C02.html" class="ex_link" rel="nofollow"&gt;[爆卦] 為何服貿協議不能修改&lt;/a&gt; &lt;br /&gt;[節錄]結果她(賴幸媛)脫口而出，中國不肯啊！為什麼？&lt;b&gt;因為中國不承認台灣是一個國家，所以台灣不可以有國會，如果兩岸的協議在國會逐條審查，只要被修改了一個字也就證明了台灣有國會有存在，這是不可以的事情。&lt;/b&gt;&lt;br /&gt;&lt;a href="https://www.youtube.com/watch?v=FJaZSO7Ww8g" class="ogvideo meta" rel="nofollow"&gt;&lt;img src="http://i1.ytimg.com/vi/FJaZSO7Ww8g/hqdefault.jpg" data-video="http://www.youtube.com/embed/FJaZSO7Ww8g?feature=oembed" data-width="459" data-height="344" height="40px" /&gt;為何服貿協議不能修改?&lt;/a&gt;&lt;a href="http://iservice.libertytimes.com.tw/liveNews" class="ex_link meta" rel="nofollow"&gt;&lt;img src="http://www.libertytimes.com.tw/images/backimg90.gif?1" height="40px" /&gt;自由電子報 即時新聞&lt;/a&gt;</content>
  </entry>
  <entry xml:base="http://www.plurk.com/user/ckhung0.xml">
    <title type="text">ckhung0 轉噗 davelin 說 Fw: [新聞] 讀者文摘如何變成中國走狗...轉自PTT-book板 讀者文摘英文本也沒在中國上市，但中國的檢查制度的 黑手同樣伸進來。</title>
    <id>tag:plurk.com;davelin;1202368824</id>
    <updated>2014-04-02T01:27:51Z</updated>
    <published>2014-04-02T01:27:51Z</published>
    <link href="/p/jvuxq0" />
    <author>
      <name>davelin</name>
    </author>
    <content type="html">ckhung0 轉噗 davelin 說 &lt;a href="http://a.bbi.com.tw/book/1JEcfce7.html" class="ex_link meta" rel="nofollow"&gt;&lt;img src="http://a.bbi.com.tw/__imgs/pcman-bbi-article.png" height="40px" /&gt;Fw: [新聞] 讀者文摘如何變成中國走狗...轉自PTT-book板&lt;/a&gt; 讀者文摘英文本也沒在中國上市，但中國的檢查制度的 黑手同樣伸進來。</content>
  </entry>
  <entry xml:base="http://www.plurk.com/user/ckhung0.xml">
    <title type="text">ckhung0 轉噗 davelin 說 從政界到商界 英美完全監控德國 | 國際 | 新聞 | 風傳媒 德國《明鏡》（Der Spiegel）雜誌根據NSA前僱員史諾登（Edward Snowden）提供的機密文件披露，英美兩國早就對德國發動經濟間諜戰，德國的多家網路通訊服務公司已被GCHQ滲透，</title>
    <id>tag:plurk.com;davelin;1201974603</id>
    <updated>2014-03-31T05:20:54Z</updated>
    <published>2014-03-31T05:20:54Z</published>
    <link href="/p/jvmhjf" />
    <author>
      <name>davelin</name>
    </author>
    <content type="html">ckhung0 轉噗 davelin 說 &lt;a href="http://www.stormmediagroup.com/opencms/news/detail/993820ff-b7db-11e3-82ad-ef2804cba5a1/?uuid=993820ff-b7db-11e3-82ad-ef2804cba5a1" class="ex_link meta" rel="nofollow"&gt;&lt;img src="http://www.stormmediagroup.com/export/sites/stormmedia/InternationalPicUnpublish/201403/2014033013-01-Britain-Cyber-Challen_Yen-1.jpg_2060820370.jpg" height="40px" /&gt;從政界到商界 英美完全監控德國 | 國際 | 新聞 | 風傳媒&lt;/a&gt; 德國《明鏡》（Der Spiegel）雜誌根據NSA前僱員史諾登（Edward Snowden）提供的機密文件披露，英美兩國早就對德國發動經濟間諜戰，德國的多家網路通訊服務公司已被GCHQ滲透，</content>
  </entry>
  <entry xml:base="http://www.plurk.com/user/ckhung0.xml">
    <title type="text">ckhung0 轉噗 davelin 說 資訊人權貴ㄓ疑: 透過服貿販售臺灣言論與上網自由的兩種方法 強者我網友下評: 服貿這不是經濟問題，是政治問題</title>
    <id>tag:plurk.com;davelin;1201948095</id>
    <updated>2014-03-31T02:11:03Z</updated>
    <published>2014-03-31T02:11:03Z</published>
    <link href="/p/jvlx33" />
    <author>
      <name>davelin</name>
    </author>
    <content type="html">ckhung0 轉噗 davelin 說 &lt;a href="http://ckhung0.blogspot.tw/2014/03/selling-freedom.html" class="ex_link" rel="nofollow"&gt;資訊人權貴ㄓ疑: 透過服貿販售臺灣言論與上網自由的兩種方法&lt;/a&gt;  強者我網友下評: 服貿這不是經濟問題，是政治問題</content>
  </entry>
  <entry xml:base="http://www.plurk.com/user/ckhung0.xml">
    <title type="text">ckhung0 轉噗 briian 說 姚戰神！！ 再度電爆國民黨立委 7:23 開始...新聞面對面 20140330 p6 50萬人佔凱道!嗆馬英九"出來面對"!馬英九說六月不過唯你是問的時候，你怎麼不跟他說你是民意代表，不是你的投票工具，不是你的走狗！？</title>
    <id>tag:plurk.com;briian;1201946542</id>
    <updated>2014-03-31T01:59:58Z</updated>
    <published>2014-03-31T01:59:58Z</published>
    <link href="/p/jvlvvy" />
    <author>
      <name>briian</name>
    </author>
    <content type="html">ckhung0 轉噗 briian 說 姚戰神！！ 再度電爆國民黨立委   7:23 開始...&lt;br /&gt;&lt;a href="http://youtu.be/3sDurHviRo8?t=7m23s" class="ogvideo meta" rel="nofollow"&gt;&lt;img src="http://i1.ytimg.com/vi/3sDurHviRo8/hqdefault.jpg" data-video="http://www.youtube.com/embed/3sDurHviRo8?feature=oembed&amp;amp;start=443" data-width="459" data-height="344" height="40px" /&gt;新聞面對面 20140330 p6 50萬人佔凱道!嗆馬英九"出來面對"!&lt;/a&gt;馬英九說六月不過唯你是問的時候，&lt;br /&gt;你怎麼不跟他說你是民意代表，&lt;br /&gt;不是你的投票工具，不是你的走狗！？</content>
  </entry>
  <entry xml:base="http://www.plurk.com/user/ckhung0.xml">
    <title type="text">ckhung0 分享 依索比亞的資通悲歌： 政經落後，但政府監控能力超強大。 硬體設備由中興通訊ZTE佈建，可以一鍵監聽民眾電話、網路敏感字詞過濾、並且與中國先進的防火長城技術同步升級(例如最近TOR開始被封鎖)、面對群眾和平抗議時切斷通訊網路... 而美國的 反恐維安劇場 及 歐洲竊聽技術 火上加油。</title>
    <id>tag:plurk.com;ckhung0;1201353545</id>
    <updated>2014-03-28T00:58:14Z</updated>
    <published>2014-03-28T00:58:14Z</published>
    <link href="/p/jv96bt" />
    <author>
      <name>ckhung0</name>
    </author>
    <content type="html">ckhung0 分享 &lt;a href="http://t.co/KJ2dtr9gQv" class="ex_link" rel="nofollow"&gt;依索比亞的資通悲歌&lt;/a&gt;： 政經落後，但政府監控能力超強大。 硬體設備由中興通訊ZTE佈建，可以一鍵監聽民眾電話、網路敏感字詞過濾、並且與中國先進的防火長城技術同步升級(例如最近TOR開始被封鎖)、面對群眾和平抗議時切斷通訊網路... 而美國的 &lt;a href="http://0rz.tw/oWwJN" class="ex_link" rel="nofollow"&gt;反恐維安劇場&lt;/a&gt; 及 &lt;a href="http://0rz.tw/GlHFg" class="ex_link" rel="nofollow"&gt;歐洲竊聽技術&lt;/a&gt; 火上加油。</content>
  </entry>
  <entry xml:base="http://www.plurk.com/user/ckhung0.xml">
    <title type="text">ckhung0 分享 林崇熙教授:『一個首謀者在「暴動」前幾個小時還在七十公里外的學術研討會上發表論文，應該是人類文明「暴動」史上的奇蹟吧！ 整個 318 學運過程中，國民黨政府不斷地抹黑學生們是「暴民」。 ... 如果權力者還以過往藍綠惡鬥、媒體抹黑、派系分贓等傳統手法來看待新世代，表示權力者遠遠落後於時代。』 &amp;lt;&amp;lt;聲明&amp;gt;&amp;gt;:台灣科技與社會研究學會對進入行政院運動「首謀」一事嚴正聲明 | 台灣科技與社會研究學會</title>
    <id>tag:plurk.com;ckhung0;1201276213</id>
    <updated>2014-03-27T14:29:55Z</updated>
    <published>2014-03-27T14:29:55Z</published>
    <link href="/p/jv7inp" />
    <author>
      <name>ckhung0</name>
    </author>
    <content type="html">ckhung0 分享 林崇熙教授:『一個首謀者在「暴動」前幾個小時還在七十公里外的學術研討會上發表論文，應該是人類文明「暴動」史上的奇蹟吧！ 整個 318 學運過程中，國民黨政府不斷地抹黑學生們是「暴民」。 ... 如果權力者還以過往藍綠惡鬥、媒體抹黑、派系分贓等傳統手法來看待新世代，表示權力者遠遠落後於時代。』 &lt;a href="http://www.tw-sts.org/node/214" class="ex_link" rel="nofollow"&gt;&amp;lt;&amp;lt;聲明&amp;gt;&amp;gt;:台灣科技與社會研究學會對進入行政院運動「首謀」一事嚴正聲明 | 台灣科技與社會研究學會&lt;/a&gt;</content>
  </entry>
  <entry xml:base="http://www.plurk.com/user/ckhung0.xml">
    <title type="text">ckhung0 轉噗 dicot0306 說 好個打臉文：繼續用江教授的話來打江院長的臉。</title>
    <id>tag:plurk.com;dicot0306;1201182639</id>
    <updated>2014-03-27T04:57:23Z</updated>
    <published>2014-03-27T04:57:23Z</published>
    <link href="/p/jv5igf" />
    <author>
      <name>dicot0306</name>
    </author>
    <content type="html">ckhung0 轉噗 dicot0306 說 好個打臉文：繼續用江教授的話來打江院長的臉。&lt;br /&gt;&lt;a href="http://images.plurk.com/1CNlJDMh58sNgTG7qCT7BV.jpg" class="ex_link pictureservices"&gt;&lt;img src="http://images.plurk.com/tx_1CNlJDMh58sNgTG7qCT7BV.gif" height="48" /&gt;&lt;/a&gt;</content>
  </entry>
  <entry xml:base="http://www.plurk.com/user/ckhung0.xml">
    <title type="text">ckhung0 轉噗 davelin 說 IMHO, 黑貘來說: 服貿媒體分眾媒體的光譜分析 + 服貿媒體光譜圖 分析中有youtbue, 沒有 facebook?</title>
    <id>tag:plurk.com;davelin;1201143250</id>
    <updated>2014-03-27T00:03:12Z</updated>
    <published>2014-03-27T00:03:12Z</published>
    <link href="/p/jv4o2a" />
    <author>
      <name>davelin</name>
    </author>
    <content type="html">ckhung0 轉噗 davelin 說 &lt;a href="http://gene.speaking.tw/2014/03/tvbs-tvbs-10-1129.html" class="ex_link" rel="nofollow"&gt;IMHO, 黑貘來說: 服貿媒體分眾媒體的光譜分析&lt;/a&gt; + &lt;a href="http://ecfa.speaking.tw/medib.php" class="ex_link" rel="nofollow"&gt;服貿媒體光譜圖&lt;/a&gt;  &lt;br /&gt;分析中有youtbue, 沒有 facebook?</content>
  </entry>
  <entry xml:base="http://www.plurk.com/user/ckhung0.xml">
    <title type="text">ckhung0 分享 成大電機李忠憲教授談服貿第二類電信開放三項特殊業務 「我管機房的時候, 要求同仁不可以偷看, 所有成大教職員工的電子郵件紀錄, 不可以監視任何 IP 的上網紀錄, 機房不能讓外人進入, 維修廠商要同仁陪同監督, 想想看, 如果這個”我”是敵人, 國家會有多慘!..現在不站出來, 以後站不出來!」</title>
    <id>tag:plurk.com;ckhung0;1200851296</id>
    <updated>2014-03-25T13:49:50Z</updated>
    <published>2014-03-25T13:49:50Z</published>
    <link href="/p/juyesg" />
    <author>
      <name>ckhung0</name>
    </author>
    <content type="html">ckhung0 分享 &lt;a href="https://www.facebook.com/jslipfhf/posts/506153572829526" class="ex_link" rel="nofollow"&gt;成大電機李忠憲教授談服貿第二類電信開放三項特殊業務&lt;/a&gt; 「我管機房的時候, 要求同仁不可以偷看, 所有成大教職員工的電子郵件紀錄, 不可以監視任何 IP 的上網紀錄, 機房不能讓外人進入, 維修廠商要同仁陪同監督, 想想看, 如果這個”我”是敵人, 國家會有多慘!..現在不站出來, 以後站不出來!」</content>
  </entry>
  <entry xml:base="http://www.plurk.com/user/ckhung0.xml">
    <title type="text">ckhung0 轉噗 apacheootw 分享 [活動] [請協助轉噗]明天(3/26)就是我們的文件自由日，晚上六點半在蛙蛙書店二樓（台北市大安區八德路二段3號2樓），依瑪貓將分享「從doc、docx、odt到Google Docs」，不要忘記囉！大家明天見！ ^_^2014文件自由日台北場</title>
    <id>tag:plurk.com;apacheootw;1200794642</id>
    <updated>2014-03-25T08:25:21Z</updated>
    <published>2014-03-25T08:25:21Z</published>
    <link href="/p/jux72q" />
    <author>
      <name>apacheootw</name>
    </author>
    <content type="html">ckhung0 轉噗 apacheootw 分享 [活動] [請協助轉噗]&lt;br /&gt;明天(3/26)就是我們的文件自由日，晚上六點半在蛙蛙書店二樓（台北市大安區八德路二段3號2樓），依瑪貓將分享「從doc、docx、odt到Google Docs」，不要忘記囉！大家明天見！ ^_^&lt;br /&gt;&lt;a href="http://imacat.kktix.cc/events/dfd2014" class="ex_link meta" rel="nofollow"&gt;&lt;img src="https://s3-ap-northeast-1.amazonaws.com/kkbox-registrano/upload_images/32593/dfd2014_original.png" height="40px" /&gt;2014文件自由日台北場&lt;/a&gt;</content>
  </entry>
  <entry xml:base="http://www.plurk.com/user/ckhung0.xml">
    <title type="text">ckhung0 轉噗 weicomic 說 這張真不錯出處黑秀網 HeyShow.com - 台灣設計師入口網站，設計人與設計創意作品大本營！ &amp;gt; 設計畫廊 &amp;gt; 言忍巾貞工作室...</title>
    <id>tag:plurk.com;weicomic;1200770643</id>
    <updated>2014-03-25T05:38:28Z</updated>
    <published>2014-03-25T05:38:28Z</published>
    <link href="/p/juwok3" />
    <author>
      <name>weicomic</name>
    </author>
    <content type="html">ckhung0 轉噗 weicomic 說 這張真不錯&lt;a href="http://www.heyshow.com/users/goworker/Image82.jpg" class="ex_link pictureservices" rel="nofollow"&gt;&lt;img src="http://www.heyshow.com/users/goworker/Image82.jpg" height="48" /&gt;&lt;/a&gt;&lt;br /&gt;出處&lt;br /&gt;&lt;a href="http://www.heyshow.com/browsing/13874/works/1CEECA25-D4AF-4544-A47B-F988229B1422/" class="ex_link" rel="nofollow"&gt;黑秀網 HeyShow.com - 台灣設計師入口網站，設計人與設計創意作品大本營！ &amp;gt; 設計畫廊 &amp;gt; 言忍巾貞工作室...&lt;/a&gt;</content>
  </entry>
  <entry xml:base="http://www.plurk.com/user/ckhung0.xml">
    <title type="text">ckhung0 轉噗 Takahashi_65 #犬儒主義有一句話講的真好「台灣人的死穴就是，可以接受有禮貌、合乎法律的方式去做壞事，卻不能接受沒有禮貌、有違反法律之疑慮的方式去做正確的事情」</title>
    <id>tag:plurk.com;Takahashi_65;1200592242</id>
    <updated>2014-03-24T09:25:21Z</updated>
    <published>2014-03-24T09:25:21Z</published>
    <link href="/p/jusuwi" />
    <author>
      <name>Takahashi_65</name>
    </author>
    <content type="html">ckhung0 轉噗 Takahashi_65 #犬儒主義&lt;br /&gt;有一句話講的真好「台灣人的死穴就是，可以接受有禮貌、合乎法律的方式去做壞事，卻不能接受沒有禮貌、有違反法律之疑慮的方式去做正確的事情」</content>
  </entry>
  <entry xml:base="http://www.plurk.com/user/ckhung0.xml">
    <title type="text">ckhung0 轉噗 gregsclass 說 中興大學 #資訊社會 課程緊急通知： 今天小考暫時取消， 再延一週。 今天上課不點名 (但是列入未來考試內容)。 本週上課內容臨時更改為： 智財相關的黑箱惡法。 (含TPP) 與服貿沒有直接關係； 只是揭露政府在其他方面洗腦愚民的惡行。 請邀請其他班級沒課的同學來旁聽。 (15:10-17:00 雲平樓地下室B25)</title>
    <id>tag:plurk.com;gregsclass;1200538852</id>
    <updated>2014-03-24T03:21:08Z</updated>
    <published>2014-03-24T03:21:08Z</published>
    <link href="/p/jurppg" />
    <author>
      <name>gregsclass</name>
    </author>
    <content type="html">ckhung0 轉噗 gregsclass 說 中興大學 #資訊社會 課程緊急通知： 今天小考暫時取消， 再延一週。 今天上課不點名 (但是列入未來考試內容)。 本週上課內容臨時更改為： &lt;a href="http://user.frdm.info/ckhung/mm/ip-laws.svg" class="ex_link" rel="nofollow"&gt;智財相關的黑箱惡法&lt;/a&gt;。 (含TPP) 與服貿沒有直接關係； 只是揭露政府在其他方面洗腦愚民的惡行。 請邀請其他班級沒課的同學來旁聽。 (15:10-17:00 雲平樓地下室B25)</content>
  </entry>
  <entry xml:base="http://www.plurk.com/user/ckhung0.xml">
    <title type="text">ckhung0 分享 #資訊社會 「台大學生會發聲明表示... 政府當局非但沒有正面回應群眾訴求，反而採取過當手段以武力攻擊學生、進行暴力鎮壓..」 台大學生會譴責警政暴力 籲自主罷課！20餘校連署 | NOWnews 今日新聞</title>
    <id>tag:plurk.com;ckhung0;1200537921</id>
    <updated>2014-03-24T03:14:55Z</updated>
    <published>2014-03-24T03:14:55Z</published>
    <link href="/p/jurozl" />
    <author>
      <name>ckhung0</name>
    </author>
    <content type="html">ckhung0 分享 #資訊社會 「台大學生會發聲明表示... 政府當局非但沒有正面回應群眾訴求，反而採取過當手段以武力攻擊學生、進行暴力鎮壓..」 &lt;a href="http://www.nownews.com/n/2014/03/24/1162020" class="ex_link meta" rel="nofollow"&gt;&lt;img src="http://imgapi.nownews.com/?w=640&amp;amp;q=80&amp;amp;v=1395570547200&amp;amp;src=http%3A%2F%2Fs.nownews.com%2F0d%2F9b%2F0d9be1641c2027b4e9948a7e3bb372ba.jpg" height="40px" /&gt;台大學生會譴責警政暴力　籲自主罷課！20餘校連署 | NOWnews 今日新聞&lt;/a&gt;</content>
  </entry>
  <entry xml:base="http://www.plurk.com/user/ckhung0.xml">
    <title type="text">ckhung0 覺得 此時其他警察應該勇敢集體 曠職 (p.29) 被記過才是 良知及榮譽 的表現! 警察對醫師施暴、 [蘋果日報] 這位學生表示，警方就整個亂打，他至少被打10幾棍，他流淚說，這個國家被逼到「人民和人民相殘... [遭毆者其父亦警]、 [沉默潛艦] - - - - - - [許多現場相片] 2014 03 24 the police beat unarmed people(Taiwan</title>
    <id>tag:plurk.com;ckhung0;1200514452</id>
    <updated>2014-03-24T00:36:08Z</updated>
    <published>2014-03-24T00:36:08Z</published>
    <link href="/p/jur6vo" />
    <author>
      <name>ckhung0</name>
    </author>
    <content type="html">ckhung0 覺得 此時其他警察應該勇敢集體 &lt;a href="http://0rz.tw/vn7gP" class="ex_link" rel="nofollow"&gt;曠職&lt;/a&gt; (p.29) 被記過才是 &lt;b&gt;良知及榮譽&lt;/b&gt; 的表現! &lt;a href="http://0rz.tw/IqfX1" class="ex_link" rel="nofollow"&gt;警察對醫師施暴&lt;/a&gt;、 &lt;a href="http://www.plurk.com/p/juqkqc" class="ex_link plink meta"&gt;&lt;img src="http://tw.img.nextmedia.com/appledaily/images/fb_sharelogo.jpg" height="48" /&gt;[蘋果日報] 這位學生表示，警方就整個亂打，他至少被打10幾棍，他流淚說，這個國家被逼到「人民和人民相殘...&lt;/a&gt; [遭毆者其父亦警]、 &lt;a href="http://www.plurk.com/p/jur8kz" class="ex_link plink meta"&gt;&lt;img src="http://twimg.edgesuite.net/images/ReNews/20140324/640_8c4c3aeca602049d7471cf57957f3997.jpg" height="48" /&gt;[沉默潛艦] -     -     -     -     -     -&lt;/a&gt; [許多現場相片] &lt;a href="https://www.youtube.com/watch?v=6GL64LTyuVY" class="ogvideo meta" rel="nofollow"&gt;&lt;img src="http://i1.ytimg.com/vi/6GL64LTyuVY/hqdefault.jpg" data-video="http://www.youtube.com/embed/6GL64LTyuVY?feature=oembed" data-width="459" data-height="344" height="40px" /&gt;2014 03 24 the police beat unarmed people(Taiwan&lt;/a&gt;</content>
  </entry>
  <entry xml:base="http://www.plurk.com/user/ckhung0.xml">
    <title type="text">ckhung0 轉噗 blue07452 分享 #幫忙擴散轉]請在抗爭的大家快聯絡在行政院的僑生或外籍生好友，在行政院被逮到會被遣返回國！！！！這不是在開玩笑，我的學長在第一陣線。他剛才在現場得知這個消息。我不在乎你們是否支持這個行動，我現在只在乎信任臺灣而來這裡就學的所有人！拜託快讓他們離開行政院！！！遣返依據</title>
    <id>tag:plurk.com;blue07452;1200453341</id>
    <updated>2014-03-23T16:00:36Z</updated>
    <published>2014-03-23T16:00:36Z</published>
    <link href="/p/jupvq5" />
    <author>
      <name>blue07452</name>
    </author>
    <content type="html">ckhung0 轉噗 blue07452 分享 #幫忙擴散&lt;br /&gt;轉]請在抗爭的大家快聯絡在行政院的&lt;br /&gt;&lt;b&gt;僑生或外籍生好友，&lt;/b&gt;&lt;br /&gt;&lt;b&gt;在行政院被逮到會被遣返回國！！！！&lt;/b&gt;&lt;br /&gt;這不是在開玩笑，我的學長在第一陣線。他剛才在現場得知這個消息。我不在乎你們是否支持這個行動，我現在只在乎信任臺灣而來這裡就學的所有人！&lt;br /&gt;&lt;b&gt;拜託快讓他們離開行政院！！！&lt;/b&gt;&lt;a href="http://paste.plurk.com/show/gVkCzoDYV4Fj151NVBSk/" class="plurkpaste ex_link"&gt;遣返依據&lt;/a&gt;</content>
  </entry>
  <entry xml:base="http://www.plurk.com/user/ckhung0.xml">
    <title type="text">ckhung0 需要 河道上看到好多服貿相關好文/漫畫/攻佔詳情/... 拜求一個靜態網址專門蒐集 「服貿」 相關連結。 我對反服貿的比較有興趣； 收雙方也可。 不要那種「會隨時間消失的網址或需要臉書登入或藏在動態 javascript 裡面」的網址。 就只想要簡單一堆連結放在 html 網頁裡面、 視障者可以用文字瀏覽器看的網址。 最重要的是： 可以被 wayback machine 收錄的網址。 (值得學歷史的人重視的事。)</title>
    <id>tag:plurk.com;ckhung0;1200403805</id>
    <updated>2014-03-23T12:40:39Z</updated>
    <published>2014-03-23T12:40:39Z</published>
    <link href="/p/juoti5" />
    <author>
      <name>ckhung0</name>
    </author>
    <content type="html">ckhung0 需要 河道上看到好多服貿相關好文/漫畫/攻佔詳情/... 拜求一個靜態網址專門蒐集 「服貿」 相關連結。 我對反服貿的比較有興趣； 收雙方也可。 不要那種「會隨時間消失的網址或需要臉書登入或藏在動態 javascript 裡面」的網址。 就只想要簡單一堆連結放在 html 網頁裡面、 視障者可以用文字瀏覽器看的網址。 最重要的是： 可以被 wayback machine 收錄的網址。 (值得學歷史的人重視的事。)</content>
  </entry>
  <entry xml:base="http://www.plurk.com/user/ckhung0.xml">
    <title type="text">ckhung0 轉噗 briian 說 畫漫畫&amp;#65294;話漫畫: [畫] 真是不懂事</title>
    <id>tag:plurk.com;briian;1199978179</id>
    <updated>2014-03-21T07:18:57Z</updated>
    <published>2014-03-21T07:18:57Z</published>
    <link href="/p/jufp37" />
    <author>
      <name>briian</name>
    </author>
    <content type="html">ckhung0 轉噗 briian 說 &lt;a href="http://angatou.blogspot.tw/2014/03/blog-post_21.html" class="ex_link meta" rel="nofollow"&gt;&lt;img src="http://2.bp.blogspot.com/-i4SQlIFO118/UyvHpfK3cUI/AAAAAAAAOQM/lp9yGnnhE8I/s1600/20140321_you_losers.png" height="40px" /&gt;畫漫畫&amp;#65294;話漫畫: [畫] 真是不懂事&lt;/a&gt; &lt;a href="http://images.plurk.com/3F82NtC38XBzct4ic36ePd.jpg" class="ex_link pictureservices"&gt;&lt;img src="http://images.plurk.com/tx_3F82NtC38XBzct4ic36ePd.gif" height="48" /&gt;&lt;/a&gt;</content>
  </entry>
  <entry xml:base="http://www.plurk.com/user/ckhung0.xml">
    <title type="text">ckhung0 轉噗 aboutfish 佔領立法院已經傳到冰島、波士尼亞、秘魯等等等地方 | 台灣好生活電子報</title>
    <id>tag:plurk.com;aboutfish;1199964269</id>
    <updated>2014-03-21T05:40:04Z</updated>
    <published>2014-03-21T05:40:04Z</published>
    <link href="/p/jufect" />
    <author>
      <name>aboutfish</name>
    </author>
    <content type="html">ckhung0 轉噗 aboutfish &lt;a href="http://www.taiwangoodlife.org/storylink/20140321/5583#.UyvQo8fhZG4.plurk" class="ex_link" rel="nofollow"&gt;佔領立法院已經傳到冰島、波士尼亞、秘魯等等等地方 | 台灣好生活電子報&lt;/a&gt; &lt;a href="http://www.taiwangoodlife.org/files/imagecache/story_600_450/storyimage/20140321media.jpg" class="ex_link pictureservices" rel="nofollow"&gt;&lt;img src="http://www.taiwangoodlife.org/files/imagecache/story_600_450/storyimage/20140321media.jpg" height="48" /&gt;&lt;/a&gt;</content>
  </entry>
</feed>
