<?xml version="1.0" encoding="utf-8"?>
<feed xmlns="http://www.w3.org/2005/Atom">
  <title type="text">ckhung0</title>
  <id>http://www.plurk.com/user/ckhung0.xml</id>
  <updated>2014-04-14T03:11:47Z</updated>
  <link href="http://www.plurk.com/" />
  <link href="http://www.plurk.com/user/ckhung0.xml" rel="self" />
  <generator>Werkzeug</generator>
  <entry xml:base="http://www.plurk.com/user/ckhung0.xml">
    <title type="text">ckhung0 分享 TAHR PAS春季號：數位時代公民權 | 台灣人權促進會 「資訊親和力與身心障礙者 - Jedi」、 「誰需要認識自由軟體？- 洪朝貴」、 「零時政府的第一年 - g0v」、 「魯蛇世代的民權社會：網路為民、網友為主 - 莊友欣」 幾篇有網路版全文。 零時政府演講： [Dave] - OSDC.TW 2014 Keynote: Audrey - 零時政府的第一年 ...</title>
    <id>tag:plurk.com;ckhung0;1204707789</id>
    <updated>2014-04-14T03:11:47Z</updated>
    <published>2014-04-14T03:11:47Z</published>
    <link href="/p/jx92h9" />
    <author>
      <name>ckhung0</name>
    </author>
    <content type="html">ckhung0 分享 &lt;a href="http://www.tahr.org.tw/node/1369" class="ex_link" rel="nofollow"&gt;TAHR PAS春季號：數位時代公民權 | 台灣人權促進會&lt;/a&gt; 「資訊親和力與身心障礙者 - Jedi」、 「誰需要認識自由軟體？- 洪朝貴」、 「零時政府的第一年 - g0v」、 「魯蛇世代的民權社會：網路為民、網友為主 - 莊友欣」 幾篇有網路版全文。 零時政府演講： &lt;a href="http://www.plurk.com/p/jx8m26" class="ex_link plink meta"&gt;&lt;img src="http://i1.ytimg.com/vi/GwIMe3MNQ_Q/hqdefault.jpg" height="48" /&gt;[Dave] -  OSDC.TW 2014 Keynote: Audrey - 零時政府的第一年   ...&lt;/a&gt;</content>
  </entry>
  <entry xml:base="http://www.plurk.com/user/ckhung0.xml">
    <title type="text">ckhung0 replurks yvonneandcat 留言但那批書在中國印製完準備要以海運運出來時，就在海關那出了問題，因為中國發現了裡頭台灣那面小小的國旗，事情不得了了，數十萬本的繪本就這樣立即在中國境內全數銷毀，而他跟出版社也受到官方的譴責。布朗表示對他來說，他雖然不全然知道中國跟台灣的種種過節</title>
    <id>tag:plurk.com;yvonneandcat;1204318141</id>
    <updated>2014-04-12T03:35:02Z</updated>
    <published>2014-04-12T03:35:02Z</published>
    <link href="/p/jx0ptp" />
    <author>
      <name>yvonneandcat</name>
    </author>
    <content type="html">ckhung0 replurks yvonneandcat &lt;a href="https://m.facebook.com/chiahui.hsing/posts/679367732124411" class="ex_link" rel="nofollow"&gt;留言&lt;/a&gt;&lt;br /&gt;但那批書在中國印製完準備要以海運運出來時，就在海關那出了問題，因為中國發現了裡頭台灣那面小小的國旗，事情不得了了，數十萬本的繪本就這樣立即在中國境內全數銷毀，而他跟出版社也受到官方的譴責。布朗表示對他來說，他雖然不全然知道中國跟台灣的種種過節</content>
  </entry>
  <entry xml:base="http://www.plurk.com/user/ckhung0.xml">
    <title type="text">ckhung0 轉噗 zephyrhsu 說 不知這個 bug 醫龍可以處理得了嗎？OpenSSL 的 Heartbleed 漏洞後續：這個臭蟲潛伏了兩年，如果你使用的服務在受影響清單內，請盡速修改密碼。請注意！這裡不包含國內網站...中文 (精簡版)：恐怖安全漏洞Heartbleed來襲，快換掉網站密碼吧！來源 (完整清單)：The Heartbleed Hit List: The Passwords You Need to Change Right N...</title>
    <id>tag:plurk.com;zephyrhsu;1204107057</id>
    <updated>2014-04-11T02:26:10Z</updated>
    <published>2014-04-11T02:26:10Z</published>
    <link href="/p/jww6y9" />
    <author>
      <name>zephyrhsu</name>
    </author>
    <content type="html">ckhung0 轉噗 zephyrhsu 說 不知這個 bug 醫龍可以處理得了嗎？&lt;br /&gt;OpenSSL 的 Heartbleed 漏洞後續：&lt;br /&gt;這個臭蟲潛伏了兩年，如果你使用的服務在受影響清單內，請盡速修改密碼。&lt;br /&gt;請注意！這裡不包含國內網站...&lt;br /&gt;中文 (精簡版)：&lt;a href="http://goo.gl/CTYEq4" class="ex_link meta" rel="nofollow"&gt;&lt;img src="http://bnext.com.tw/data/article/576b9b48/4963479e/576b9b48_t.jpg?t=1397151394" height="40px" /&gt;恐怖安全漏洞Heartbleed來襲，快換掉網站密碼吧！&lt;/a&gt;來源 (完整清單)：&lt;a href="http://goo.gl/CiMwVi" class="ex_link" rel="nofollow"&gt;The Heartbleed Hit List: The Passwords You Need to Change Right N...&lt;/a&gt;</content>
  </entry>
  <entry xml:base="http://www.plurk.com/user/ckhung0.xml">
    <title type="text">ckhung0 分享 chrome 安全漏洞：你所造訪的網站有機會傾聽你的對話。 這樣的網站無法直接取得你的麥克風的聲音， 但可以取得「電旁的對話聲經過語音辨識之後的文字」。 意思是說沒在講英文的人應該不必擔心 Listen To This - Google Chrome Bug Could Let Websites Spy On Your...</title>
    <id>tag:plurk.com;ckhung0;1204100890</id>
    <updated>2014-04-11T01:40:51Z</updated>
    <published>2014-04-11T01:40:51Z</published>
    <link href="/p/jww26y" />
    <author>
      <name>ckhung0</name>
    </author>
    <content type="html">ckhung0 分享 chrome 安全漏洞：你所造訪的網站有機會傾聽你的對話。 這樣的網站無法直接取得你的麥克風的聲音， 但可以取得「電旁的對話聲經過語音辨識之後的文字」。 意思是說沒在講英文的人應該不必擔心 &lt;img src="http://statics.plurk.com/99ef3957ef779718546752b749bdeabd.gif" class="emoticon" alt=":-)" /&gt;  &lt;a href="http://t.co/WvSftgVwqd" class="ex_link" rel="nofollow"&gt;Listen To This - Google Chrome Bug Could Let Websites Spy On Your...&lt;/a&gt;</content>
  </entry>
  <entry xml:base="http://www.plurk.com/user/ckhung0.xml">
    <title type="text">ckhung0 分享 (ReP irvinfly) 5/14下午@臺北， 非技術、全英文的演講 by RMS： 「在數位社會當中有許多對於自由的威脅，包含大規模監控、審查、數位枷鎖、掌控使用者的非自由軟體、以及對於分享的戰爭，而使用各種網路服務，也漸成另一種的威脅。最終，我們將不再擁有於網路上做任何事情的權利，而需仰賴大企業所施捨的善意。」 台北 Richard Stallman 演講－A Free Digital Society</title>
    <id>tag:plurk.com;ckhung0;1204099637</id>
    <updated>2014-04-11T01:31:04Z</updated>
    <published>2014-04-11T01:31:04Z</published>
    <link href="/p/jww185" />
    <author>
      <name>ckhung0</name>
    </author>
    <content type="html">ckhung0 分享 (ReP &lt;a href="http://www.plurk.com/irvinfly" class="ex_link"&gt;irvinfly&lt;/a&gt;) 5/14下午@臺北， 非技術、全英文的演講 by RMS： 「在數位社會當中有許多對於自由的威脅，包含大規模監控、審查、數位枷鎖、掌控使用者的非自由軟體、以及對於分享的戰爭，而使用各種網路服務，也漸成另一種的威脅。最終，我們將不再擁有於網路上做任何事情的權利，而需仰賴大企業所施捨的善意。」 &lt;a href="http://rms.kktix.cc/events/2014-taipei" class="ex_link meta" rel="nofollow"&gt;&lt;img src="https://s3-ap-northeast-1.amazonaws.com/kkbox-registrano/upload_images/32960/___rev2_original.png" height="40px" /&gt;台北 Richard Stallman 演講－A Free Digital Society&lt;/a&gt;</content>
  </entry>
  <entry xml:base="http://www.plurk.com/user/ckhung0.xml">
    <title type="text">ckhung0 分享 4/12(六) 14-16 NII 協進會 (臺北) 吳國維、 楊孝先、 徐子涵 太陽花、網路中立、自由和治理</title>
    <id>tag:plurk.com;ckhung0;1203997042</id>
    <updated>2014-04-10T12:46:29Z</updated>
    <published>2014-04-10T12:46:29Z</published>
    <link href="/p/jwtu2a" />
    <author>
      <name>ckhung0</name>
    </author>
    <content type="html">ckhung0 分享 4/12(六) 14-16 &lt;a href="http://www.plurk.com/NII" class="ex_link"&gt;NII&lt;/a&gt; 協進會 (臺北) 吳國維、 楊孝先、 徐子涵   &lt;a href="http://okfntw.kktix.cc/events/sunflower-ig" class="ex_link meta" rel="nofollow"&gt;&lt;img src="https://s3-ap-northeast-1.amazonaws.com/kkbox-registrano/upload_images/32941/3183290111_989c5b1bec_z_original.jpg" height="40px" /&gt;太陽花、網路中立、自由和治理&lt;/a&gt;</content>
  </entry>
  <entry xml:base="http://www.plurk.com/user/ckhung0.xml">
    <title type="text">ckhung0 分享 越來越多人了.. 是要到哪裡聯署啊? 有 「逐條分析打政府臉」 的文章嗎? 246名學者聯署反開放2類電信 憂「台灣永無寧日」 | 國內 | 新聞 | 風傳媒 這一篇比較具體： 「很多資料單獨來看，完全無害，但是當我們有辦法把所有的資料放一起，然後針對他來檢查、挖礦後，卻可以找到許多非常寶貴的資源」 知識份子的良知~資料庫篇</title>
    <id>tag:plurk.com;ckhung0;1203741717</id>
    <updated>2014-04-09T06:48:14Z</updated>
    <published>2014-04-09T06:48:14Z</published>
    <link href="/p/jwod1x" />
    <author>
      <name>ckhung0</name>
    </author>
    <content type="html">ckhung0 分享 越來越多人了.. 是要到哪裡聯署啊? 有 「逐條分析打政府臉」 的文章嗎? &lt;a href="http://www.stormmediagroup.com/opencms/news/detail/2d9c455b-bf03-11e3-a617-ef2804cba5a1/?uuid=2d9c455b-bf03-11e3-a617-ef2804cba5a1" class="ex_link meta" rel="nofollow"&gt;&lt;img src="http://www.stormmediagroup.com/export/sites/stormmedia/DomesticPicUnpublish/201404/honggua-04-08-2014.jpg_838888188.jpg" height="40px" /&gt;246名學者聯署反開放2類電信　憂「台灣永無寧日」 | 國內 | 新聞 | 風傳媒&lt;/a&gt; 這一篇比較具體： 「很多資料單獨來看，完全無害，但是當我們有辦法把所有的資料放一起，然後針對他來檢查、挖礦後，卻可以找到許多非常寶貴的資源」 &lt;a href="http://blog.xuite.net/ycedu/blog/209899142" class="ex_link meta" rel="nofollow"&gt;&lt;img src="http://blog.xuite.net/ycedu/blog/209899142/cover400.jpg" height="40px" /&gt;知識份子的良知~資料庫篇&lt;/a&gt;</content>
  </entry>
  <entry xml:base="http://www.plurk.com/user/ckhung0.xml">
    <title type="text">ckhung0 replurks joschild ぜひ 參與這次學運的學生們請注意~~ 高成炎教授提醒，不必被警方的到案通知書嚇到，只要把一切交給公益律師即可。( 義務陪偵律師專線電話：02-25231178 ( 二十四小時 )、白天: 02-33938666 、晚上: 02-25592119 )</title>
    <id>tag:plurk.com;joschild;1203626114</id>
    <updated>2014-04-08T15:18:44Z</updated>
    <published>2014-04-08T15:18:44Z</published>
    <link href="/p/jwlvuq" />
    <author>
      <name>joschild</name>
    </author>
    <content type="html">ckhung0 replurks joschild ぜひ 參與這次學運的學生們請注意~~  高成炎教授提醒，不必被警方的到案通知書嚇到，只要把一切交給公益律師即可。( 義務陪偵律師專線電話：02-25231178 ( 二十四小時 )、白天: 02-33938666 、晚上: 02-25592119 )</content>
  </entry>
  <entry xml:base="http://www.plurk.com/user/ckhung0.xml">
    <title type="text">ckhung0 轉噗 Morris77 新聞一定不會報的畫面</title>
    <id>tag:plurk.com;Morris77;1203614843</id>
    <updated>2014-04-08T14:33:01Z</updated>
    <published>2014-04-08T14:33:01Z</published>
    <link href="/p/jwln5n" />
    <author>
      <name>Morris77</name>
    </author>
    <content type="html">ckhung0 轉噗 Morris77 &lt;a href="https://scontent-b-hkg.xx.fbcdn.net/hphotos-frc1/t1.0-9/1795609_776164182395655_6933136688466284078_n.jpg" class="ex_link pictureservices" rel="nofollow"&gt;&lt;img src="https://scontent-b-hkg.xx.fbcdn.net/hphotos-frc1/t1.0-9/1795609_776164182395655_6933136688466284078_n.jpg" height="48" /&gt;&lt;/a&gt; &lt;a href="https://fbcdn-sphotos-b-a.akamaihd.net/hphotos-ak-frc1/t1.0-9/10003432_776128615732545_3262658396508445557_n.jpg" class="ex_link pictureservices" rel="nofollow"&gt;&lt;img src="https://fbcdn-sphotos-b-a.akamaihd.net/hphotos-ak-frc1/t1.0-9/10003432_776128615732545_3262658396508445557_n.jpg" height="48" /&gt;&lt;/a&gt; 新聞一定不會報的畫面</content>
  </entry>
  <entry xml:base="http://www.plurk.com/user/ckhung0.xml">
    <title type="text">ckhung0 轉噗 irvinfly 分享 歐洲議會通過網路中立條款</title>
    <id>tag:plurk.com;irvinfly;1203552518</id>
    <updated>2014-04-08T08:35:03Z</updated>
    <published>2014-04-08T08:35:03Z</published>
    <link href="/p/jwkb2e" />
    <author>
      <name>irvinfly</name>
    </author>
    <content type="html">ckhung0 轉噗 irvinfly 分享 &lt;a href="http://blog.gslin.org/archives/2014/04/06/4461/" class="ex_link" rel="nofollow"&gt;歐洲議會通過網路中立條款&lt;/a&gt;</content>
  </entry>
  <entry xml:base="http://www.plurk.com/user/ckhung0.xml">
    <title type="text">ckhung0 分享 (ReP davelin) 為什麼臨時/自發/沒有黨紀或公務員法規約束的一群人可以這麼有效率? 原來 短時間我們如此強悍：太陽花運動科技應用創新總整理 也許正是因為沒有僵化的體制在束縛他們： 資訊人眼裡的太陽花 （上） - 顛覆代議式民主的魔獸世代</title>
    <id>tag:plurk.com;ckhung0;1203491929</id>
    <updated>2014-04-08T01:21:36Z</updated>
    <published>2014-04-08T01:21:36Z</published>
    <link href="/p/jwj0bd" />
    <author>
      <name>ckhung0</name>
    </author>
    <content type="html">ckhung0 分享 (ReP &lt;a href="http://www.plurk.com/davelin" class="ex_link"&gt;davelin&lt;/a&gt;) &lt;b&gt;為什麼臨時/自發/沒有黨紀或公務員法規約束的一群人可以這麼有效率?&lt;/b&gt; &lt;a href="http://www.cool3c.com/article/78266" class="ex_link meta" rel="nofollow"&gt;&lt;img src="http://image.funmakr.com/files/media/bys/a2/by-sa-2.png" height="40px" /&gt;原來 短時間我們如此強悍：太陽花運動科技應用創新總整理&lt;/a&gt; &lt;b&gt;也許正是因為沒有僵化的體制在束縛他們：&lt;/b&gt; &lt;a href="http://blog.xuite.net/betty.eric/scandinavia/208947602" class="ex_link meta" rel="nofollow"&gt;&lt;img src="http://blog.xuite.net/betty.eric/scandinavia/208947602/cover400.jpg" height="40px" /&gt;資訊人眼裡的太陽花 （上） - 顛覆代議式民主的魔獸世代&lt;/a&gt;</content>
  </entry>
  <entry xml:base="http://www.plurk.com/user/ckhung0.xml">
    <title type="text">ckhung0 轉噗 jay27 分享 [不要把台灣賣掉喇]超貼切又可愛喇~~~~</title>
    <id>tag:plurk.com;jay27;1203133098</id>
    <updated>2014-04-06T06:23:41Z</updated>
    <published>2014-04-06T06:23:41Z</published>
    <link href="/p/jwbbfu" />
    <author>
      <name>jay27</name>
    </author>
    <content type="html">ckhung0 轉噗 jay27 分享 [不要把台灣賣掉喇]超貼切又可愛喇~~~~&lt;br /&gt;&lt;a href="https://fbcdn-sphotos-f-a.akamaihd.net/hphotos-ak-frc3/t1.0-9/10151834_399154943554997_484697138_n.jpg" class="ex_link pictureservices" rel="nofollow"&gt;&lt;img src="https://fbcdn-sphotos-f-a.akamaihd.net/hphotos-ak-frc3/t1.0-9/10151834_399154943554997_484697138_n.jpg" height="48" /&gt;&lt;/a&gt;&lt;br /&gt;&lt;a href="https://fbcdn-sphotos-b-a.akamaihd.net/hphotos-ak-prn2/t1.0-9/10153861_399154950221663_1851522783_n.jpg" class="ex_link pictureservices" rel="nofollow"&gt;&lt;img src="https://fbcdn-sphotos-b-a.akamaihd.net/hphotos-ak-prn2/t1.0-9/10153861_399154950221663_1851522783_n.jpg" height="48" /&gt;&lt;/a&gt;&lt;br /&gt;&lt;a href="https://fbcdn-sphotos-d-a.akamaihd.net/hphotos-ak-prn2/t1.0-9/10153709_399154946888330_371168410_n.jpg" class="ex_link pictureservices" rel="nofollow"&gt;&lt;img src="https://fbcdn-sphotos-d-a.akamaihd.net/hphotos-ak-prn2/t1.0-9/10153709_399154946888330_371168410_n.jpg" height="48" /&gt;&lt;/a&gt;&lt;br /&gt;&lt;a href="https://fbcdn-sphotos-h-a.akamaihd.net/hphotos-ak-prn1/t1.0-9/10175030_399154976888327_813498236_n.jpg" class="ex_link pictureservices" rel="nofollow"&gt;&lt;img src="https://fbcdn-sphotos-h-a.akamaihd.net/hphotos-ak-prn1/t1.0-9/10175030_399154976888327_813498236_n.jpg" height="48" /&gt;&lt;/a&gt;&lt;br /&gt;&lt;a href="https://fbcdn-sphotos-g-a.akamaihd.net/hphotos-ak-frc1/t1.0-9/10176151_399154983554993_226491089_n.jpg" class="ex_link pictureservices" rel="nofollow"&gt;&lt;img src="https://fbcdn-sphotos-g-a.akamaihd.net/hphotos-ak-frc1/t1.0-9/10176151_399154983554993_226491089_n.jpg" height="48" /&gt;&lt;/a&gt;&lt;br /&gt;&lt;a href="https://fbcdn-sphotos-d-a.akamaihd.net/hphotos-ak-ash3/t1.0-9/10157251_399157300221428_173658798_n.jpg" class="ex_link pictureservices" rel="nofollow"&gt;&lt;img src="https://fbcdn-sphotos-d-a.akamaihd.net/hphotos-ak-ash3/t1.0-9/10157251_399157300221428_173658798_n.jpg" height="48" /&gt;&lt;/a&gt;</content>
  </entry>
  <entry xml:base="http://www.plurk.com/user/ckhung0.xml">
    <title type="text">ckhung0 分享 「政府保護資安與國安之策略應採取事前預防而非事後補救，阻絕威脅來源於境外。 ... 政府一方面視陸資人員為可能之資安威脅，不准其進入電信機房，另一方面卻又開放電腦及相關服務業，准許陸資人員進入敏感度高的電腦主機機房，國家資訊安全政策自相矛盾。」 49學者聯署聲明反服貿開放第2類電信業</title>
    <id>tag:plurk.com;ckhung0;1202917260</id>
    <updated>2014-04-05T01:32:03Z</updated>
    <published>2014-04-05T01:32:03Z</published>
    <link href="/p/jw6owc" />
    <author>
      <name>ckhung0</name>
    </author>
    <content type="html">ckhung0 分享 「政府保護資安與國安之策略應採取事前預防而非事後補救，阻絕威脅來源於境外。 ... 政府一方面視陸資人員為可能之資安威脅，不准其進入電信機房，另一方面卻又開放電腦及相關服務業，准許陸資人員進入敏感度高的電腦主機機房，國家資訊安全政策自相矛盾。」 &lt;a href="http://www.appledaily.com.tw/realtimenews/article/politics/20140404/373241/" class="ex_link meta" rel="nofollow"&gt;&lt;img src="http://twimg.edgesuite.net/images/ReNews/20140404/420_1c2ae3f9553ef440a9d50d640cc12643.jpg" height="40px" /&gt;49學者聯署聲明反服貿開放第2類電信業&lt;/a&gt;</content>
  </entry>
  <entry xml:base="http://www.plurk.com/user/ckhung0.xml">
    <title type="text">ckhung0 轉噗 genehong 說 [爆卦] 群眾募資網站flyingV要GG了...轉自PTT-Gossiping板 你以為網路還是自由的嗎? 現在經過服貿事件後, 群眾募資須要透過審察, 才能上架, 不然罰一百萬, 我想台灣一些創新團隊做這個已經不用玩了, 早點收掉比較快?</title>
    <id>tag:plurk.com;genehong;1202649282</id>
    <updated>2014-04-03T11:10:58Z</updated>
    <published>2014-04-03T11:10:58Z</published>
    <link href="/p/jw0y4i" />
    <author>
      <name>genehong</name>
    </author>
    <content type="html">ckhung0 轉噗 genehong 說 &lt;a href="http://a.bbi.com.tw/Gossiping/1JFJpjtt.html" class="ex_link meta" rel="nofollow"&gt;&lt;img src="http://a.bbi.com.tw/__imgs/pcman-bbi-article.png" height="40px" /&gt;[爆卦] 群眾募資網站flyingV要GG了...轉自PTT-Gossiping板&lt;/a&gt; 你以為網路還是自由的嗎? 現在經過服貿事件後, 群眾募資須要透過審察, 才能上架, 不然罰一百萬, 我想台灣一些創新團隊做這個已經不用玩了, 早點收掉比較快?</content>
  </entry>
  <entry xml:base="http://www.plurk.com/user/ckhung0.xml">
    <title type="text">ckhung0 轉噗 lunaseacomicer 說 [爆卦] 為何服貿協議不能修改 [節錄]結果她(賴幸媛)脫口而出，中國不肯啊！為什麼？因為中國不承認台灣是一個國家，所以台灣不可以有國會，如果兩岸的協議在國會逐條審查，只要被修改了一個字也就證明了台灣有國會有存在，這是不可以的事情。為何服貿協議不能修改?自由電子報 即時新聞</title>
    <id>tag:plurk.com;lunaseacomicer;1202410799</id>
    <updated>2014-04-02T06:25:46Z</updated>
    <published>2014-04-02T06:25:46Z</published>
    <link href="/p/jvvu3z" />
    <author>
      <name>lunaseacomicer</name>
    </author>
    <content type="html">ckhung0 轉噗 lunaseacomicer 說 &lt;a href="http://www.ptt.cc/bbs/Gossiping/M.1396418394.A.C02.html" class="ex_link" rel="nofollow"&gt;[爆卦] 為何服貿協議不能修改&lt;/a&gt; &lt;br /&gt;[節錄]結果她(賴幸媛)脫口而出，中國不肯啊！為什麼？&lt;b&gt;因為中國不承認台灣是一個國家，所以台灣不可以有國會，如果兩岸的協議在國會逐條審查，只要被修改了一個字也就證明了台灣有國會有存在，這是不可以的事情。&lt;/b&gt;&lt;br /&gt;&lt;a href="https://www.youtube.com/watch?v=FJaZSO7Ww8g" class="ogvideo meta" rel="nofollow"&gt;&lt;img src="http://i1.ytimg.com/vi/FJaZSO7Ww8g/hqdefault.jpg" data-video="http://www.youtube.com/embed/FJaZSO7Ww8g?feature=oembed" data-width="459" data-height="344" height="40px" /&gt;為何服貿協議不能修改?&lt;/a&gt;&lt;a href="http://iservice.libertytimes.com.tw/liveNews" class="ex_link meta" rel="nofollow"&gt;&lt;img src="http://www.libertytimes.com.tw/images/backimg90.gif?1" height="40px" /&gt;自由電子報 即時新聞&lt;/a&gt;</content>
  </entry>
  <entry xml:base="http://www.plurk.com/user/ckhung0.xml">
    <title type="text">ckhung0 轉噗 davelin 說 Fw: [新聞] 讀者文摘如何變成中國走狗...轉自PTT-book板 讀者文摘英文本也沒在中國上市，但中國的檢查制度的 黑手同樣伸進來。</title>
    <id>tag:plurk.com;davelin;1202368824</id>
    <updated>2014-04-02T01:27:51Z</updated>
    <published>2014-04-02T01:27:51Z</published>
    <link href="/p/jvuxq0" />
    <author>
      <name>davelin</name>
    </author>
    <content type="html">ckhung0 轉噗 davelin 說 &lt;a href="http://a.bbi.com.tw/book/1JEcfce7.html" class="ex_link meta" rel="nofollow"&gt;&lt;img src="http://a.bbi.com.tw/__imgs/pcman-bbi-article.png" height="40px" /&gt;Fw: [新聞] 讀者文摘如何變成中國走狗...轉自PTT-book板&lt;/a&gt; 讀者文摘英文本也沒在中國上市，但中國的檢查制度的 黑手同樣伸進來。</content>
  </entry>
  <entry xml:base="http://www.plurk.com/user/ckhung0.xml">
    <title type="text">ckhung0 轉噗 davelin 說 從政界到商界 英美完全監控德國 | 國際 | 新聞 | 風傳媒 德國《明鏡》（Der Spiegel）雜誌根據NSA前僱員史諾登（Edward Snowden）提供的機密文件披露，英美兩國早就對德國發動經濟間諜戰，德國的多家網路通訊服務公司已被GCHQ滲透，</title>
    <id>tag:plurk.com;davelin;1201974603</id>
    <updated>2014-03-31T05:20:54Z</updated>
    <published>2014-03-31T05:20:54Z</published>
    <link href="/p/jvmhjf" />
    <author>
      <name>davelin</name>
    </author>
    <content type="html">ckhung0 轉噗 davelin 說 &lt;a href="http://www.stormmediagroup.com/opencms/news/detail/993820ff-b7db-11e3-82ad-ef2804cba5a1/?uuid=993820ff-b7db-11e3-82ad-ef2804cba5a1" class="ex_link meta" rel="nofollow"&gt;&lt;img src="http://www.stormmediagroup.com/export/sites/stormmedia/InternationalPicUnpublish/201403/2014033013-01-Britain-Cyber-Challen_Yen-1.jpg_2060820370.jpg" height="40px" /&gt;從政界到商界 英美完全監控德國 | 國際 | 新聞 | 風傳媒&lt;/a&gt; 德國《明鏡》（Der Spiegel）雜誌根據NSA前僱員史諾登（Edward Snowden）提供的機密文件披露，英美兩國早就對德國發動經濟間諜戰，德國的多家網路通訊服務公司已被GCHQ滲透，</content>
  </entry>
  <entry xml:base="http://www.plurk.com/user/ckhung0.xml">
    <title type="text">ckhung0 轉噗 davelin 說 資訊人權貴ㄓ疑: 透過服貿販售臺灣言論與上網自由的兩種方法 強者我網友下評: 服貿這不是經濟問題，是政治問題</title>
    <id>tag:plurk.com;davelin;1201948095</id>
    <updated>2014-03-31T02:11:03Z</updated>
    <published>2014-03-31T02:11:03Z</published>
    <link href="/p/jvlx33" />
    <author>
      <name>davelin</name>
    </author>
    <content type="html">ckhung0 轉噗 davelin 說 &lt;a href="http://ckhung0.blogspot.tw/2014/03/selling-freedom.html" class="ex_link" rel="nofollow"&gt;資訊人權貴ㄓ疑: 透過服貿販售臺灣言論與上網自由的兩種方法&lt;/a&gt;  強者我網友下評: 服貿這不是經濟問題，是政治問題</content>
  </entry>
  <entry xml:base="http://www.plurk.com/user/ckhung0.xml">
    <title type="text">ckhung0 轉噗 briian 說 姚戰神！！ 再度電爆國民黨立委 7:23 開始...新聞面對面 20140330 p6 50萬人佔凱道!嗆馬英九"出來面對"!馬英九說六月不過唯你是問的時候，你怎麼不跟他說你是民意代表，不是你的投票工具，不是你的走狗！？</title>
    <id>tag:plurk.com;briian;1201946542</id>
    <updated>2014-03-31T01:59:58Z</updated>
    <published>2014-03-31T01:59:58Z</published>
    <link href="/p/jvlvvy" />
    <author>
      <name>briian</name>
    </author>
    <content type="html">ckhung0 轉噗 briian 說 姚戰神！！ 再度電爆國民黨立委   7:23 開始...&lt;br /&gt;&lt;a href="http://youtu.be/3sDurHviRo8?t=7m23s" class="ogvideo meta" rel="nofollow"&gt;&lt;img src="http://i1.ytimg.com/vi/3sDurHviRo8/hqdefault.jpg" data-video="http://www.youtube.com/embed/3sDurHviRo8?feature=oembed&amp;amp;start=443" data-width="459" data-height="344" height="40px" /&gt;新聞面對面 20140330 p6 50萬人佔凱道!嗆馬英九"出來面對"!&lt;/a&gt;馬英九說六月不過唯你是問的時候，&lt;br /&gt;你怎麼不跟他說你是民意代表，&lt;br /&gt;不是你的投票工具，不是你的走狗！？</content>
  </entry>
  <entry xml:base="http://www.plurk.com/user/ckhung0.xml">
    <title type="text">ckhung0 分享 依索比亞的資通悲歌： 政經落後，但政府監控能力超強大。 硬體設備由中興通訊ZTE佈建，可以一鍵監聽民眾電話、網路敏感字詞過濾、並且與中國先進的防火長城技術同步升級(例如最近TOR開始被封鎖)、面對群眾和平抗議時切斷通訊網路... 而美國的 反恐維安劇場 及 歐洲竊聽技術 火上加油。</title>
    <id>tag:plurk.com;ckhung0;1201353545</id>
    <updated>2014-03-28T00:58:14Z</updated>
    <published>2014-03-28T00:58:14Z</published>
    <link href="/p/jv96bt" />
    <author>
      <name>ckhung0</name>
    </author>
    <content type="html">ckhung0 分享 &lt;a href="http://t.co/KJ2dtr9gQv" class="ex_link" rel="nofollow"&gt;依索比亞的資通悲歌&lt;/a&gt;： 政經落後，但政府監控能力超強大。 硬體設備由中興通訊ZTE佈建，可以一鍵監聽民眾電話、網路敏感字詞過濾、並且與中國先進的防火長城技術同步升級(例如最近TOR開始被封鎖)、面對群眾和平抗議時切斷通訊網路... 而美國的 &lt;a href="http://0rz.tw/oWwJN" class="ex_link" rel="nofollow"&gt;反恐維安劇場&lt;/a&gt; 及 &lt;a href="http://0rz.tw/GlHFg" class="ex_link" rel="nofollow"&gt;歐洲竊聽技術&lt;/a&gt; 火上加油。</content>
  </entry>
</feed>
