<?xml version="1.0" encoding="utf-8"?>
<feed xmlns="http://www.w3.org/2005/Atom">
  <title type="text">ckhung0</title>
  <id>http://www.plurk.com/user/ckhung0.xml</id>
  <updated>2014-05-05T08:22:02Z</updated>
  <link href="http://www.plurk.com/" />
  <link href="http://www.plurk.com/user/ckhung0.xml" rel="self" />
  <generator>Werkzeug</generator>
  <entry xml:base="http://www.plurk.com/user/ckhung0.xml">
    <title type="text">ckhung0 轉噗 davelin 說 ReF Covert Redirect Vulnerability OAuth 2.0 及 OpenID 爆發安全漏洞(含影片說明)這2個服務讓使用者可以在不透漏帳號密碼的情況之下，授權第三方網路應用使用原本提供的網路服務。(有在玩APP的人應該常看到要求 FB &amp;amp; G+ 帳號的訊息)</title>
    <id>tag:plurk.com;davelin;1208837693</id>
    <updated>2014-05-05T08:22:02Z</updated>
    <published>2014-05-05T08:22:02Z</published>
    <link href="/p/jzpl4t" />
    <author>
      <name>davelin</name>
    </author>
    <content type="html">ckhung0 轉噗 davelin 說 ReF &lt;a href="http://tetraph.com/covert_redirect/" class="ex_link" rel="nofollow"&gt;Covert Redirect Vulnerability&lt;/a&gt;   &lt;br /&gt;OAuth 2.0 及 OpenID 爆發安全漏洞(含影片說明)&lt;br /&gt;這2個服務讓使用者可以在不透漏帳號密碼的情況之下，授權第三方網路應用使用原本提供的網路服務。(有在玩APP的人應該常看到要求 FB &amp;amp; G+ 帳號的訊息)</content>
  </entry>
  <entry xml:base="http://www.plurk.com/user/ckhung0.xml">
    <title type="text">ckhung0 轉噗 BlueT 超世紀的 RMS - Richard Stallman 中部演講終於姍姍來遲了！好不容易終於敲定了『同步口譯』，讓大家可以輕鬆聽懂，不用擔心英文吃力。配合應景的油桐花盛開，大家可以閤家出遊，聽自由軟體之母演講時，讓母親與家人也能在暨南大學校園內賞花、遠眺草原山景，度過美妙輕鬆的母親節。中部 Richard Stallman 演講 （有中文同步口譯）</title>
    <id>tag:plurk.com;BlueT;1208651071</id>
    <updated>2014-05-04T09:27:42Z</updated>
    <published>2014-05-04T09:27:42Z</published>
    <link href="/p/jzll4v" />
    <author>
      <name>BlueT</name>
    </author>
    <content type="html">ckhung0 轉噗 BlueT 超世紀的 RMS - Richard Stallman 中部演講終於姍姍來遲了！&lt;br /&gt;好不容易終於敲定了『同步口譯』，讓大家可以輕鬆聽懂，不用擔心英文吃力。&lt;br /&gt;配合應景的油桐花盛開，大家可以閤家出遊，聽自由軟體之母演講時，讓母親與家人也能在暨南大學校園內賞花、遠眺草原山景，度過美妙輕鬆的母親節。&lt;br /&gt;&lt;a href="http://rms.kktix.cc/events/2014-central" class="ex_link meta" rel="nofollow"&gt;&lt;img src="https://assets0.kktix.com/assets/kktix-og-image-d78cd487cdb72fbf4b8b91185ff069bd.png" height="40px" /&gt;中部 Richard Stallman 演講 （有中文同步口譯）&lt;/a&gt;</content>
  </entry>
  <entry xml:base="http://www.plurk.com/user/ckhung0.xml">
    <title type="text">ckhung0 打算 TEDxTMU - 感知 | TEDx | TED.com 即將出席 5/17 臺北醫學大學的 TEDx 演講， 講題： 智慧 不是財產； 智慧 是廣告看板 。 講者可以擺攤位耶! 有沒有朋友有空來當義工幫我替聽眾複製救命碟啊 我會提供小筆電並教你如何複製。</title>
    <id>tag:plurk.com;ckhung0;1208405400</id>
    <updated>2014-05-03T00:29:32Z</updated>
    <published>2014-05-03T00:29:32Z</published>
    <link href="/p/jzgbko" />
    <author>
      <name>ckhung0</name>
    </author>
    <content type="html">ckhung0 打算 &lt;a href="https://www.ted.com/tedx/events/11705" class="ex_link meta" rel="nofollow"&gt;&lt;img src="https://www.ted.com/images/ted_amp_network.gif" height="40px" /&gt;TEDxTMU - 感知 | TEDx | TED.com&lt;/a&gt; 即將出席 5/17 臺北醫學大學的 TEDx 演講， 講題： &lt;a href="http://user.frdm.info/ckhung/e/e14517-attention.php" class="ex_link" rel="nofollow"&gt;智慧 不是財產； 智慧 是廣告看板&lt;/a&gt; 。 講者可以擺攤位耶! 有沒有朋友有空來當義工幫我替聽眾複製救命碟啊 &lt;img src="http://statics.plurk.com/99ef3957ef779718546752b749bdeabd.gif" class="emoticon" alt=":-)" /&gt; 我會提供小筆電並教你如何複製。</content>
  </entry>
  <entry xml:base="http://www.plurk.com/user/ckhung0.xml">
    <title type="text">ckhung0 分享 你曾經在不同的網站上發現有一些廣告老是愛跟著你嗎? EFF 推出瀏覽器隱私保護外掛， 擋掉那些跨站跟蹤你的 cookie 。 Alpha 測試版。 (FF 及 chrome。 還在用 IE 的人應該是對資安跟隱私議題沒興趣的啦 ) Help EFF Test Privacy Badger, Our New Tool to Stop Creepy Online ...</title>
    <id>tag:plurk.com;ckhung0;1208404706</id>
    <updated>2014-05-03T00:24:26Z</updated>
    <published>2014-05-03T00:24:26Z</published>
    <link href="/p/jzgb1e" />
    <author>
      <name>ckhung0</name>
    </author>
    <content type="html">ckhung0 分享 你曾經在不同的網站上發現有一些廣告老是愛跟著你嗎? EFF 推出瀏覽器隱私保護外掛， 擋掉那些跨站跟蹤你的 cookie 。 Alpha 測試版。 (FF 及 chrome。 還在用 IE 的人應該是對資安跟隱私議題沒興趣的啦 &lt;img src="http://statics.plurk.com/3fabe74e992888be701de2a9d80c180a.gif" class="emoticon" alt="(devil)" /&gt; )  &lt;a href="https://t.co/7DZa0NxkQ9" class="ex_link" rel="nofollow"&gt;Help EFF Test Privacy Badger, Our New Tool to Stop Creepy Online ...&lt;/a&gt;</content>
  </entry>
  <entry xml:base="http://www.plurk.com/user/ckhung0.xml">
    <title type="text">ckhung0 分享 巴西國會通過「網際網路權利法案」保障公民在網路上的言論自由、隱私、網路中立。 Brazil's internet gets groundbreaking bill of rights - tech - 25 ... 但其他各國政府(有時搭配財團)不斷企圖控制網路，公民有何對策? 1. 地方政府建立在地自主的網路，就像道路一樣 To Save the Internet We Need To Own The Means Of Distribution 2. 推廣匿名開發的無線電通訊機制，不需要網路或手機 Anonymous&amp;#039; New Walkie Talkies Use Radio Waves to Access the ...</title>
    <id>tag:plurk.com;ckhung0;1207827874</id>
    <updated>2014-04-30T01:19:35Z</updated>
    <published>2014-04-30T01:19:35Z</published>
    <link href="/p/jz3xya" />
    <author>
      <name>ckhung0</name>
    </author>
    <content type="html">ckhung0 分享 巴西國會通過「網際網路權利法案」保障公民在網路上的言論自由、隱私、網路中立。 &lt;a href="http://t.co/tSXEoH0wIO" class="ex_link" rel="nofollow"&gt;Brazil's internet gets groundbreaking bill of rights - tech - 25 ...&lt;/a&gt; 但其他各國政府(有時搭配財團)不斷企圖控制網路，公民有何對策? 1. 地方政府建立在地自主的網路，就像道路一樣 &lt;a href="http://t.co/g8NgNylrq7" class="ex_link" rel="nofollow"&gt;To Save the Internet We Need To Own The Means Of Distribution&lt;/a&gt; 2. 推廣匿名開發的無線電通訊機制，不需要網路或手機 &lt;a href="http://t.co/NS2rsCHMed" class="ex_link" rel="nofollow"&gt;Anonymous&amp;#039; New Walkie Talkies Use Radio Waves to Access the ...&lt;/a&gt;</content>
  </entry>
  <entry xml:base="http://www.plurk.com/user/ckhung0.xml">
    <title type="text">ckhung0 分享 5/13(二) 傍晚 @ 中山大學 高雄 Richard Stallman 演講－Free Software and Beyond</title>
    <id>tag:plurk.com;ckhung0;1207537100</id>
    <updated>2014-04-28T13:20:24Z</updated>
    <published>2014-04-28T13:20:24Z</published>
    <link href="/p/jyxpl8" />
    <author>
      <name>ckhung0</name>
    </author>
    <content type="html">ckhung0 分享 5/13(二) 傍晚 @ 中山大學 &lt;a href="http://rms.kktix.cc/events/2014-kaohsiung" class="ex_link meta" rel="nofollow"&gt;&lt;img src="https://s3-ap-northeast-1.amazonaws.com/kkbox-registrano/upload_images/33244/Stallman_Event_original.jpg" height="40px" /&gt;高雄 Richard Stallman 演講－Free Software and Beyond&lt;/a&gt;</content>
  </entry>
  <entry xml:base="http://www.plurk.com/user/ckhung0.xml">
    <title type="text">ckhung0 轉噗 Opposition_Blackbox 【衍伸閱讀】維機解密-台灣繁中版平台維基解密中文版這是一個透過熱心網友合作，將WikiLeaks-維基解密公佈的美國使館秘密電文(Secret US Embassy Cables)翻譯成正體中文的平台，優先處理和台灣較相關，有影響力的電文。美中台為主，有相當多連看都沒看過的秘辛。</title>
    <id>tag:plurk.com;Opposition_Blackbox;1207373054</id>
    <updated>2014-04-27T15:47:10Z</updated>
    <published>2014-04-27T15:47:10Z</published>
    <link href="/p/jyu70e" />
    <author>
      <name>Opposition_Blackbox</name>
    </author>
    <content type="html">ckhung0 轉噗 Opposition_Blackbox 【衍伸閱讀】&lt;br /&gt;&lt;a href="http://billypan.com/wiki/%E9%A6%96%E9%A0%81" class="ex_link" rel="nofollow"&gt;維機解密-台灣繁中版平台&lt;/a&gt;&lt;br /&gt;維基解密中文版&lt;br /&gt;這是一個透過熱心網友合作，將WikiLeaks-維基解密公佈的美國使館秘密電文(Secret US Embassy Cables)翻譯成正體中文的平台，優先處理和台灣較相關，有影響力的電文。&lt;br /&gt;美中台為主，有相當多連看都沒看過的秘辛。</content>
  </entry>
  <entry xml:base="http://www.plurk.com/user/ckhung0.xml">
    <title type="text">ckhung0 轉噗 briian 說 台電的問題是配合政府貪污腐敗[爆料] 台灣核能的真相，我們被騙幾十年了～幫轉明明可以省的不省，明明可以不用蓋的卻一直蓋</title>
    <id>tag:plurk.com;briian;1206780200</id>
    <updated>2014-04-24T13:45:26Z</updated>
    <published>2014-04-24T13:45:26Z</published>
    <link href="/p/jyhhk8" />
    <author>
      <name>briian</name>
    </author>
    <content type="html">ckhung0 轉噗 briian 說 台電的問題是配合政府貪污腐敗&lt;br /&gt;&lt;a href="http://www.ptt.cc/bbs/FuMouDiscuss/M.1398275578.A.247.html" class="ex_link" rel="nofollow"&gt;[爆料] 台灣核能的真相，我們被騙幾十年了～幫轉&lt;/a&gt;&lt;br /&gt;明明可以省的不省，明明可以不用蓋的卻一直蓋</content>
  </entry>
  <entry xml:base="http://www.plurk.com/user/ckhung0.xml">
    <title type="text">ckhung0 轉噗 davelin 說 Solidot | 路由器厂商发布的漏洞补丁不是移除而是隐藏后门 + [Dave] - Routers TCP 32764 Backdoor...</title>
    <id>tag:plurk.com;davelin;1206465951</id>
    <updated>2014-04-23T01:25:39Z</updated>
    <published>2014-04-23T01:25:39Z</published>
    <link href="/p/jyar33" />
    <author>
      <name>davelin</name>
    </author>
    <content type="html">ckhung0 轉噗 davelin 說 &lt;a href="http://www.solidot.org/story?sid=39231" class="ex_link" rel="nofollow"&gt;Solidot | 路由器厂商发布的漏洞补丁不是移除而是隐藏后门&lt;/a&gt; + &lt;a href="http://www.plurk.com/p/jy3671" class="ex_link plink"&gt;[Dave] - Routers TCP 32764 Backdoor...&lt;/a&gt;</content>
  </entry>
  <entry xml:base="http://www.plurk.com/user/ckhung0.xml">
    <title type="text">ckhung0 轉噗 davelin 說 [ BIOS Monthly ] 伊索比亞的甘霖：WarkaWater 「WarkaWater」的靈感即來自當地的 Warka 樹，一種原生於伊索比亞的無花果樹。這個設施由燈心草和竹條編織成花瓶狀的外型，內部塑料網狀結構所造就的微型通孔可達到凝水功能。當水滴形成了，就會沿著網格流入這座大花瓶的底部，形成一湖聚水池。</title>
    <id>tag:plurk.com;davelin;1206120123</id>
    <updated>2014-04-21T08:40:38Z</updated>
    <published>2014-04-21T08:40:38Z</published>
    <link href="/p/jy3c8r" />
    <author>
      <name>davelin</name>
    </author>
    <content type="html">ckhung0 轉噗 davelin 說 &lt;a href="https://fbcdn-sphotos-h-a.akamaihd.net/hphotos-ak-ash4/t1.0-9/1888553_815705861792862_4630833271520090606_n.jpg" class="ex_link pictureservices" rel="nofollow"&gt;&lt;img src="https://fbcdn-sphotos-h-a.akamaihd.net/hphotos-ak-ash4/t1.0-9/1888553_815705861792862_4630833271520090606_n.jpg" height="48" /&gt;&lt;/a&gt; &lt;a href="http://www.biosmonthly.com/contactd.php?id=4551" class="ex_link" rel="nofollow"&gt;[ BIOS Monthly ]  伊索比亞的甘霖：WarkaWater&lt;/a&gt; 「WarkaWater」的靈感即來自當地的 Warka 樹，一種原生於伊索比亞的無花果樹。這個設施由燈心草和竹條編織成花瓶狀的外型，內部塑料網狀結構所造就的微型通孔可達到凝水功能。當水滴形成了，就會沿著網格流入這座大花瓶的底部，形成一湖聚水池。</content>
  </entry>
  <entry xml:base="http://www.plurk.com/user/ckhung0.xml">
    <title type="text">ckhung0 轉噗 davelin 說 Confirmed: Nasty Heartbleed bug exposes OpenVPN private keys, too HeartBleed漏洞會暴露OpenVPN私鑰</title>
    <id>tag:plurk.com;davelin;1206057338</id>
    <updated>2014-04-21T00:53:22Z</updated>
    <published>2014-04-21T00:53:22Z</published>
    <link href="/p/jy1zsq" />
    <author>
      <name>davelin</name>
    </author>
    <content type="html">ckhung0 轉噗 davelin 說 &lt;a href="http://arstechnica.com/security/2014/04/confirmed-nasty-heartbleed-bug-exposes-openvpn-private-keys-too/" class="ex_link" rel="nofollow"&gt;Confirmed: Nasty Heartbleed bug exposes OpenVPN private keys, too&lt;/a&gt; HeartBleed漏洞會暴露OpenVPN私鑰</content>
  </entry>
  <entry xml:base="http://www.plurk.com/user/ckhung0.xml">
    <title type="text">ckhung0 轉噗 davelin 說 Rep 政治獻金數位化 政治現金人工 OCR，大家一起來幫忙辨識吧！不會寫程式的夥伴們，這時候就輪到我們可以用自己的腦袋上場的時候了！原提案Fw: [新聞] g0v黑客松提案！網友合力監督政治獻金</title>
    <id>tag:plurk.com;davelin;1205746124</id>
    <updated>2014-04-19T07:59:53Z</updated>
    <published>2014-04-19T07:59:53Z</published>
    <link href="/p/jxvbnw" />
    <author>
      <name>davelin</name>
    </author>
    <content type="html">ckhung0 轉噗 davelin 說 Rep &lt;a href="http://campaign-finance.g0v.ctiml.tw/cell" class="ex_link" rel="nofollow"&gt;政治獻金數位化&lt;/a&gt;  	&lt;br /&gt;政治現金人工 OCR，大家一起來幫忙辨識吧！不會寫程式的夥伴們，這時候就輪到我們可以用自己的腦袋上場的時候了！&lt;br /&gt;原提案&lt;br /&gt;&lt;a href="http://www.ptt.cc/bbs/FuMouDiscuss/M.1397887798.A.98F.html" class="ex_link" rel="nofollow"&gt;Fw: [新聞] g0v黑客松提案！網友合力監督政治獻金&lt;/a&gt;</content>
  </entry>
  <entry xml:base="http://www.plurk.com/user/ckhung0.xml">
    <title type="text">ckhung0 分享 TAHR PAS春季號：數位時代公民權 | 台灣人權促進會 「資訊親和力與身心障礙者 - Jedi」、 「誰需要認識自由軟體？- 洪朝貴」、 「零時政府的第一年 - g0v」、 「魯蛇世代的民權社會：網路為民、網友為主 - 莊友欣」 幾篇有網路版全文。 零時政府演講： [Dave] - OSDC.TW 2014 Keynote: Audrey - 零時政府的第一年 ...</title>
    <id>tag:plurk.com;ckhung0;1204707789</id>
    <updated>2014-04-14T03:11:47Z</updated>
    <published>2014-04-14T03:11:47Z</published>
    <link href="/p/jx92h9" />
    <author>
      <name>ckhung0</name>
    </author>
    <content type="html">ckhung0 分享 &lt;a href="http://www.tahr.org.tw/node/1369" class="ex_link" rel="nofollow"&gt;TAHR PAS春季號：數位時代公民權 | 台灣人權促進會&lt;/a&gt; 「資訊親和力與身心障礙者 - Jedi」、 「誰需要認識自由軟體？- 洪朝貴」、 「零時政府的第一年 - g0v」、 「魯蛇世代的民權社會：網路為民、網友為主 - 莊友欣」 幾篇有網路版全文。 零時政府演講： &lt;a href="http://www.plurk.com/p/jx8m26" class="ex_link plink meta"&gt;&lt;img src="http://i1.ytimg.com/vi/GwIMe3MNQ_Q/hqdefault.jpg" height="48" /&gt;[Dave] -  OSDC.TW 2014 Keynote: Audrey - 零時政府的第一年   ...&lt;/a&gt;</content>
  </entry>
  <entry xml:base="http://www.plurk.com/user/ckhung0.xml">
    <title type="text">ckhung0 replurks yvonneandcat 留言但那批書在中國印製完準備要以海運運出來時，就在海關那出了問題，因為中國發現了裡頭台灣那面小小的國旗，事情不得了了，數十萬本的繪本就這樣立即在中國境內全數銷毀，而他跟出版社也受到官方的譴責。布朗表示對他來說，他雖然不全然知道中國跟台灣的種種過節</title>
    <id>tag:plurk.com;yvonneandcat;1204318141</id>
    <updated>2014-04-12T03:35:02Z</updated>
    <published>2014-04-12T03:35:02Z</published>
    <link href="/p/jx0ptp" />
    <author>
      <name>yvonneandcat</name>
    </author>
    <content type="html">ckhung0 replurks yvonneandcat &lt;a href="https://m.facebook.com/chiahui.hsing/posts/679367732124411" class="ex_link" rel="nofollow"&gt;留言&lt;/a&gt;&lt;br /&gt;但那批書在中國印製完準備要以海運運出來時，就在海關那出了問題，因為中國發現了裡頭台灣那面小小的國旗，事情不得了了，數十萬本的繪本就這樣立即在中國境內全數銷毀，而他跟出版社也受到官方的譴責。布朗表示對他來說，他雖然不全然知道中國跟台灣的種種過節</content>
  </entry>
  <entry xml:base="http://www.plurk.com/user/ckhung0.xml">
    <title type="text">ckhung0 轉噗 zephyrhsu 說 不知這個 bug 醫龍可以處理得了嗎？OpenSSL 的 Heartbleed 漏洞後續：這個臭蟲潛伏了兩年，如果你使用的服務在受影響清單內，請盡速修改密碼。請注意！這裡不包含國內網站...中文 (精簡版)：恐怖安全漏洞Heartbleed來襲，快換掉網站密碼吧！來源 (完整清單)：The Heartbleed Hit List: The Passwords You Need to Change Right N...</title>
    <id>tag:plurk.com;zephyrhsu;1204107057</id>
    <updated>2014-04-11T02:26:10Z</updated>
    <published>2014-04-11T02:26:10Z</published>
    <link href="/p/jww6y9" />
    <author>
      <name>zephyrhsu</name>
    </author>
    <content type="html">ckhung0 轉噗 zephyrhsu 說 不知這個 bug 醫龍可以處理得了嗎？&lt;br /&gt;OpenSSL 的 Heartbleed 漏洞後續：&lt;br /&gt;這個臭蟲潛伏了兩年，如果你使用的服務在受影響清單內，請盡速修改密碼。&lt;br /&gt;請注意！這裡不包含國內網站...&lt;br /&gt;中文 (精簡版)：&lt;a href="http://goo.gl/CTYEq4" class="ex_link meta" rel="nofollow"&gt;&lt;img src="http://bnext.com.tw/data/article/576b9b48/4963479e/576b9b48_t.jpg?t=1397151394" height="40px" /&gt;恐怖安全漏洞Heartbleed來襲，快換掉網站密碼吧！&lt;/a&gt;來源 (完整清單)：&lt;a href="http://goo.gl/CiMwVi" class="ex_link" rel="nofollow"&gt;The Heartbleed Hit List: The Passwords You Need to Change Right N...&lt;/a&gt;</content>
  </entry>
  <entry xml:base="http://www.plurk.com/user/ckhung0.xml">
    <title type="text">ckhung0 分享 chrome 安全漏洞：你所造訪的網站有機會傾聽你的對話。 這樣的網站無法直接取得你的麥克風的聲音， 但可以取得「電旁的對話聲經過語音辨識之後的文字」。 意思是說沒在講英文的人應該不必擔心 Listen To This - Google Chrome Bug Could Let Websites Spy On Your...</title>
    <id>tag:plurk.com;ckhung0;1204100890</id>
    <updated>2014-04-11T01:40:51Z</updated>
    <published>2014-04-11T01:40:51Z</published>
    <link href="/p/jww26y" />
    <author>
      <name>ckhung0</name>
    </author>
    <content type="html">ckhung0 分享 chrome 安全漏洞：你所造訪的網站有機會傾聽你的對話。 這樣的網站無法直接取得你的麥克風的聲音， 但可以取得「電旁的對話聲經過語音辨識之後的文字」。 意思是說沒在講英文的人應該不必擔心 &lt;img src="http://statics.plurk.com/99ef3957ef779718546752b749bdeabd.gif" class="emoticon" alt=":-)" /&gt;  &lt;a href="http://t.co/WvSftgVwqd" class="ex_link" rel="nofollow"&gt;Listen To This - Google Chrome Bug Could Let Websites Spy On Your...&lt;/a&gt;</content>
  </entry>
  <entry xml:base="http://www.plurk.com/user/ckhung0.xml">
    <title type="text">ckhung0 分享 (ReP irvinfly) 5/14下午@臺北， 非技術、全英文的演講 by RMS： 「在數位社會當中有許多對於自由的威脅，包含大規模監控、審查、數位枷鎖、掌控使用者的非自由軟體、以及對於分享的戰爭，而使用各種網路服務，也漸成另一種的威脅。最終，我們將不再擁有於網路上做任何事情的權利，而需仰賴大企業所施捨的善意。」 台北 Richard Stallman 演講－A Free Digital Society</title>
    <id>tag:plurk.com;ckhung0;1204099637</id>
    <updated>2014-04-11T01:31:04Z</updated>
    <published>2014-04-11T01:31:04Z</published>
    <link href="/p/jww185" />
    <author>
      <name>ckhung0</name>
    </author>
    <content type="html">ckhung0 分享 (ReP &lt;a href="http://www.plurk.com/irvinfly" class="ex_link"&gt;irvinfly&lt;/a&gt;) 5/14下午@臺北， 非技術、全英文的演講 by RMS： 「在數位社會當中有許多對於自由的威脅，包含大規模監控、審查、數位枷鎖、掌控使用者的非自由軟體、以及對於分享的戰爭，而使用各種網路服務，也漸成另一種的威脅。最終，我們將不再擁有於網路上做任何事情的權利，而需仰賴大企業所施捨的善意。」 &lt;a href="http://rms.kktix.cc/events/2014-taipei" class="ex_link meta" rel="nofollow"&gt;&lt;img src="https://s3-ap-northeast-1.amazonaws.com/kkbox-registrano/upload_images/32960/___rev2_original.png" height="40px" /&gt;台北 Richard Stallman 演講－A Free Digital Society&lt;/a&gt;</content>
  </entry>
  <entry xml:base="http://www.plurk.com/user/ckhung0.xml">
    <title type="text">ckhung0 分享 4/12(六) 14-16 NII 協進會 (臺北) 吳國維、 楊孝先、 徐子涵 太陽花、網路中立、自由和治理</title>
    <id>tag:plurk.com;ckhung0;1203997042</id>
    <updated>2014-04-10T12:46:29Z</updated>
    <published>2014-04-10T12:46:29Z</published>
    <link href="/p/jwtu2a" />
    <author>
      <name>ckhung0</name>
    </author>
    <content type="html">ckhung0 分享 4/12(六) 14-16 &lt;a href="http://www.plurk.com/NII" class="ex_link"&gt;NII&lt;/a&gt; 協進會 (臺北) 吳國維、 楊孝先、 徐子涵   &lt;a href="http://okfntw.kktix.cc/events/sunflower-ig" class="ex_link meta" rel="nofollow"&gt;&lt;img src="https://s3-ap-northeast-1.amazonaws.com/kkbox-registrano/upload_images/32941/3183290111_989c5b1bec_z_original.jpg" height="40px" /&gt;太陽花、網路中立、自由和治理&lt;/a&gt;</content>
  </entry>
  <entry xml:base="http://www.plurk.com/user/ckhung0.xml">
    <title type="text">ckhung0 分享 越來越多人了.. 是要到哪裡聯署啊? 有 「逐條分析打政府臉」 的文章嗎? 246名學者聯署反開放2類電信 憂「台灣永無寧日」 | 國內 | 新聞 | 風傳媒 這一篇比較具體： 「很多資料單獨來看，完全無害，但是當我們有辦法把所有的資料放一起，然後針對他來檢查、挖礦後，卻可以找到許多非常寶貴的資源」 知識份子的良知~資料庫篇</title>
    <id>tag:plurk.com;ckhung0;1203741717</id>
    <updated>2014-04-09T06:48:14Z</updated>
    <published>2014-04-09T06:48:14Z</published>
    <link href="/p/jwod1x" />
    <author>
      <name>ckhung0</name>
    </author>
    <content type="html">ckhung0 分享 越來越多人了.. 是要到哪裡聯署啊? 有 「逐條分析打政府臉」 的文章嗎? &lt;a href="http://www.stormmediagroup.com/opencms/news/detail/2d9c455b-bf03-11e3-a617-ef2804cba5a1/?uuid=2d9c455b-bf03-11e3-a617-ef2804cba5a1" class="ex_link meta" rel="nofollow"&gt;&lt;img src="http://www.stormmediagroup.com/export/sites/stormmedia/DomesticPicUnpublish/201404/honggua-04-08-2014.jpg_838888188.jpg" height="40px" /&gt;246名學者聯署反開放2類電信　憂「台灣永無寧日」 | 國內 | 新聞 | 風傳媒&lt;/a&gt; 這一篇比較具體： 「很多資料單獨來看，完全無害，但是當我們有辦法把所有的資料放一起，然後針對他來檢查、挖礦後，卻可以找到許多非常寶貴的資源」 &lt;a href="http://blog.xuite.net/ycedu/blog/209899142" class="ex_link meta" rel="nofollow"&gt;&lt;img src="http://blog.xuite.net/ycedu/blog/209899142/cover400.jpg" height="40px" /&gt;知識份子的良知~資料庫篇&lt;/a&gt;</content>
  </entry>
  <entry xml:base="http://www.plurk.com/user/ckhung0.xml">
    <title type="text">ckhung0 replurks joschild ぜひ 參與這次學運的學生們請注意~~ 高成炎教授提醒，不必被警方的到案通知書嚇到，只要把一切交給公益律師即可。( 義務陪偵律師專線電話：02-25231178 ( 二十四小時 )、白天: 02-33938666 、晚上: 02-25592119 )</title>
    <id>tag:plurk.com;joschild;1203626114</id>
    <updated>2014-04-08T15:18:44Z</updated>
    <published>2014-04-08T15:18:44Z</published>
    <link href="/p/jwlvuq" />
    <author>
      <name>joschild</name>
    </author>
    <content type="html">ckhung0 replurks joschild ぜひ 參與這次學運的學生們請注意~~  高成炎教授提醒，不必被警方的到案通知書嚇到，只要把一切交給公益律師即可。( 義務陪偵律師專線電話：02-25231178 ( 二十四小時 )、白天: 02-33938666 、晚上: 02-25592119 )</content>
  </entry>
</feed>
