<?xml version="1.0" encoding="utf-8"?>
<feed xmlns="http://www.w3.org/2005/Atom">
  <title type="text">ckhung0</title>
  <id>http://www.plurk.com/user/ckhung0.xml</id>
  <updated>2014-05-16T01:35:28Z</updated>
  <link href="http://www.plurk.com/" />
  <link href="http://www.plurk.com/user/ckhung0.xml" rel="self" />
  <generator>Werkzeug</generator>
  <entry xml:base="http://www.plurk.com/user/ckhung0.xml">
    <title type="text">ckhung0 轉噗 177cm_cat Drinkable Book 讓汙水變清水的神奇魔法書 好讚</title>
    <id>tag:plurk.com;177cm_cat;1210915326</id>
    <updated>2014-05-16T01:35:28Z</updated>
    <published>2014-05-16T01:35:28Z</published>
    <link href="/p/k0y48u" />
    <author>
      <name>177cm_cat</name>
    </author>
    <content type="html">ckhung0 轉噗 177cm_cat &lt;a href="http://daman.cool3c.com/node/80592" class="ex_link meta" rel="nofollow"&gt;&lt;img src="http://image.funmakr.com/files/styles/rs-medium-600w/public/media/dri/nka/ble/boo/drinkable_book_6.jpg?itok=31Wtmez0" height="40px" /&gt;Drinkable Book 讓汙水變清水的神奇魔法書&lt;/a&gt;  好讚</content>
  </entry>
  <entry xml:base="http://www.plurk.com/user/ckhung0.xml">
    <title type="text">ckhung0 轉噗 grazewind 覺得 不可思議啊~最老的樹活了9,550歲啊！ The Oldest, Tallest, Widest and Biggest Trees in the World</title>
    <id>tag:plurk.com;grazewind;1210848105</id>
    <updated>2014-05-15T15:22:22Z</updated>
    <published>2014-05-15T15:22:22Z</published>
    <link href="/p/k0wodl" />
    <author>
      <name>grazewind</name>
    </author>
    <content type="html">ckhung0 轉噗 grazewind 覺得 不可思議啊~最老的樹活了9,550歲啊！ &lt;a href="http://iliketowastemytime.com/2012/10/01/oldest-tallest-and-biggest-trees-in-world" class="ex_link" rel="nofollow"&gt;The Oldest, Tallest, Widest and Biggest Trees in the World&lt;/a&gt;</content>
  </entry>
  <entry xml:base="http://www.plurk.com/user/ckhung0.xml">
    <title type="text">ckhung0 分享 「我理解來自業界的壓力；但其實要捍衛自由軟體，還有很多事是他們可以做的。.. 要求Adobe不得法律騷擾揭露資安問題的專家、 教育用戶DRM如何威脅資安、 研究DRM的市場效應、 明確陳述DRM政策」Moz屈服、火狐將納入封閉原始碼的DRM， 這真是傷透了我的心啊! Firefox’s adoption of closed-source DRM breaks my heart</title>
    <id>tag:plurk.com;ckhung0;1210765271</id>
    <updated>2014-05-15T07:43:28Z</updated>
    <published>2014-05-15T07:43:28Z</published>
    <link href="/p/k0uwgn" />
    <author>
      <name>ckhung0</name>
    </author>
    <content type="html">ckhung0 分享 「我理解來自業界的壓力；但其實要捍衛自由軟體，還有很多事是他們可以做的。.. 要求Adobe不得法律騷擾揭露資安問題的專家、 教育用戶DRM如何威脅資安、 研究DRM的市場效應、 明確陳述DRM政策」Moz屈服、火狐將納入封閉原始碼的DRM， 這真是傷透了我的心啊! &lt;a href="http://t.co/paxRrHKt3N" class="ex_link" rel="nofollow"&gt;Firefox’s adoption of closed-source DRM breaks my heart&lt;/a&gt;</content>
  </entry>
  <entry xml:base="http://www.plurk.com/user/ckhung0.xml">
    <title type="text">ckhung0 分享 南韓開始實施類似 SOPA 的網路管制、封鎖境外侵權網站。 自從美韓自由貿易協定 (KORUS) 簽署之後，韓國政府就配合美國政府的要求，逐步強化智財管制。 現在韓國急欲簽 TPP， 可能會讓情況更加惡化。 South Korea Officials Enact De Facto SOPA Regime to Block Foreign...</title>
    <id>tag:plurk.com;ckhung0;1210763070</id>
    <updated>2014-05-15T07:29:45Z</updated>
    <published>2014-05-15T07:29:45Z</published>
    <link href="/p/k0uuri" />
    <author>
      <name>ckhung0</name>
    </author>
    <content type="html">ckhung0 分享 南韓開始實施類似 SOPA 的網路管制、封鎖境外侵權網站。 自從美韓自由貿易協定 (KORUS) 簽署之後，韓國政府就配合美國政府的要求，逐步強化智財管制。 現在韓國急欲簽 TPP， 可能會讓情況更加惡化。  &lt;a href="https://t.co/PHQNxFMs2H" class="ex_link" rel="nofollow"&gt;South Korea Officials Enact De Facto SOPA Regime to Block Foreign...&lt;/a&gt;</content>
  </entry>
  <entry xml:base="http://www.plurk.com/user/ckhung0.xml">
    <title type="text">ckhung0 轉噗 phiphicake 『若你認為警察應該要有工會，但認為社運人士有陰謀、不可信，那你應該怎麼做？其實答案呼之欲出：你自己站出來，聯合其他不信任社運的人，開始支持警察組工會。』警察工會和警察公民 | 朱家安專欄 | udn專欄 | udn時事話題</title>
    <id>tag:plurk.com;phiphicake;1210715757</id>
    <updated>2014-05-15T02:01:12Z</updated>
    <published>2014-05-15T02:01:12Z</published>
    <link href="/p/k0tu99" />
    <author>
      <name>phiphicake</name>
    </author>
    <content type="html">ckhung0 轉噗 phiphicake 『若你認為警察應該要有工會，但認為社運人士有陰謀、不可信，那你應該怎麼做？其實答案呼之欲出：你自己站出來，聯合其他不信任社運的人，開始支持警察組工會。』&lt;br /&gt;&lt;a href="http://mag.udn.com/mag/news/storypage.jsp?f_MAIN_ID=488&amp;amp;f_SUB_ID=6002&amp;amp;f_ART_ID=508694" class="ex_link meta" rel="nofollow"&gt;&lt;img src="http://mag.udn.com/magimages/5/PROJ_ARTICLE/488_6002/f_508694_1.jpg?sn=1397470679547" height="40px" /&gt;警察工會和警察公民 | 朱家安專欄 | udn專欄 | udn時事話題&lt;/a&gt;</content>
  </entry>
  <entry xml:base="http://www.plurk.com/user/ckhung0.xml">
    <title type="text">ckhung0 轉噗 briian 說 [爆卦]某機關正利用駭客針對台灣街頭運動者進行大規模個資蒐集阿碼外傳&amp;#65293;阿碼科技非官方中文 Blog: 某機關正利用駭客針對台灣街頭運動者進行大規模個資蒐集</title>
    <id>tag:plurk.com;briian;1210548368</id>
    <updated>2014-05-14T05:51:41Z</updated>
    <published>2014-05-14T05:51:41Z</published>
    <link href="/p/k0q93k" />
    <author>
      <name>briian</name>
    </author>
    <content type="html">ckhung0 轉噗 briian 說 [爆卦]某機關正利用駭客針對台灣街頭運動者進行大規模個資蒐集&lt;br /&gt;&lt;a href="http://armorize-cht.blogspot.tw/2014/05/apple.imessage.apt.campaign.html" class="ex_link" rel="nofollow"&gt;阿碼外傳&amp;#65293;阿碼科技非官方中文 Blog: 某機關正利用駭客針對台灣街頭運動者進行大規模個資蒐集&lt;/a&gt;</content>
  </entry>
  <entry xml:base="http://www.plurk.com/user/ckhung0.xml">
    <title type="text">ckhung0 轉噗 davelin 說 ReF Linux gets fix for code-execution flaw that was undetected since ... CVE-2014-0196 為 Linux 近日 kernel pty 極嚴重漏洞，可能導致系統遭到 DoS 攻擊，甚至可以取得系統管理者權限。漏洞已經存在 5 年 (2009 年至今)，影響的 Linux Kernel 從 2.6.31-rc3 至 3.15-rc4，非常廣泛。請各位儘速更新！！</title>
    <id>tag:plurk.com;davelin;1210510618</id>
    <updated>2014-05-14T01:27:16Z</updated>
    <published>2014-05-14T01:27:16Z</published>
    <link href="/p/k0pfyy" />
    <author>
      <name>davelin</name>
    </author>
    <content type="html">ckhung0 轉噗 davelin 說 ReF &lt;a href="http://arstechnica.com/security/2014/05/linux-gets-fix-for-code-execution-flaw-that-went-unpatched-since-2009/" class="ex_link" rel="nofollow"&gt;Linux gets fix for code-execution flaw that was undetected since ...&lt;/a&gt;  CVE-2014-0196 為 Linux 近日 kernel pty 極嚴重漏洞，可能導致系統遭到 DoS 攻擊，甚至可以取得系統管理者權限。漏洞已經存在 5 年 (2009 年至今)，影響的 Linux Kernel 從 2.6.31-rc3 至 3.15-rc4，非常廣泛。請各位儘速更新！！</content>
  </entry>
  <entry xml:base="http://www.plurk.com/user/ckhung0.xml">
    <title type="text">ckhung0 轉噗 yuanchao 說 (RP) BJ4 恍然大悟！</title>
    <id>tag:plurk.com;yuanchao;1210352641</id>
    <updated>2014-05-13T06:21:34Z</updated>
    <published>2014-05-13T06:21:34Z</published>
    <link href="/p/k0m22p" />
    <author>
      <name>yuanchao</name>
    </author>
    <content type="html">ckhung0 轉噗 yuanchao 說 (RP) BJ4  &lt;a href="https://fbcdn-sphotos-f-a.akamaihd.net/hphotos-ak-prn2/t1.0-9/10300659_10152098492711769_6091648047854882076_n.jpg" class="ex_link pictureservices" rel="nofollow"&gt;&lt;img src="https://fbcdn-sphotos-f-a.akamaihd.net/hphotos-ak-prn2/t1.0-9/10300659_10152098492711769_6091648047854882076_n.jpg" height="48" /&gt;&lt;/a&gt;&lt;br /&gt;恍然大悟！</content>
  </entry>
  <entry xml:base="http://www.plurk.com/user/ckhung0.xml">
    <title type="text">ckhung0 分享 玩具烏托邦: 遠端桌面連線軟體 VNC 也可以當成電子白板或廣播教學軟體來用 [在 Nexus S 手機的 CyanogenMod 上面執行 VNC， 連線到 antix 電腦] 「如果好幾個客戶端同時連線到同一個 vnc 服務那麼 vnc 就變成了..電子白板..一起畫圖。 如果老師的電腦啟用 vnc 服務..再邀請學生連線， 這就變成螢幕廣播軟體。」</title>
    <id>tag:plurk.com;ckhung0;1210126277</id>
    <updated>2014-05-12T03:02:28Z</updated>
    <published>2014-05-12T03:02:28Z</published>
    <link href="/p/k0h7et" />
    <author>
      <name>ckhung0</name>
    </author>
    <content type="html">ckhung0 分享 &lt;a href="http://newtoypia.blogspot.tw/2014/05/vnc.html" class="ex_link" rel="nofollow"&gt;玩具烏托邦: 遠端桌面連線軟體 VNC 也可以當成電子白板或廣播教學軟體來用&lt;/a&gt; &lt;a href="http://user.frdm.info/ckhung/m/14/vnc-on-cm.jpg" class="ex_link pictureservices" rel="nofollow"&gt;&lt;img src="http://user.frdm.info/ckhung/m/14/vnc-on-cm.jpg" height="48" /&gt;&lt;/a&gt; [在 Nexus S 手機的 CyanogenMod 上面執行 VNC， 連線到 antix 電腦] 「如果好幾個客戶端同時連線到同一個 vnc 服務那麼 vnc 就變成了..電子白板..一起畫圖。 如果老師的電腦啟用 vnc 服務..再邀請學生連線， 這就變成螢幕廣播軟體。」</content>
  </entry>
  <entry xml:base="http://www.plurk.com/user/ckhung0.xml">
    <title type="text">ckhung0 說 (ReP beliarken ) [情報] 杭州發生暴動了 - Gossiping板 - Disp BBS ； 「暴动、不满建造亚洲最大垃圾场_东平吧_百度贴吧」搜一下，目前還可看見被刪頁面的 cache； 匿名和不受屏蔽的新浪微博搜索 | 自由微博 上面， 目前最熱門關鍵詞是「杭州」跟「余杭」</title>
    <id>tag:plurk.com;ckhung0;1210116327</id>
    <updated>2014-05-12T01:47:50Z</updated>
    <published>2014-05-12T01:47:50Z</published>
    <link href="/p/k0gzqf" />
    <author>
      <name>ckhung0</name>
    </author>
    <content type="html">ckhung0 說 (ReP &lt;a href="http://www.plurk.com/beliarken" class="ex_link"&gt;beliarken&lt;/a&gt; ) &lt;a href="http://disp.cc/b/163-7Flt" class="ex_link meta" rel="nofollow"&gt;&lt;img src="http://i.disp.cc/disp/displogo200.png" height="40px" /&gt;[情報] 杭州發生暴動了 - Gossiping板 - Disp BBS&lt;/a&gt; ； 「暴动、不满建造亚洲最大垃圾场_东平吧_百度贴吧」搜一下，目前還可看見被刪頁面的 &lt;a href="http://0rz.tw/C3QDT" class="ex_link" rel="nofollow"&gt;cache&lt;/a&gt;； &lt;a href="https://freeweibo.com/" class="ex_link" rel="nofollow"&gt;匿名和不受屏蔽的新浪微博搜索 | 自由微博&lt;/a&gt; 上面， 目前最熱門關鍵詞是「杭州」跟「余杭」</content>
  </entry>
  <entry xml:base="http://www.plurk.com/user/ckhung0.xml">
    <title type="text">ckhung0 轉噗 davelin 說 ReF Covert Redirect Vulnerability OAuth 2.0 及 OpenID 爆發安全漏洞(含影片說明)這2個服務讓使用者可以在不透漏帳號密碼的情況之下，授權第三方網路應用使用原本提供的網路服務。(有在玩APP的人應該常看到要求 FB &amp;amp; G+ 帳號的訊息)</title>
    <id>tag:plurk.com;davelin;1208837693</id>
    <updated>2014-05-05T08:22:02Z</updated>
    <published>2014-05-05T08:22:02Z</published>
    <link href="/p/jzpl4t" />
    <author>
      <name>davelin</name>
    </author>
    <content type="html">ckhung0 轉噗 davelin 說 ReF &lt;a href="http://tetraph.com/covert_redirect/" class="ex_link" rel="nofollow"&gt;Covert Redirect Vulnerability&lt;/a&gt;   &lt;br /&gt;OAuth 2.0 及 OpenID 爆發安全漏洞(含影片說明)&lt;br /&gt;這2個服務讓使用者可以在不透漏帳號密碼的情況之下，授權第三方網路應用使用原本提供的網路服務。(有在玩APP的人應該常看到要求 FB &amp;amp; G+ 帳號的訊息)</content>
  </entry>
  <entry xml:base="http://www.plurk.com/user/ckhung0.xml">
    <title type="text">ckhung0 轉噗 BlueT 超世紀的 RMS - Richard Stallman 中部演講終於姍姍來遲了！好不容易終於敲定了『同步口譯』，讓大家可以輕鬆聽懂，不用擔心英文吃力。配合應景的油桐花盛開，大家可以閤家出遊，聽自由軟體之母演講時，讓母親與家人也能在暨南大學校園內賞花、遠眺草原山景，度過美妙輕鬆的母親節。中部 Richard Stallman 演講 （有中文同步口譯）</title>
    <id>tag:plurk.com;BlueT;1208651071</id>
    <updated>2014-05-04T09:27:42Z</updated>
    <published>2014-05-04T09:27:42Z</published>
    <link href="/p/jzll4v" />
    <author>
      <name>BlueT</name>
    </author>
    <content type="html">ckhung0 轉噗 BlueT 超世紀的 RMS - Richard Stallman 中部演講終於姍姍來遲了！&lt;br /&gt;好不容易終於敲定了『同步口譯』，讓大家可以輕鬆聽懂，不用擔心英文吃力。&lt;br /&gt;配合應景的油桐花盛開，大家可以閤家出遊，聽自由軟體之母演講時，讓母親與家人也能在暨南大學校園內賞花、遠眺草原山景，度過美妙輕鬆的母親節。&lt;br /&gt;&lt;a href="http://rms.kktix.cc/events/2014-central" class="ex_link meta" rel="nofollow"&gt;&lt;img src="https://assets0.kktix.com/assets/kktix-og-image-d78cd487cdb72fbf4b8b91185ff069bd.png" height="40px" /&gt;中部 Richard Stallman 演講 （有中文同步口譯）&lt;/a&gt;</content>
  </entry>
  <entry xml:base="http://www.plurk.com/user/ckhung0.xml">
    <title type="text">ckhung0 打算 TEDxTMU - 感知 | TEDx | TED.com 即將出席 5/17 臺北醫學大學的 TEDx 演講， 講題： 智慧 不是財產； 智慧 是廣告看板 。 講者可以擺攤位耶! 有沒有朋友有空來當義工幫我替聽眾複製救命碟啊 我會提供小筆電並教你如何複製。</title>
    <id>tag:plurk.com;ckhung0;1208405400</id>
    <updated>2014-05-03T00:29:32Z</updated>
    <published>2014-05-03T00:29:32Z</published>
    <link href="/p/jzgbko" />
    <author>
      <name>ckhung0</name>
    </author>
    <content type="html">ckhung0 打算 &lt;a href="https://www.ted.com/tedx/events/11705" class="ex_link meta" rel="nofollow"&gt;&lt;img src="https://www.ted.com/images/ted_amp_network.gif" height="40px" /&gt;TEDxTMU - 感知 | TEDx | TED.com&lt;/a&gt; 即將出席 5/17 臺北醫學大學的 TEDx 演講， 講題： &lt;a href="http://user.frdm.info/ckhung/e/e14517-attention.php" class="ex_link" rel="nofollow"&gt;智慧 不是財產； 智慧 是廣告看板&lt;/a&gt; 。 講者可以擺攤位耶! 有沒有朋友有空來當義工幫我替聽眾複製救命碟啊 &lt;img src="http://statics.plurk.com/99ef3957ef779718546752b749bdeabd.gif" class="emoticon" alt=":-)" /&gt; 我會提供小筆電並教你如何複製。</content>
  </entry>
  <entry xml:base="http://www.plurk.com/user/ckhung0.xml">
    <title type="text">ckhung0 分享 你曾經在不同的網站上發現有一些廣告老是愛跟著你嗎? EFF 推出瀏覽器隱私保護外掛， 擋掉那些跨站跟蹤你的 cookie 。 Alpha 測試版。 (FF 及 chrome。 還在用 IE 的人應該是對資安跟隱私議題沒興趣的啦 ) Help EFF Test Privacy Badger, Our New Tool to Stop Creepy Online ...</title>
    <id>tag:plurk.com;ckhung0;1208404706</id>
    <updated>2014-05-03T00:24:26Z</updated>
    <published>2014-05-03T00:24:26Z</published>
    <link href="/p/jzgb1e" />
    <author>
      <name>ckhung0</name>
    </author>
    <content type="html">ckhung0 分享 你曾經在不同的網站上發現有一些廣告老是愛跟著你嗎? EFF 推出瀏覽器隱私保護外掛， 擋掉那些跨站跟蹤你的 cookie 。 Alpha 測試版。 (FF 及 chrome。 還在用 IE 的人應該是對資安跟隱私議題沒興趣的啦 &lt;img src="http://statics.plurk.com/3fabe74e992888be701de2a9d80c180a.gif" class="emoticon" alt="(devil)" /&gt; )  &lt;a href="https://t.co/7DZa0NxkQ9" class="ex_link" rel="nofollow"&gt;Help EFF Test Privacy Badger, Our New Tool to Stop Creepy Online ...&lt;/a&gt;</content>
  </entry>
  <entry xml:base="http://www.plurk.com/user/ckhung0.xml">
    <title type="text">ckhung0 分享 巴西國會通過「網際網路權利法案」保障公民在網路上的言論自由、隱私、網路中立。 Brazil's internet gets groundbreaking bill of rights - tech - 25 ... 但其他各國政府(有時搭配財團)不斷企圖控制網路，公民有何對策? 1. 地方政府建立在地自主的網路，就像道路一樣 To Save the Internet We Need To Own The Means Of Distribution 2. 推廣匿名開發的無線電通訊機制，不需要網路或手機 Anonymous&amp;#039; New Walkie Talkies Use Radio Waves to Access the ...</title>
    <id>tag:plurk.com;ckhung0;1207827874</id>
    <updated>2014-04-30T01:19:35Z</updated>
    <published>2014-04-30T01:19:35Z</published>
    <link href="/p/jz3xya" />
    <author>
      <name>ckhung0</name>
    </author>
    <content type="html">ckhung0 分享 巴西國會通過「網際網路權利法案」保障公民在網路上的言論自由、隱私、網路中立。 &lt;a href="http://t.co/tSXEoH0wIO" class="ex_link" rel="nofollow"&gt;Brazil's internet gets groundbreaking bill of rights - tech - 25 ...&lt;/a&gt; 但其他各國政府(有時搭配財團)不斷企圖控制網路，公民有何對策? 1. 地方政府建立在地自主的網路，就像道路一樣 &lt;a href="http://t.co/g8NgNylrq7" class="ex_link" rel="nofollow"&gt;To Save the Internet We Need To Own The Means Of Distribution&lt;/a&gt; 2. 推廣匿名開發的無線電通訊機制，不需要網路或手機 &lt;a href="http://t.co/NS2rsCHMed" class="ex_link" rel="nofollow"&gt;Anonymous&amp;#039; New Walkie Talkies Use Radio Waves to Access the ...&lt;/a&gt;</content>
  </entry>
  <entry xml:base="http://www.plurk.com/user/ckhung0.xml">
    <title type="text">ckhung0 分享 5/13(二) 傍晚 @ 中山大學 高雄 Richard Stallman 演講－Free Software and Beyond</title>
    <id>tag:plurk.com;ckhung0;1207537100</id>
    <updated>2014-04-28T13:20:24Z</updated>
    <published>2014-04-28T13:20:24Z</published>
    <link href="/p/jyxpl8" />
    <author>
      <name>ckhung0</name>
    </author>
    <content type="html">ckhung0 分享 5/13(二) 傍晚 @ 中山大學 &lt;a href="http://rms.kktix.cc/events/2014-kaohsiung" class="ex_link meta" rel="nofollow"&gt;&lt;img src="https://s3-ap-northeast-1.amazonaws.com/kkbox-registrano/upload_images/33244/Stallman_Event_original.jpg" height="40px" /&gt;高雄 Richard Stallman 演講－Free Software and Beyond&lt;/a&gt;</content>
  </entry>
  <entry xml:base="http://www.plurk.com/user/ckhung0.xml">
    <title type="text">ckhung0 轉噗 Opposition_Blackbox 【衍伸閱讀】維機解密-台灣繁中版平台維基解密中文版這是一個透過熱心網友合作，將WikiLeaks-維基解密公佈的美國使館秘密電文(Secret US Embassy Cables)翻譯成正體中文的平台，優先處理和台灣較相關，有影響力的電文。美中台為主，有相當多連看都沒看過的秘辛。</title>
    <id>tag:plurk.com;Opposition_Blackbox;1207373054</id>
    <updated>2014-04-27T15:47:10Z</updated>
    <published>2014-04-27T15:47:10Z</published>
    <link href="/p/jyu70e" />
    <author>
      <name>Opposition_Blackbox</name>
    </author>
    <content type="html">ckhung0 轉噗 Opposition_Blackbox 【衍伸閱讀】&lt;br /&gt;&lt;a href="http://billypan.com/wiki/%E9%A6%96%E9%A0%81" class="ex_link" rel="nofollow"&gt;維機解密-台灣繁中版平台&lt;/a&gt;&lt;br /&gt;維基解密中文版&lt;br /&gt;這是一個透過熱心網友合作，將WikiLeaks-維基解密公佈的美國使館秘密電文(Secret US Embassy Cables)翻譯成正體中文的平台，優先處理和台灣較相關，有影響力的電文。&lt;br /&gt;美中台為主，有相當多連看都沒看過的秘辛。</content>
  </entry>
  <entry xml:base="http://www.plurk.com/user/ckhung0.xml">
    <title type="text">ckhung0 轉噗 briian 說 台電的問題是配合政府貪污腐敗[爆料] 台灣核能的真相，我們被騙幾十年了～幫轉明明可以省的不省，明明可以不用蓋的卻一直蓋</title>
    <id>tag:plurk.com;briian;1206780200</id>
    <updated>2014-04-24T13:45:26Z</updated>
    <published>2014-04-24T13:45:26Z</published>
    <link href="/p/jyhhk8" />
    <author>
      <name>briian</name>
    </author>
    <content type="html">ckhung0 轉噗 briian 說 台電的問題是配合政府貪污腐敗&lt;br /&gt;&lt;a href="http://www.ptt.cc/bbs/FuMouDiscuss/M.1398275578.A.247.html" class="ex_link" rel="nofollow"&gt;[爆料] 台灣核能的真相，我們被騙幾十年了～幫轉&lt;/a&gt;&lt;br /&gt;明明可以省的不省，明明可以不用蓋的卻一直蓋</content>
  </entry>
  <entry xml:base="http://www.plurk.com/user/ckhung0.xml">
    <title type="text">ckhung0 轉噗 davelin 說 Solidot | 路由器厂商发布的漏洞补丁不是移除而是隐藏后门 + [Dave] - Routers TCP 32764 Backdoor...</title>
    <id>tag:plurk.com;davelin;1206465951</id>
    <updated>2014-04-23T01:25:39Z</updated>
    <published>2014-04-23T01:25:39Z</published>
    <link href="/p/jyar33" />
    <author>
      <name>davelin</name>
    </author>
    <content type="html">ckhung0 轉噗 davelin 說 &lt;a href="http://www.solidot.org/story?sid=39231" class="ex_link" rel="nofollow"&gt;Solidot | 路由器厂商发布的漏洞补丁不是移除而是隐藏后门&lt;/a&gt; + &lt;a href="http://www.plurk.com/p/jy3671" class="ex_link plink"&gt;[Dave] - Routers TCP 32764 Backdoor...&lt;/a&gt;</content>
  </entry>
  <entry xml:base="http://www.plurk.com/user/ckhung0.xml">
    <title type="text">ckhung0 轉噗 davelin 說 [ BIOS Monthly ] 伊索比亞的甘霖：WarkaWater 「WarkaWater」的靈感即來自當地的 Warka 樹，一種原生於伊索比亞的無花果樹。這個設施由燈心草和竹條編織成花瓶狀的外型，內部塑料網狀結構所造就的微型通孔可達到凝水功能。當水滴形成了，就會沿著網格流入這座大花瓶的底部，形成一湖聚水池。</title>
    <id>tag:plurk.com;davelin;1206120123</id>
    <updated>2014-04-21T08:40:38Z</updated>
    <published>2014-04-21T08:40:38Z</published>
    <link href="/p/jy3c8r" />
    <author>
      <name>davelin</name>
    </author>
    <content type="html">ckhung0 轉噗 davelin 說 &lt;a href="https://fbcdn-sphotos-h-a.akamaihd.net/hphotos-ak-ash4/t1.0-9/1888553_815705861792862_4630833271520090606_n.jpg" class="ex_link pictureservices" rel="nofollow"&gt;&lt;img src="https://fbcdn-sphotos-h-a.akamaihd.net/hphotos-ak-ash4/t1.0-9/1888553_815705861792862_4630833271520090606_n.jpg" height="48" /&gt;&lt;/a&gt; &lt;a href="http://www.biosmonthly.com/contactd.php?id=4551" class="ex_link" rel="nofollow"&gt;[ BIOS Monthly ]  伊索比亞的甘霖：WarkaWater&lt;/a&gt; 「WarkaWater」的靈感即來自當地的 Warka 樹，一種原生於伊索比亞的無花果樹。這個設施由燈心草和竹條編織成花瓶狀的外型，內部塑料網狀結構所造就的微型通孔可達到凝水功能。當水滴形成了，就會沿著網格流入這座大花瓶的底部，形成一湖聚水池。</content>
  </entry>
</feed>
