<?xml version="1.0" encoding="utf-8"?>
<feed xmlns="http://www.w3.org/2005/Atom">
  <title type="text">ckhung0</title>
  <id>http://www.plurk.com/user/ckhung0.xml</id>
  <updated>2014-05-30T08:16:50Z</updated>
  <link href="http://www.plurk.com/" />
  <link href="http://www.plurk.com/user/ckhung0.xml" rel="self" />
  <generator>Werkzeug</generator>
  <entry xml:base="http://www.plurk.com/user/ckhung0.xml">
    <title type="text">ckhung0 轉噗 Silentsubmarine 說 Introduction | 讓你真的讀懂草案的「自經區爭議書」</title>
    <id>tag:plurk.com;Silentsubmarine;1213674741</id>
    <updated>2014-05-30T08:16:50Z</updated>
    <published>2014-05-30T08:16:50Z</published>
    <link href="/p/k2l9f9" />
    <author>
      <name>Silentsubmarine</name>
    </author>
    <content type="html">ckhung0 轉噗 Silentsubmarine 說 &lt;a href="http://billy3321.gitbooks.io/TaiwanFEPZS/" class="ex_link" rel="nofollow"&gt;Introduction | 讓你真的讀懂草案的「自經區爭議書」&lt;/a&gt;</content>
  </entry>
  <entry xml:base="http://www.plurk.com/user/ckhung0.xml">
    <title type="text">ckhung0 分享 澳洲 #綠黨 議員質詢檢查總長為何及如何推動 #盜版三振法 ，證實： 1. 背後黑手是歐美利益團體； 是誰，不可說。 2. 決策者是誰，不可說。 3. 有沒有徵詢公民團體意見? 不可說。 Aussie Attorney General Pressured on Three-Strikes Secrecy | Torr... 在臺灣，國、民兩黨只想著自己的席次，卻不願意修改降低5%小黨門檻，所以綠黨等小黨沒機會表現。 反正也沒差，我們早就吞下肚了 資訊人權貴ㄓ疑: 被美國強迫餵食的垃圾法案: 別人開始質疑 &amp;#12300;盜版三振&amp;#12301; 法; 臺灣呢?</title>
    <id>tag:plurk.com;ckhung0;1213608605</id>
    <updated>2014-05-30T00:03:28Z</updated>
    <published>2014-05-30T00:03:28Z</published>
    <link href="/p/k2jue5" />
    <author>
      <name>ckhung0</name>
    </author>
    <content type="html">ckhung0 分享 澳洲 #綠黨 議員質詢檢查總長為何及如何推動 #盜版三振法 ，證實： 1. 背後黑手是歐美利益團體； 是誰，不可說。 2. 決策者是誰，不可說。 3. 有沒有徵詢公民團體意見? 不可說。 &lt;a href="http://t.co/1DwoNBa9Ko" class="ex_link" rel="nofollow"&gt;Aussie Attorney General Pressured on Three-Strikes Secrecy | Torr...&lt;/a&gt; 在臺灣，國、民兩黨只想著自己的席次，卻不願意修改降低5%小黨門檻，所以綠黨等小黨沒機會表現。 反正也沒差，我們早就吞下肚了 &lt;a href="http://ppt.cc/txvc" class="ex_link" rel="nofollow"&gt;資訊人權貴ㄓ疑: 被美國強迫餵食的垃圾法案: 別人開始質疑 &amp;#12300;盜版三振&amp;#12301; 法; 臺灣呢?&lt;/a&gt;</content>
  </entry>
  <entry xml:base="http://www.plurk.com/user/ckhung0.xml">
    <title type="text">ckhung0 轉噗 davelin 說 擁抱未來世界的九大原則 Joi 提出的九大原則包括:</title>
    <id>tag:plurk.com;davelin;1212883996</id>
    <updated>2014-05-26T07:43:19Z</updated>
    <published>2014-05-26T07:43:19Z</published>
    <link href="/p/k24ba4" />
    <author>
      <name>davelin</name>
    </author>
    <content type="html">ckhung0 轉噗 davelin 說 &lt;a href="http://thethirdthinking.wordpress.com/2014/05/26/%E6%93%81%E6%8A%B1%E6%9C%AA%E4%BE%86%E4%B8%96%E7%95%8C%E7%9A%84%E4%B9%9D%E5%A4%A7%E5%8E%9F%E5%89%87/" class="ex_link meta" rel="nofollow"&gt;&lt;img src="http://i2.wp.com/thethirdthinking.files.wordpress.com/2014/05/ted2014_dd_dsc_1726_1920.jpg?fit=440%2C330" alt="擁抱未來世界的九大原則 " height="40px" /&gt;擁抱未來世界的九大原則 &lt;/a&gt; &lt;br /&gt;Joi 提出的九大原則包括:</content>
  </entry>
  <entry xml:base="http://www.plurk.com/user/ckhung0.xml">
    <title type="text">ckhung0 轉噗 177cm_cat 孔融讓梨我不讓！美國學生對於儒家教育的反駁 - 學學網 哈哈我喜歡這小孩</title>
    <id>tag:plurk.com;177cm_cat;1212831525</id>
    <updated>2014-05-26T01:22:04Z</updated>
    <published>2014-05-26T01:22:04Z</published>
    <link href="/p/k236sl" />
    <author>
      <name>177cm_cat</name>
    </author>
    <content type="html">ckhung0 轉噗 177cm_cat &lt;a href="http://goo.gl/V2HkUQ" class="ex_link" rel="nofollow"&gt;孔融讓梨我不讓！美國學生對於儒家教育的反駁 - 學學網&lt;/a&gt;  哈哈我喜歡這小孩</content>
  </entry>
  <entry xml:base="http://www.plurk.com/user/ckhung0.xml">
    <title type="text">ckhung0 分享 ReP ichichang ： 「這類大規模屠殺殺手據統計多半有反社會人格障礙。 依照美國《精神疾病診斷與統計手冊》的診斷標準，須有以下幾點： ... 台灣目前需要防止媒體的嗜血報導，及模仿江子翠捷運案的類似案件發生，... 由人格養成的教育 及人與人之間的彼此關懷與協助兩方面下手，才是阻止案件再次發生的根本之道。 」 長知識的專業文 [討論] 由台北江子翠捷運案討論犯罪心理學</title>
    <id>tag:plurk.com;ckhung0;1212488101</id>
    <updated>2014-05-24T03:39:58Z</updated>
    <published>2014-05-24T03:39:58Z</published>
    <link href="/p/k1vtt1" />
    <author>
      <name>ckhung0</name>
    </author>
    <content type="html">ckhung0 分享 ReP &lt;a href="http://www.plurk.com/ichichang" class="ex_link"&gt;ichichang&lt;/a&gt; ： 「這類大規模屠殺殺手據統計多半有反社會人格障礙。 依照美國《精神疾病診斷與統計手冊》的診斷標準，須有以下幾點： ... 台灣目前需要防止媒體的嗜血報導，及模仿江子翠捷運案的類似案件發生，... 由人格養成的教育 及人與人之間的彼此關懷與協助兩方面下手，才是阻止案件再次發生的根本之道。 」 長知識的專業文 &lt;a href="https://www.ptt.cc/bbs/WomenTalk/M.1400704135.A.08F.html" class="ex_link" rel="nofollow"&gt;[討論] 由台北江子翠捷運案討論犯罪心理學&lt;/a&gt;</content>
  </entry>
  <entry xml:base="http://www.plurk.com/user/ckhung0.xml">
    <title type="text">ckhung0 轉噗 sammyfung 今天 Open Source Hong Kong 推出新版的開源招聘網站，免費讓尋找開源專才的公司和開源專才使用。只需要招聘條件包括懂得其中一項開源技術便可。新版本招聘網站系統軟件亦是以開放源碼免費公開，可供各公司團體自由使用。 OpenSourceHK Job Board</title>
    <id>tag:plurk.com;sammyfung;1211932402</id>
    <updated>2014-05-21T08:01:09Z</updated>
    <published>2014-05-21T08:01:09Z</published>
    <link href="/p/k1jx0y" />
    <author>
      <name>sammyfung</name>
    </author>
    <content type="html">ckhung0 轉噗 sammyfung 今天 Open Source Hong Kong 推出新版的開源招聘網站，免費讓尋找開源專才的公司和開源專才使用。只需要招聘條件包括懂得其中一項開源技術便可。新版本招聘網站系統軟件亦是以開放源碼免費公開，可供各公司團體自由使用。 &lt;a href="http://job.opensource.hk" class="ex_link" rel="nofollow"&gt;OpenSourceHK Job Board&lt;/a&gt;</content>
  </entry>
  <entry xml:base="http://www.plurk.com/user/ckhung0.xml">
    <title type="text">ckhung0 喜歡 本系唐元亮老師開的臺中 Python 愛好者社團! Taichung.py -- Taichung Python User Group 「很高興我們創立了 Taichung Python Meetup ，未來擬每個月聚會一次，彼此分享Python程式語言的知識、技術、與經驗。此外，我們也會邀請相關的專家來分享他們的看法，歡迎您的加入。 請至上述網址註冊，感謝您的參與及支持。」</title>
    <id>tag:plurk.com;ckhung0;1211888766</id>
    <updated>2014-05-21T02:48:17Z</updated>
    <published>2014-05-21T02:48:17Z</published>
    <link href="/p/k1izcu" />
    <author>
      <name>ckhung0</name>
    </author>
    <content type="html">ckhung0 喜歡 本系唐元亮老師開的臺中 Python 愛好者社團! &lt;a href="http://www.meetup.com/Taichung-Python-Meetup" class="ex_link" rel="nofollow"&gt;Taichung.py -- Taichung Python User Group&lt;/a&gt; 「很高興我們創立了 Taichung Python Meetup ，未來擬每個月聚會一次，彼此分享Python程式語言的知識、技術、與經驗。此外，我們也會邀請相關的專家來分享他們的看法，歡迎您的加入。 請至上述網址註冊，感謝您的參與及支持。」</content>
  </entry>
  <entry xml:base="http://www.plurk.com/user/ckhung0.xml">
    <title type="text">ckhung0 分享 中國新聞： 「5、所有计算机类产品不允许安装Windows 8操作系统。」 中央机关采购中心禁止计算机类安装Win8系统</title>
    <id>tag:plurk.com;ckhung0;1211869039</id>
    <updated>2014-05-21T00:31:12Z</updated>
    <published>2014-05-21T00:31:12Z</published>
    <link href="/p/k1ik4v" />
    <author>
      <name>ckhung0</name>
    </author>
    <content type="html">ckhung0 分享 中國新聞： 「5、所有计算机类产品不允许安装Windows 8操作系统。」  &lt;a href="http://www.chinanews.com/gn/2014/05-20/6190371.shtml" class="ex_link" rel="nofollow"&gt;中央机关采购中心禁止计算机类安装Win8系统&lt;/a&gt;</content>
  </entry>
  <entry xml:base="http://www.plurk.com/user/ckhung0.xml">
    <title type="text">ckhung0 轉噗 irvinfly 分享 翻譯吧！Inga W.: [哲思漫筆] 沉默是不公不義的幫兇！</title>
    <id>tag:plurk.com;irvinfly;1211794913</id>
    <updated>2014-05-20T14:51:20Z</updated>
    <published>2014-05-20T14:51:20Z</published>
    <link href="/p/k1gyxt" />
    <author>
      <name>irvinfly</name>
    </author>
    <content type="html">ckhung0 轉噗 irvinfly 分享 &lt;a href="http://ingaw.blogspot.tw/2014/03/blog-post_22.html" class="ex_link meta" rel="nofollow"&gt;&lt;img src="http://2.bp.blogspot.com/-zKXei8FfmC4/Uy2RXhExCMI/AAAAAAAABQ4/7RJQPSJXO7Y/s1600/cover.png" height="40px" /&gt;翻譯吧！Inga W.: [哲思漫筆] 沉默是不公不義的幫兇！&lt;/a&gt;</content>
  </entry>
  <entry xml:base="http://www.plurk.com/user/ckhung0.xml">
    <title type="text">ckhung0 轉噗 177cm_cat Drinkable Book 讓汙水變清水的神奇魔法書 好讚</title>
    <id>tag:plurk.com;177cm_cat;1210915326</id>
    <updated>2014-05-16T01:35:28Z</updated>
    <published>2014-05-16T01:35:28Z</published>
    <link href="/p/k0y48u" />
    <author>
      <name>177cm_cat</name>
    </author>
    <content type="html">ckhung0 轉噗 177cm_cat &lt;a href="http://daman.cool3c.com/node/80592" class="ex_link meta" rel="nofollow"&gt;&lt;img src="http://image.funmakr.com/files/styles/rs-medium-600w/public/media/dri/nka/ble/boo/drinkable_book_6.jpg?itok=31Wtmez0" height="40px" /&gt;Drinkable Book 讓汙水變清水的神奇魔法書&lt;/a&gt;  好讚</content>
  </entry>
  <entry xml:base="http://www.plurk.com/user/ckhung0.xml">
    <title type="text">ckhung0 轉噗 grazewind 覺得 不可思議啊~最老的樹活了9,550歲啊！ The Oldest, Tallest, Widest and Biggest Trees in the World</title>
    <id>tag:plurk.com;grazewind;1210848105</id>
    <updated>2014-05-15T15:22:22Z</updated>
    <published>2014-05-15T15:22:22Z</published>
    <link href="/p/k0wodl" />
    <author>
      <name>grazewind</name>
    </author>
    <content type="html">ckhung0 轉噗 grazewind 覺得 不可思議啊~最老的樹活了9,550歲啊！ &lt;a href="http://iliketowastemytime.com/2012/10/01/oldest-tallest-and-biggest-trees-in-world" class="ex_link" rel="nofollow"&gt;The Oldest, Tallest, Widest and Biggest Trees in the World&lt;/a&gt;</content>
  </entry>
  <entry xml:base="http://www.plurk.com/user/ckhung0.xml">
    <title type="text">ckhung0 分享 「我理解來自業界的壓力；但其實要捍衛自由軟體，還有很多事是他們可以做的。.. 要求Adobe不得法律騷擾揭露資安問題的專家、 教育用戶DRM如何威脅資安、 研究DRM的市場效應、 明確陳述DRM政策」Moz屈服、火狐將納入封閉原始碼的DRM， 這真是傷透了我的心啊! Firefox’s adoption of closed-source DRM breaks my heart</title>
    <id>tag:plurk.com;ckhung0;1210765271</id>
    <updated>2014-05-15T07:43:28Z</updated>
    <published>2014-05-15T07:43:28Z</published>
    <link href="/p/k0uwgn" />
    <author>
      <name>ckhung0</name>
    </author>
    <content type="html">ckhung0 分享 「我理解來自業界的壓力；但其實要捍衛自由軟體，還有很多事是他們可以做的。.. 要求Adobe不得法律騷擾揭露資安問題的專家、 教育用戶DRM如何威脅資安、 研究DRM的市場效應、 明確陳述DRM政策」Moz屈服、火狐將納入封閉原始碼的DRM， 這真是傷透了我的心啊! &lt;a href="http://t.co/paxRrHKt3N" class="ex_link" rel="nofollow"&gt;Firefox’s adoption of closed-source DRM breaks my heart&lt;/a&gt;</content>
  </entry>
  <entry xml:base="http://www.plurk.com/user/ckhung0.xml">
    <title type="text">ckhung0 分享 南韓開始實施類似 SOPA 的網路管制、封鎖境外侵權網站。 自從美韓自由貿易協定 (KORUS) 簽署之後，韓國政府就配合美國政府的要求，逐步強化智財管制。 現在韓國急欲簽 TPP， 可能會讓情況更加惡化。 South Korea Officials Enact De Facto SOPA Regime to Block Foreign...</title>
    <id>tag:plurk.com;ckhung0;1210763070</id>
    <updated>2014-05-15T07:29:45Z</updated>
    <published>2014-05-15T07:29:45Z</published>
    <link href="/p/k0uuri" />
    <author>
      <name>ckhung0</name>
    </author>
    <content type="html">ckhung0 分享 南韓開始實施類似 SOPA 的網路管制、封鎖境外侵權網站。 自從美韓自由貿易協定 (KORUS) 簽署之後，韓國政府就配合美國政府的要求，逐步強化智財管制。 現在韓國急欲簽 TPP， 可能會讓情況更加惡化。  &lt;a href="https://t.co/PHQNxFMs2H" class="ex_link" rel="nofollow"&gt;South Korea Officials Enact De Facto SOPA Regime to Block Foreign...&lt;/a&gt;</content>
  </entry>
  <entry xml:base="http://www.plurk.com/user/ckhung0.xml">
    <title type="text">ckhung0 轉噗 phiphicake 『若你認為警察應該要有工會，但認為社運人士有陰謀、不可信，那你應該怎麼做？其實答案呼之欲出：你自己站出來，聯合其他不信任社運的人，開始支持警察組工會。』警察工會和警察公民 | 朱家安專欄 | udn專欄 | udn時事話題</title>
    <id>tag:plurk.com;phiphicake;1210715757</id>
    <updated>2014-05-15T02:01:12Z</updated>
    <published>2014-05-15T02:01:12Z</published>
    <link href="/p/k0tu99" />
    <author>
      <name>phiphicake</name>
    </author>
    <content type="html">ckhung0 轉噗 phiphicake 『若你認為警察應該要有工會，但認為社運人士有陰謀、不可信，那你應該怎麼做？其實答案呼之欲出：你自己站出來，聯合其他不信任社運的人，開始支持警察組工會。』&lt;br /&gt;&lt;a href="http://mag.udn.com/mag/news/storypage.jsp?f_MAIN_ID=488&amp;amp;f_SUB_ID=6002&amp;amp;f_ART_ID=508694" class="ex_link meta" rel="nofollow"&gt;&lt;img src="http://mag.udn.com/magimages/5/PROJ_ARTICLE/488_6002/f_508694_1.jpg?sn=1397470679547" height="40px" /&gt;警察工會和警察公民 | 朱家安專欄 | udn專欄 | udn時事話題&lt;/a&gt;</content>
  </entry>
  <entry xml:base="http://www.plurk.com/user/ckhung0.xml">
    <title type="text">ckhung0 轉噗 briian 說 [爆卦]某機關正利用駭客針對台灣街頭運動者進行大規模個資蒐集阿碼外傳&amp;#65293;阿碼科技非官方中文 Blog: 某機關正利用駭客針對台灣街頭運動者進行大規模個資蒐集</title>
    <id>tag:plurk.com;briian;1210548368</id>
    <updated>2014-05-14T05:51:41Z</updated>
    <published>2014-05-14T05:51:41Z</published>
    <link href="/p/k0q93k" />
    <author>
      <name>briian</name>
    </author>
    <content type="html">ckhung0 轉噗 briian 說 [爆卦]某機關正利用駭客針對台灣街頭運動者進行大規模個資蒐集&lt;br /&gt;&lt;a href="http://armorize-cht.blogspot.tw/2014/05/apple.imessage.apt.campaign.html" class="ex_link" rel="nofollow"&gt;阿碼外傳&amp;#65293;阿碼科技非官方中文 Blog: 某機關正利用駭客針對台灣街頭運動者進行大規模個資蒐集&lt;/a&gt;</content>
  </entry>
  <entry xml:base="http://www.plurk.com/user/ckhung0.xml">
    <title type="text">ckhung0 轉噗 davelin 說 ReF Linux gets fix for code-execution flaw that was undetected since ... CVE-2014-0196 為 Linux 近日 kernel pty 極嚴重漏洞，可能導致系統遭到 DoS 攻擊，甚至可以取得系統管理者權限。漏洞已經存在 5 年 (2009 年至今)，影響的 Linux Kernel 從 2.6.31-rc3 至 3.15-rc4，非常廣泛。請各位儘速更新！！</title>
    <id>tag:plurk.com;davelin;1210510618</id>
    <updated>2014-05-14T01:27:16Z</updated>
    <published>2014-05-14T01:27:16Z</published>
    <link href="/p/k0pfyy" />
    <author>
      <name>davelin</name>
    </author>
    <content type="html">ckhung0 轉噗 davelin 說 ReF &lt;a href="http://arstechnica.com/security/2014/05/linux-gets-fix-for-code-execution-flaw-that-went-unpatched-since-2009/" class="ex_link" rel="nofollow"&gt;Linux gets fix for code-execution flaw that was undetected since ...&lt;/a&gt;  CVE-2014-0196 為 Linux 近日 kernel pty 極嚴重漏洞，可能導致系統遭到 DoS 攻擊，甚至可以取得系統管理者權限。漏洞已經存在 5 年 (2009 年至今)，影響的 Linux Kernel 從 2.6.31-rc3 至 3.15-rc4，非常廣泛。請各位儘速更新！！</content>
  </entry>
  <entry xml:base="http://www.plurk.com/user/ckhung0.xml">
    <title type="text">ckhung0 轉噗 yuanchao 說 (RP) BJ4 恍然大悟！</title>
    <id>tag:plurk.com;yuanchao;1210352641</id>
    <updated>2014-05-13T06:21:34Z</updated>
    <published>2014-05-13T06:21:34Z</published>
    <link href="/p/k0m22p" />
    <author>
      <name>yuanchao</name>
    </author>
    <content type="html">ckhung0 轉噗 yuanchao 說 (RP) BJ4  &lt;a href="https://fbcdn-sphotos-f-a.akamaihd.net/hphotos-ak-prn2/t1.0-9/10300659_10152098492711769_6091648047854882076_n.jpg" class="ex_link pictureservices" rel="nofollow"&gt;&lt;img src="https://fbcdn-sphotos-f-a.akamaihd.net/hphotos-ak-prn2/t1.0-9/10300659_10152098492711769_6091648047854882076_n.jpg" height="48" /&gt;&lt;/a&gt;&lt;br /&gt;恍然大悟！</content>
  </entry>
  <entry xml:base="http://www.plurk.com/user/ckhung0.xml">
    <title type="text">ckhung0 分享 玩具烏托邦: 遠端桌面連線軟體 VNC 也可以當成電子白板或廣播教學軟體來用 [在 Nexus S 手機的 CyanogenMod 上面執行 VNC， 連線到 antix 電腦] 「如果好幾個客戶端同時連線到同一個 vnc 服務那麼 vnc 就變成了..電子白板..一起畫圖。 如果老師的電腦啟用 vnc 服務..再邀請學生連線， 這就變成螢幕廣播軟體。」</title>
    <id>tag:plurk.com;ckhung0;1210126277</id>
    <updated>2014-05-12T03:02:28Z</updated>
    <published>2014-05-12T03:02:28Z</published>
    <link href="/p/k0h7et" />
    <author>
      <name>ckhung0</name>
    </author>
    <content type="html">ckhung0 分享 &lt;a href="http://newtoypia.blogspot.tw/2014/05/vnc.html" class="ex_link" rel="nofollow"&gt;玩具烏托邦: 遠端桌面連線軟體 VNC 也可以當成電子白板或廣播教學軟體來用&lt;/a&gt; &lt;a href="http://user.frdm.info/ckhung/m/14/vnc-on-cm.jpg" class="ex_link pictureservices" rel="nofollow"&gt;&lt;img src="http://user.frdm.info/ckhung/m/14/vnc-on-cm.jpg" height="48" /&gt;&lt;/a&gt; [在 Nexus S 手機的 CyanogenMod 上面執行 VNC， 連線到 antix 電腦] 「如果好幾個客戶端同時連線到同一個 vnc 服務那麼 vnc 就變成了..電子白板..一起畫圖。 如果老師的電腦啟用 vnc 服務..再邀請學生連線， 這就變成螢幕廣播軟體。」</content>
  </entry>
  <entry xml:base="http://www.plurk.com/user/ckhung0.xml">
    <title type="text">ckhung0 說 (ReP beliarken ) [情報] 杭州發生暴動了 - Gossiping板 - Disp BBS ； 「暴动、不满建造亚洲最大垃圾场_东平吧_百度贴吧」搜一下，目前還可看見被刪頁面的 cache； 匿名和不受屏蔽的新浪微博搜索 | 自由微博 上面， 目前最熱門關鍵詞是「杭州」跟「余杭」</title>
    <id>tag:plurk.com;ckhung0;1210116327</id>
    <updated>2014-05-12T01:47:50Z</updated>
    <published>2014-05-12T01:47:50Z</published>
    <link href="/p/k0gzqf" />
    <author>
      <name>ckhung0</name>
    </author>
    <content type="html">ckhung0 說 (ReP &lt;a href="http://www.plurk.com/beliarken" class="ex_link"&gt;beliarken&lt;/a&gt; ) &lt;a href="http://disp.cc/b/163-7Flt" class="ex_link meta" rel="nofollow"&gt;&lt;img src="http://i.disp.cc/disp/displogo200.png" height="40px" /&gt;[情報] 杭州發生暴動了 - Gossiping板 - Disp BBS&lt;/a&gt; ； 「暴动、不满建造亚洲最大垃圾场_东平吧_百度贴吧」搜一下，目前還可看見被刪頁面的 &lt;a href="http://0rz.tw/C3QDT" class="ex_link" rel="nofollow"&gt;cache&lt;/a&gt;； &lt;a href="https://freeweibo.com/" class="ex_link" rel="nofollow"&gt;匿名和不受屏蔽的新浪微博搜索 | 自由微博&lt;/a&gt; 上面， 目前最熱門關鍵詞是「杭州」跟「余杭」</content>
  </entry>
  <entry xml:base="http://www.plurk.com/user/ckhung0.xml">
    <title type="text">ckhung0 轉噗 davelin 說 ReF Covert Redirect Vulnerability OAuth 2.0 及 OpenID 爆發安全漏洞(含影片說明)這2個服務讓使用者可以在不透漏帳號密碼的情況之下，授權第三方網路應用使用原本提供的網路服務。(有在玩APP的人應該常看到要求 FB &amp;amp; G+ 帳號的訊息)</title>
    <id>tag:plurk.com;davelin;1208837693</id>
    <updated>2014-05-05T08:22:02Z</updated>
    <published>2014-05-05T08:22:02Z</published>
    <link href="/p/jzpl4t" />
    <author>
      <name>davelin</name>
    </author>
    <content type="html">ckhung0 轉噗 davelin 說 ReF &lt;a href="http://tetraph.com/covert_redirect/" class="ex_link" rel="nofollow"&gt;Covert Redirect Vulnerability&lt;/a&gt;   &lt;br /&gt;OAuth 2.0 及 OpenID 爆發安全漏洞(含影片說明)&lt;br /&gt;這2個服務讓使用者可以在不透漏帳號密碼的情況之下，授權第三方網路應用使用原本提供的網路服務。(有在玩APP的人應該常看到要求 FB &amp;amp; G+ 帳號的訊息)</content>
  </entry>
</feed>
