<?xml version="1.0" encoding="utf-8"?>
<feed xmlns="http://www.w3.org/2005/Atom">
  <title type="text">ckhung0</title>
  <id>http://www.plurk.com/user/ckhung0.xml</id>
  <updated>2016-04-22T06:37:36Z</updated>
  <link href="http://www.plurk.com/" />
  <link href="http://www.plurk.com/user/ckhung0.xml" rel="self" />
  <generator>Werkzeug</generator>
  <entry xml:base="http://www.plurk.com/user/ckhung0.xml">
    <title type="text">ckhung0 轉噗 davelin 說 中國關閉蘋果iBookstore與iTunes電影服務 — Rocket Cafe Express 跟 gfw 一樣管理的思維，我給才能做，我不給沒有理由可以說。</title>
    <id>tag:plurk.com;davelin;1305660196</id>
    <updated>2016-04-22T06:37:36Z</updated>
    <published>2016-04-22T06:37:36Z</published>
    <link href="/p/llctus" />
    <author>
      <name>davelin</name>
    </author>
    <content type="html">ckhung0 轉噗 davelin 說 &lt;a href="https://goo.gl/LNpEv3" class="ex_link" rel="nofollow"&gt;中國關閉蘋果iBookstore與iTunes電影服務 — Rocket Cafe Express&lt;/a&gt;   跟 gfw 一樣管理的思維，我給才能做，我不給沒有理由可以說。</content>
  </entry>
  <entry xml:base="http://www.plurk.com/user/ckhung0.xml">
    <title type="text">ckhung0 分享 (網路設備大廠)思科 Cisco 不僅協助中國政府建構防火長城，還進一步特別設計軟體(從大量監控網路流量當中)指認及定位那些疑似法輪功信眾的網友 EFF says Cisco shouldn&amp;#039;t get off the hook for torture in Chi... 並針對被控訴人士協助建立全面性的個人上網歷史記錄以利法院定罪/鬥爭/拷打 Cisco’s Latest Attempt to Dodge Responsibility for Facilitating H...</title>
    <id>tag:plurk.com;ckhung0;1305316551</id>
    <updated>2016-04-19T01:34:25Z</updated>
    <published>2016-04-19T01:34:25Z</published>
    <link href="/p/ll5gp3" />
    <author>
      <name>ckhung0</name>
    </author>
    <content type="html">ckhung0 分享 (網路設備大廠)思科 Cisco 不僅協助中國政府建構防火長城，還進一步特別設計軟體(從大量監控網路流量當中)指認及定位那些疑似法輪功信眾的網友 &lt;a href="https://t.co/gAzOxJuzdo" class="ex_link" rel="nofollow"&gt;EFF says Cisco shouldn&amp;#039;t get off the hook for torture in Chi...&lt;/a&gt; 並針對被控訴人士協助建立全面性的個人上網歷史記錄以利法院定罪/鬥爭/拷打 &lt;a href="https://t.co/pRryOfU4un" class="ex_link" rel="nofollow"&gt;Cisco’s Latest Attempt to Dodge Responsibility for Facilitating H...&lt;/a&gt;</content>
  </entry>
  <entry xml:base="http://www.plurk.com/user/ckhung0.xml">
    <title type="text">ckhung0 分享 [包著便利糖衣的隱私毒藥] CIA 投資美肌產品公司? 為取得 DNA Beauty Secrets of the Spies: CIA Begins Investing in Skin Care Pr... / 日本即將讓觀光客用指紋付款取代信用卡 https://t.co/Mm33C0WVTF / 印度要用生物識別資料庫取代銀行 India&amp;#39;s Audacious Plan to Bring Digital Banking to 1.2 Billio... ... 就算政府不會為惡(!?)萬一像這樣怎麼辦? 菲律賓選舉網站遭駭，5500萬選民資料外洩 [含指紋]</title>
    <id>tag:plurk.com;ckhung0;1305218939</id>
    <updated>2016-04-18T03:23:04Z</updated>
    <published>2016-04-18T03:23:04Z</published>
    <link href="/p/ll3ddn" />
    <author>
      <name>ckhung0</name>
    </author>
    <content type="html">ckhung0 分享 [包著便利糖衣的隱私毒藥] CIA 投資美肌產品公司? 為取得 DNA &lt;a href="https://t.co/Bns2NAHFAI" class="ex_link" rel="nofollow"&gt;Beauty Secrets of the Spies: CIA Begins Investing in Skin Care Pr...&lt;/a&gt; / 日本即將讓觀光客用指紋付款取代信用卡 &lt;a href="https://t.co/Mm33C0WVTF" class="ex_link" rel="nofollow"&gt;https://t.co/Mm33C0WVTF&lt;/a&gt; / 印度要用生物識別資料庫取代銀行 &lt;a href="https://t.co/Ca1kyFRkYj" class="ex_link" rel="nofollow"&gt;India&amp;#39;s Audacious Plan to Bring Digital Banking to 1.2 Billio...&lt;/a&gt; ... 就算政府不會為惡(!?)萬一像這樣怎麼辦? &lt;a href="http://www.ithome.com.tw/news/105190" class="ex_link meta" rel="nofollow"&gt;&lt;img src="http://static4.ithome.com.tw/sites/default/files/field/image/d6-dangwa2.jpg" height="40px" /&gt;菲律賓選舉網站遭駭，5500萬選民資料外洩&lt;/a&gt; [含指紋]</content>
  </entry>
  <entry xml:base="http://www.plurk.com/user/ckhung0.xml">
    <title type="text">ckhung0 分享 [來自兩份法院解密文件] 加拿大警方從2010年起就握有黑莓機加密金鑰，曾經用以竊聽上百萬筆BBM簡訊 Canadian Police Have Had BlackBerry's Global Decryption Key Since... 。 另外，2003年動物保護團體阻礙製藥廠進行動物實驗，FBI企圖監聽動保團體，但因無法破解加密訊息，故說服法院允許FBI在動保團體電腦上安裝惡意軟體 FBI Tried To Defeat Encryption 10 Years Ago, Files Show - Slashdo...</title>
    <id>tag:plurk.com;ckhung0;1304925063</id>
    <updated>2016-04-15T01:13:50Z</updated>
    <published>2016-04-15T01:13:50Z</published>
    <link href="/p/lkx2mf" />
    <author>
      <name>ckhung0</name>
    </author>
    <content type="html">ckhung0 分享 [來自兩份法院解密文件] 加拿大警方從2010年起就握有黑莓機加密金鑰，曾經用以竊聽上百萬筆BBM簡訊 &lt;a href="https://t.co/xDP80l4mvL" class="ex_link" rel="nofollow"&gt;Canadian Police Have Had BlackBerry's Global Decryption Key Since...&lt;/a&gt; 。 另外，2003年動物保護團體阻礙製藥廠進行動物實驗，FBI企圖監聽動保團體，但因無法破解加密訊息，故說服法院允許FBI在動保團體電腦上安裝惡意軟體 &lt;a href="https://t.co/5naaoP1OEW" class="ex_link" rel="nofollow"&gt;FBI Tried To Defeat Encryption 10 Years Ago, Files Show - Slashdo...&lt;/a&gt;</content>
  </entry>
  <entry xml:base="http://www.plurk.com/user/ckhung0.xml">
    <title type="text">ckhung0 轉噗 briian 說 幹[爆卦] 國際上認為肯亞案代表台灣適用中國法律</title>
    <id>tag:plurk.com;briian;1304850146</id>
    <updated>2016-04-14T08:26:30Z</updated>
    <published>2016-04-14T08:26:30Z</published>
    <link href="/p/lkvgte" />
    <author>
      <name>briian</name>
    </author>
    <content type="html">ckhung0 轉噗 briian 說 幹&lt;br /&gt;&lt;a href="https://www.ptt.cc/bbs/Gossiping/M.1460616708.A.194.html" class="ex_link" rel="nofollow"&gt;[爆卦] 國際上認為肯亞案代表台灣適用中國法律&lt;/a&gt;</content>
  </entry>
  <entry xml:base="http://www.plurk.com/user/ckhung0.xml">
    <title type="text">ckhung0 分享 "ID Ransomware" 網站幫你辨識你中了哪個勒贖軟體的標， 其中少部分有解： Jigsaw Ransomware Deletes Your Files If You Don't Pay Or When You...</title>
    <id>tag:plurk.com;ckhung0;1304820971</id>
    <updated>2016-04-14T02:30:15Z</updated>
    <published>2016-04-14T02:30:15Z</published>
    <link href="/p/lkuuaz" />
    <author>
      <name>ckhung0</name>
    </author>
    <content type="html">ckhung0 分享 "ID Ransomware" 網站幫你辨識你中了哪個勒贖軟體的標， 其中少部分有解： &lt;a href="https://yro.slashdot.org/story/16/04/12/2140221/jigsaw-ransomware-deletes-your-files-if-you-dont-pay-or-when-you-reboot-your-pc" class="ex_link" rel="nofollow"&gt;Jigsaw Ransomware Deletes Your Files If You Don't Pay Or When You...&lt;/a&gt;</content>
  </entry>
  <entry xml:base="http://www.plurk.com/user/ckhung0.xml">
    <title type="text">ckhung0 好奇 rep MGdesigner 法務部你的立場是什麼要講清楚哦... 黃國昌質詢：「我只要確保我們國家派出去的隊伍沒有兩種聲音，有人是急著要把人帶回來，有人是在背後扯後腿，說人留在那邊審判就 好了帶回來幹嘛...」 [爆卦] 今日黃國昌質詢逐字稿 肯亞案 法務部</title>
    <id>tag:plurk.com;ckhung0;1304820432</id>
    <updated>2016-04-14T02:23:16Z</updated>
    <published>2016-04-14T02:23:16Z</published>
    <link href="/p/lkutw0" />
    <author>
      <name>ckhung0</name>
    </author>
    <content type="html">ckhung0 好奇 rep &lt;a href="http://www.plurk.com/MGdesigner" class="ex_link"&gt;MGdesigner&lt;/a&gt;  法務部你的立場是什麼要講清楚哦... 黃國昌質詢：「我只要確保我們國家派出去的隊伍沒有兩種聲音，有人是急著要把人帶回來，有人是在背後扯後腿，說人留在那邊審判就 好了帶回來幹嘛...」 &lt;a href="https://www.ptt.cc/bbs/Gossiping/M.1460539503.A.7D1.html" class="ex_link" rel="nofollow"&gt;[爆卦] 今日黃國昌質詢逐字稿 肯亞案 法務部&lt;/a&gt;</content>
  </entry>
  <entry xml:base="http://www.plurk.com/user/ckhung0.xml">
    <title type="text">ckhung0 轉噗 davelin 說 整合3000間診所，架起社區醫療地圖 當發現生活不便時，別再抱怨「怎麼沒有人解決？」李昕迪的故事告訴我們，捲起袖子學寫程式，你就能當那個「沒有人」！</title>
    <id>tag:plurk.com;davelin;1304342180</id>
    <updated>2016-04-09T07:50:52Z</updated>
    <published>2016-04-09T07:50:52Z</published>
    <link href="/p/lkkkv8" />
    <author>
      <name>davelin</name>
    </author>
    <content type="html">ckhung0 轉噗 davelin 說 &lt;a href="http://www.gvm.com.tw/Boardcontent_30999.html" class="ex_link" rel="nofollow"&gt;整合3000間診所，架起社區醫療地圖&lt;/a&gt;  當發現生活不便時，別再抱怨「怎麼沒有人解決？」李昕迪的故事告訴我們，捲起袖子學寫程式，你就能當那個「沒有人」！</content>
  </entry>
  <entry xml:base="http://www.plurk.com/user/ckhung0.xml">
    <title type="text">ckhung0 轉噗 irvinfly 覺得 「領銜開發外國網站屏蔽技術的方濱興在大學演講時遭遇網絡屏蔽，自己的VPN『翻牆』失敗。」中國「防火長城」擋住了它的締造者 - 紐約時報中文網 國際縱覽</title>
    <id>tag:plurk.com;irvinfly;1304227357</id>
    <updated>2016-04-08T04:41:18Z</updated>
    <published>2016-04-08T04:41:18Z</published>
    <link href="/p/lki49p" />
    <author>
      <name>irvinfly</name>
    </author>
    <content type="html">ckhung0 轉噗 irvinfly 覺得 「領銜開發外國網站屏蔽技術的方濱興在大學演講時遭遇網絡屏蔽，自己的VPN『翻牆』失敗。」&lt;br /&gt;&lt;a href="https://d2wcb84bbsje1x.cloudfront.net/china/20160407/c07chinafirewall/zh-hant/" class="ex_link" rel="nofollow"&gt;中國「防火長城」擋住了它的締造者 - 紐約時報中文網 國際縱覽&lt;/a&gt;</content>
  </entry>
  <entry xml:base="http://www.plurk.com/user/ckhung0.xml">
    <title type="text">ckhung0 分享 搜尋「free ssl」， StartSSL 排名很前面。 但你知道嗎? 韓國資安研究員踢爆：以色列StartSSL憑證主機竟在奇虎360中國機房 原部落格文章作者決定改用 EFF 的 Let's Encrypt Why I stopped using StartSSL (Hint: it involves a Chinese company...</title>
    <id>tag:plurk.com;ckhung0;1304217681</id>
    <updated>2016-04-08T02:33:24Z</updated>
    <published>2016-04-08T02:33:24Z</published>
    <link href="/p/lkhwsx" />
    <author>
      <name>ckhung0</name>
    </author>
    <content type="html">ckhung0 分享 搜尋「free ssl」， StartSSL 排名很前面。 但你知道嗎? &lt;a href="http://www.ithome.com.tw/news/103939" class="ex_link meta" rel="nofollow"&gt;&lt;img src="http://static4.ithome.com.tw/sites/default/files/field/image/startssl.jpg" height="40px" /&gt;韓國資安研究員踢爆：以色列StartSSL憑證主機竟在奇虎360中國機房&lt;/a&gt; 原部落格文章作者決定改用 EFF 的 Let's Encrypt &lt;a href="https://pierrekim.github.io/blog/2016-02-16-why-i-stopped-using-startssl-because-of-qihoo-360.html" class="ex_link" rel="nofollow"&gt;Why I stopped using StartSSL (Hint: it involves a Chinese company...&lt;/a&gt;</content>
  </entry>
  <entry xml:base="http://www.plurk.com/user/ckhung0.xml">
    <title type="text">ckhung0 轉噗 TW_nextmedia 說 【蘋果360】重回自焚現場 認識鄭南榕｜歡迎來到《蘋果360》奇妙世界｜特選話題｜蘋果日報｜Apple ... 就算你只是想講「乾我屁事」，但事實上，你現在能肆無忌憚地講出這句話，都得感謝鄭南榕！！ 為了爭取言論自由 鄭南榕做了這些事...... #言論自由 #鄭南榕 #freedomofspeech #蘋果360</title>
    <id>tag:plurk.com;TW_nextmedia;1304163079</id>
    <updated>2016-04-07T12:49:50Z</updated>
    <published>2016-04-07T12:49:50Z</published>
    <link href="/p/lkgqo7" />
    <author>
      <name>TW_nextmedia</name>
    </author>
    <content type="html">ckhung0 轉噗 TW_nextmedia 說 &lt;a href="http://www.appledaily.com.tw/column/article/173/rnews/20160407/833060" class="ex_link meta" rel="nofollow"&gt;&lt;img src="http://twimg.edgesuite.net/images/ReNews/20160407/640_e264d2f96674aa9958cbd6152038bc7e.jpg" height="40px" /&gt;【蘋果360】重回自焚現場 認識鄭南榕｜歡迎來到《蘋果360》奇妙世界｜特選話題｜蘋果日報｜Apple ...&lt;/a&gt;　&lt;br /&gt;就算你只是想講「乾我屁事」，但事實上，你現在能肆無忌憚地講出這句話，都得感謝鄭南榕！！&lt;br /&gt;　&lt;br /&gt;&lt;a href="http://www.appledaily.com.tw/realtimenews/article/politics/20160407/833367/" class="ex_link meta" rel="nofollow"&gt;&lt;img src="http://twimg.edgesuite.net/images/ReNews/20160407/640_3b95a5ea6e5c8fbf68aa1421d607e6b3.jpg" height="40px" /&gt;為了爭取言論自由　鄭南榕做了這些事......&lt;/a&gt;　&lt;br /&gt;#言論自由 #鄭南榕 #freedomofspeech #蘋果360</content>
  </entry>
  <entry xml:base="http://www.plurk.com/user/ckhung0.xml">
    <title type="text">ckhung0 分享 廣達4G LTE一系列無線分享器產品是有史以來最不安全的分享器：ssh金鑰直接存在韌體裡、WPS亂數不亂、允許執行遠端程式、過期的SSL憑證、文件未載的洩漏資訊的網頁畫面、...； 以上也許是 bugs。 以下有後門：samba、 telnet(耐砍的雙重後門，UDP封包可啟動)、 ... 去年12月就通知他們了，卻遲不處理 Quanta LTE Router May Be Most Unsecure Router Ever Made - Slashdo...</title>
    <id>tag:plurk.com;ckhung0;1304115645</id>
    <updated>2016-04-07T03:10:09Z</updated>
    <published>2016-04-07T03:10:09Z</published>
    <link href="/p/lkfq2l" />
    <author>
      <name>ckhung0</name>
    </author>
    <content type="html">ckhung0 分享 廣達4G LTE一系列無線分享器產品是有史以來最不安全的分享器：ssh金鑰直接存在韌體裡、WPS亂數不亂、允許執行遠端程式、過期的SSL憑證、文件未載的洩漏資訊的網頁畫面、...； 以上也許是 bugs。 以下有後門：samba、 telnet(耐砍的雙重後門，UDP封包可啟動)、 ... 去年12月就通知他們了，卻遲不處理 &lt;a href="https://mobile.slashdot.org/story/16/04/06/0115215/quanta-lte-router-may-be-most-unsecure-router-ever-made" class="ex_link" rel="nofollow"&gt;Quanta LTE Router May Be Most Unsecure Router Ever Made - Slashdo...&lt;/a&gt;</content>
  </entry>
  <entry xml:base="http://www.plurk.com/user/ckhung0.xml">
    <title type="text">ckhung0 分享 Oculus Rift VR 被爆向 Facebook 上傳大量用戶資訊 - UNWIRE.HK Oculus 'Always On' Services and Privacy Policy May Be a Cause for...</title>
    <id>tag:plurk.com;ckhung0;1304007226</id>
    <updated>2016-04-06T02:10:56Z</updated>
    <published>2016-04-06T02:10:56Z</published>
    <link href="/p/lkdeey" />
    <author>
      <name>ckhung0</name>
    </author>
    <content type="html">ckhung0 分享 &lt;a href="http://unwire.hk/2016/04/04/oculus-rift-vr-facebook/notebook/gadgets/" class="ex_link meta" rel="nofollow"&gt;&lt;img src="http://unwire.hk/wp-content/uploads/2016/04/OculusRift.jpg" height="40px" /&gt;Oculus Rift VR 被爆向 Facebook 上傳大量用戶資訊 - UNWIRE.HK&lt;/a&gt; &lt;a href="https://tech.slashdot.org/story/16/04/02/0636220/oculus-always-on-services-and-privacy-policy-may-be-a-cause-for-concern" class="ex_link" rel="nofollow"&gt;Oculus 'Always On' Services and Privacy Policy May Be a Cause for...&lt;/a&gt;</content>
  </entry>
  <entry xml:base="http://www.plurk.com/user/ckhung0.xml">
    <title type="text">ckhung0 分享 rep blue07452 「保護孩子、給他們一個安全的環境不應該是給他們對世界負面的想像，要求大人緊張兮兮地顧前顧後；而是陪著他們思考、發展出勇氣和策略，不只處理問題，甚至包括人生必然出現的各種創傷。... 最終人都是要自己一個的。」 向小燈泡媽媽致敬：請社會別再說媽媽理應「保護」孩子 | 女人迷 womany 建設性正向思考好文! 也向勇敢說實話的作者致敬。</title>
    <id>tag:plurk.com;ckhung0;1304007036</id>
    <updated>2016-04-06T02:08:33Z</updated>
    <published>2016-04-06T02:08:33Z</published>
    <link href="/p/lkde9o" />
    <author>
      <name>ckhung0</name>
    </author>
    <content type="html">ckhung0 分享 rep &lt;a href="http://www.plurk.com/blue07452" class="ex_link"&gt;blue07452&lt;/a&gt; 「保護孩子、給他們一個安全的環境不應該是給他們對世界負面的想像，要求大人緊張兮兮地顧前顧後；而是陪著他們思考、發展出勇氣和策略，不只處理問題，甚至包括人生必然出現的各種創傷。... 最終人都是要自己一個的。」  &lt;a href="http://womany.net/read/article/10277" class="ex_link meta" rel="nofollow"&gt;&lt;img src="https://d2r4esoini6f0l.cloudfront.net/images/articles/10277/womany_ying_mu_kuai_zhao_2016_03_30__shang_wu_11_34_47_1459308936-1212-2094.png" height="40px" /&gt;向小燈泡媽媽致敬：請社會別再說媽媽理應「保護」孩子 | 女人迷 womany&lt;/a&gt; 建設性正向思考好文! 也向勇敢說實話的作者致敬。</content>
  </entry>
  <entry xml:base="http://www.plurk.com/user/ckhung0.xml">
    <title type="text">ckhung0 轉噗 davelin Du Chen：震惊世界的巴拿马文件事件到底是怎么一回事？-墙外楼因为这家律所曾为无数客户在巴拿马这个避税天堂隐藏离岸资产提供了帮助，共创立了超过 21.4 万家壳公司。而这些壳公司与全世界超过 200 个国家和地区有所关联，涉及了 143 位来自这些国家和地区的政治家和他们的家庭，当中包括有 12 位各国现任领导人。</title>
    <id>tag:plurk.com;davelin;1303900730</id>
    <updated>2016-04-05T01:27:51Z</updated>
    <published>2016-04-05T01:27:51Z</published>
    <link href="/p/lkb48q" />
    <author>
      <name>davelin</name>
    </author>
    <content type="html">ckhung0 轉噗 davelin &lt;a href="http://m.letscorp.net/archives/104085" class="ex_link" rel="nofollow"&gt;Du Chen：震惊世界的巴拿马文件事件到底是怎么一回事？-墙外楼&lt;/a&gt;&lt;br /&gt;因为这家律所曾为无数客户在巴拿马这个避税天堂隐藏离岸资产提供了帮助，共创立了超过 21.4 万家壳公司。而这些壳公司与全世界超过 200 个国家和地区有所关联，涉及了 143 位来自这些国家和地区的政治家和他们的家庭，当中包括有 12 位各国现任领导人。</content>
  </entry>
  <entry xml:base="http://www.plurk.com/user/ckhung0.xml">
    <title type="text">ckhung0 轉噗 blue07452 分享 #FB #演算法別留待深鎖臉書的回憶消失才後悔，現在就能讓數十年後的自己慶幸 - The News Lens 關鍵評論網你的FB貼文 注定跟FB共存亡。Eli Pariser：當心網路的「過濾氣泡」(中英雙字幕)「在未與我商量過的情況下，它並編走那些連結。」</title>
    <id>tag:plurk.com;blue07452;1303852739</id>
    <updated>2016-04-04T12:33:58Z</updated>
    <published>2016-04-04T12:33:58Z</published>
    <link href="/p/lka37n" />
    <author>
      <name>blue07452</name>
    </author>
    <content type="html">ckhung0 轉噗 blue07452 分享 #FB #演算法&lt;br /&gt;&lt;a href="http://www.thenewslens.com/post/284109/" class="ex_link meta" rel="nofollow"&gt;&lt;img src="http://image.thenewslens.com/wp-content/uploads/2016/02/42-81503260.jpg" height="40px" /&gt;別留待深鎖臉書的回憶消失才後悔，現在就能讓數十年後的自己慶幸 - The News Lens 關鍵評論網&lt;/a&gt;你的FB貼文　注定跟FB共存亡。&lt;br /&gt;&lt;a href="https://www.youtube.com/watch?v=UkmPIxUt3PA" class="ogvideo meta" rel="nofollow"&gt;&lt;img src="https://i.ytimg.com/vi/UkmPIxUt3PA/hqdefault.jpg" data-video="https://www.youtube.com/embed/UkmPIxUt3PA?feature=oembed" data-width="480" data-height="270" height="40px" /&gt;Eli Pariser：當心網路的「過濾氣泡」(中英雙字幕)&lt;/a&gt;「在未與我商量過的情況下，它並編走那些連結。」</content>
  </entry>
  <entry xml:base="http://www.plurk.com/user/ckhung0.xml">
    <title type="text">ckhung0 好奇 「透過對好幾百個病人的觀察，克勒利歸納心理病態十六個最主要的行為特徵。」 那個... 真的不是故意的... 可是一邊讀我一邊不斷地想到馬英九... 反社會人格16特徵 你中了幾項？｜健康關係｜智富出版｜天下雜誌</title>
    <id>tag:plurk.com;ckhung0;1303743734</id>
    <updated>2016-04-03T09:04:10Z</updated>
    <published>2016-04-03T09:04:10Z</published>
    <link href="/p/lk7r3q" />
    <author>
      <name>ckhung0</name>
    </author>
    <content type="html">ckhung0 好奇 「透過對好幾百個病人的觀察，克勒利歸納心理病態十六個最主要的行為特徵。」 那個... 真的不是故意的... 可是一邊讀我一邊不斷地想到馬英九... &lt;a href="http://www.cw.com.tw/article/article.action?id=5071816" class="ex_link meta" rel="nofollow"&gt;&lt;img src="http://cw1.tw/CW/images/article/C1445680989304.jpg" height="40px" /&gt;反社會人格16特徵  你中了幾項？｜健康關係｜智富出版｜天下雜誌&lt;/a&gt;</content>
  </entry>
  <entry xml:base="http://www.plurk.com/user/ckhung0.xml">
    <title type="text">ckhung0 轉噗 davelin 說 首款Ubuntu平板電腦開放預購，台灣也買得到 Aquaris M10 Ubuntu Edition為全球首款 #Ubuntu平板 ，搭載10.1吋Full HD或HD螢幕，內建聯發科1.5GHz處理器，配備2GB記憶體，可搭配無線藍牙鍵盤及滑鼠提供接近Ubuntu PC的體驗，或以HDMI連接更大的螢幕。</title>
    <id>tag:plurk.com;davelin;1303224621</id>
    <updated>2016-03-29T06:41:23Z</updated>
    <published>2016-03-29T06:41:23Z</published>
    <link href="/p/ljwmjx" />
    <author>
      <name>davelin</name>
    </author>
    <content type="html">ckhung0 轉噗 davelin 說 &lt;a href="http://www.ithome.com.tw/news/104964" class="ex_link meta" rel="nofollow"&gt;&lt;img src="http://static4.ithome.com.tw/sites/default/files/field/image/aquris_m10.jpg" height="40px" /&gt;首款Ubuntu平板電腦開放預購，台灣也買得到&lt;/a&gt; Aquaris M10 Ubuntu Edition為全球首款 #Ubuntu平板 ，搭載10.1吋Full HD或HD螢幕，內建聯發科1.5GHz處理器，配備2GB記憶體，可搭配&lt;b&gt;無線藍牙鍵盤及滑鼠&lt;/b&gt;提供接近Ubuntu PC的體驗，或以&lt;b&gt;HDMI&lt;/b&gt;連接更大的螢幕。</content>
  </entry>
  <entry xml:base="http://www.plurk.com/user/ckhung0.xml">
    <title type="text">ckhung0 喜歡 自拍貓：「你這樣分享已經侵犯偶的著作權了歐!」(設計對白) Cat Selfie: The Next Copyright Battle? | TechnoLlama</title>
    <id>tag:plurk.com;ckhung0;1303198990</id>
    <updated>2016-03-29T01:30:34Z</updated>
    <published>2016-03-29T01:30:34Z</published>
    <link href="/p/ljw2ry" />
    <author>
      <name>ckhung0</name>
    </author>
    <content type="html">ckhung0 喜歡 自拍貓：「你這樣分享已經侵犯偶的著作權了歐!」(設計對白) &lt;a href="http://www.technollama.co.uk/cat-selfies-the-next-copyright-battle" class="ex_link" rel="nofollow"&gt;Cat Selfie: The Next Copyright Battle? | TechnoLlama&lt;/a&gt;  &lt;a href="http://static.boredpanda.com/blog/wp-content/uploads/2016/01/manny-cat-takes-selfies-dogs-gopro-9.jpg" class="ex_link pictureservices" rel="nofollow"&gt;&lt;img src="http://static.boredpanda.com/blog/wp-content/uploads/2016/01/manny-cat-takes-selfies-dogs-gopro-9.jpg" height="48" /&gt;&lt;/a&gt;</content>
  </entry>
  <entry xml:base="http://www.plurk.com/user/ckhung0.xml">
    <title type="text">ckhung0 轉噗 davelin 說 聊天機器人 Tay 亂罵人，微軟緊急消音 網友們可能發了很多糟糕的訊息給 Tay，把 Tay「教壞了」。雖然人工智慧並非人類，但可透過大量資料來模仿，其實就像小孩一樣，也是跟著大人有樣學樣。Tay 才上網跟網友們學習一天，竟被教成口出惡言、種族歧視的白目少女，現在微軟技術人員只好請她在社群網站上暫時消音，帶回去重新好好「調教」一番。</title>
    <id>tag:plurk.com;davelin;1302813622</id>
    <updated>2016-03-25T01:32:01Z</updated>
    <published>2016-03-25T01:32:01Z</published>
    <link href="/p/ljntfa" />
    <author>
      <name>davelin</name>
    </author>
    <content type="html">ckhung0 轉噗 davelin 說 &lt;a href="http://www.bnext.com.tw/article/view/id/39027" class="ex_link meta" rel="nofollow"&gt;&lt;img src="https://3.bp.blogspot.com/-hyxVAJp3VvM/VvSELo3wusI/AAAAAAACGq0/ZZWlD3pAXww0QSvCYdAewOUzVfpXxyRsQ/s1024/" height="40px" /&gt;聊天機器人 Tay 亂罵人，微軟緊急消音&lt;/a&gt;  網友們可能發了很多糟糕的訊息給 Tay，把 Tay「教壞了」。雖然人工智慧並非人類，但可透過大量資料來模仿，其實就像小孩一樣，也是跟著大人有樣學樣。Tay 才上網跟網友們學習一天，竟被教成口出惡言、種族歧視的白目少女，現在微軟技術人員只好請她在社群網站上暫時消音，帶回去重新好好「調教」一番。</content>
  </entry>
</feed>
