<?xml version="1.0" encoding="utf-8"?>
<feed xmlns="http://www.w3.org/2005/Atom">
  <title type="text">ckhung0</title>
  <id>http://www.plurk.com/user/ckhung0.xml</id>
  <updated>2016-05-12T08:17:02Z</updated>
  <link href="http://www.plurk.com/" />
  <link href="http://www.plurk.com/user/ckhung0.xml" rel="self" />
  <generator>Werkzeug</generator>
  <entry xml:base="http://www.plurk.com/user/ckhung0.xml">
    <title type="text">ckhung0 轉噗 davelin 說 台灣是禁止進口廢棄電子產品的。 美國環保團體用GPS發報器，紮紮實實追蹤到，透過戴爾和慈善機構處理的電子垃圾，號稱要「負責任的處理」，卻還是有部分違法境外處理，包括到香港新界後，再違法運進台灣。 ---- 該死!! 以前的案例我們受夠教訓了。還是有人搞不清楚。</title>
    <id>tag:plurk.com;davelin;1307682578</id>
    <updated>2016-05-12T08:17:02Z</updated>
    <published>2016-05-12T08:17:02Z</published>
    <link href="/p/lmk6c2" />
    <author>
      <name>davelin</name>
    </author>
    <content type="html">ckhung0 轉噗 davelin 說 &lt;a href="http://www.facebook.com/noheard/posts/10153885685979342" class="ex_link" rel="nofollow"&gt;台灣是禁止進口廢棄電子產品的。&lt;/a&gt; 美國環保團體用GPS發報器，紮紮實實追蹤到，透過戴爾和慈善機構處理的電子垃圾，號稱要「負責任的處理」，卻還是有部分違法境外處理，包括到香港新界後，再違法運進台灣。 ---- 該死!!  以前的案例我們受夠教訓了。還是有人搞不清楚。</content>
  </entry>
  <entry xml:base="http://www.plurk.com/user/ckhung0.xml">
    <title type="text">ckhung0 分享 「三位台灣病人...帶著上百萬元到中國大陸換器官，...活下來的人，卻為何留下難以彌補的遺憾」 國際調查性紀錄片獲獎影片「活摘」 5/19(四)19-21:30中興大學圖書館七樓國際會議廳，鄭元瑜醫師及曾耀賢律師映後與談</title>
    <id>tag:plurk.com;ckhung0;1307642705</id>
    <updated>2016-05-12T01:56:58Z</updated>
    <published>2016-05-12T01:56:58Z</published>
    <link href="/p/lmjbkh" />
    <author>
      <name>ckhung0</name>
    </author>
    <content type="html">ckhung0 分享 「三位台灣病人...帶著上百萬元到中國大陸換器官，...活下來的人，卻為何留下難以彌補的遺憾」 國際調查性紀錄片獲獎影片「活摘」 5/19(四)19-21:30中興大學圖書館七樓國際會議廳，鄭元瑜醫師及曾耀賢律師映後與談  &lt;a href="https://images.plurk.com/4s0Rnsq83pxCihjULYMAKm.jpg" class="ex_link pictureservices"&gt;&lt;img src="https://images.plurk.com/tx_4s0Rnsq83pxCihjULYMAKm.gif" height="48" /&gt;&lt;/a&gt;</content>
  </entry>
  <entry xml:base="http://www.plurk.com/user/ckhung0.xml">
    <title type="text">ckhung0 分享 「Facebook稱，該公司所採集的數據不受這部州法律管轄。該法律限制通過視網膜或虹膜掃描、指紋、“聲印”或“手面部形狀”掃描來收集數據。」 Facebook面部識別面臨集體隱私訴訟 如何關閉? 用「facebook turn off face recognition」搜到幾篇，不太確定是否從這裡：</title>
    <id>tag:plurk.com;ckhung0;1307582989</id>
    <updated>2016-05-11T11:10:00Z</updated>
    <published>2016-05-11T11:10:00Z</published>
    <link href="/p/lmi1hp" />
    <author>
      <name>ckhung0</name>
    </author>
    <content type="html">ckhung0 分享 「Facebook稱，該公司所採集的數據不受這部州法律管轄。該法律限制通過視網膜或虹膜掃描、指紋、“聲印”或“手面部形狀”掃描來收集數據。」 &lt;a href="http://cn.wsj.com/big5/20160509/tec163753.asp" class="ex_link" rel="nofollow"&gt;Facebook面部識別面臨集體隱私訴訟&lt;/a&gt; 如何關閉? 用「facebook turn off face recognition」搜到幾篇，不太確定是否從這裡： &lt;a href="https://images.plurk.com/2rLcYI2FNjmOgE4iBvUfmB.jpg" class="ex_link pictureservices"&gt;&lt;img src="https://images.plurk.com/tx_2rLcYI2FNjmOgE4iBvUfmB.gif" height="48" /&gt;&lt;/a&gt;</content>
  </entry>
  <entry xml:base="http://www.plurk.com/user/ckhung0.xml">
    <title type="text">ckhung0 轉噗 davelin 新的眼藥水可以溶解白內障: 不需要進行手術 - 讚新聞</title>
    <id>tag:plurk.com;davelin;1307194389</id>
    <updated>2016-05-07T13:30:01Z</updated>
    <published>2016-05-07T13:30:01Z</published>
    <link href="/p/lm9pn9" />
    <author>
      <name>davelin</name>
    </author>
    <content type="html">ckhung0 轉噗 davelin &lt;a href="http://hssszn.com/?p=7479" class="ex_link" rel="nofollow"&gt;新的眼藥水可以溶解白內障: 不需要進行手術 - 讚新聞&lt;/a&gt;</content>
  </entry>
  <entry xml:base="http://www.plurk.com/user/ckhung0.xml">
    <title type="text">ckhung0 後悔昨天接受電話採訪 。 我說沒看過影片無法評論。記者描述時並未提及檢舉者設陷井只說他不為金錢大量檢舉、網友反彈。 所以我說：那可能是執法不夠嚴格或是法律規定跟大眾認知抵觸，若是後者就該修法。 我還特別舉例說盜版三振法讓人人成為罪犯，有問題的明明是法律。 結果今天看到新聞才知道檢舉者根本故意設局；而新聞中我的評論好像支持魔人一樣... 檢舉魔人 年誘5千車受罰 龜速設陷阱 迫違規超車</title>
    <id>tag:plurk.com;ckhung0;1307189958</id>
    <updated>2016-05-07T12:39:12Z</updated>
    <published>2016-05-07T12:39:12Z</published>
    <link href="/p/lm9m86" />
    <author>
      <name>ckhung0</name>
    </author>
    <content type="html">ckhung0 後悔昨天接受電話採訪 &lt;img src="https://s.plurk.com/35b16fc25623670e41c2be6bf8ac38c7.gif" class="emoticon" alt="(annoyed)" /&gt;。 我說沒看過影片無法評論。記者描述時並未提及檢舉者設陷井只說他不為金錢大量檢舉、網友反彈。 所以我說：那可能是執法不夠嚴格或是法律規定跟大眾認知抵觸，若是後者就該修法。 我還特別舉例說盜版三振法讓人人成為罪犯，有問題的明明是法律。 結果今天看到新聞才知道檢舉者根本故意設局；而新聞中我的評論好像支持魔人一樣... &lt;a href="http://www.appledaily.com.tw/appledaily/article/headline/20160507/37201040/" class="ex_link meta" rel="nofollow"&gt;&lt;img src="http://twimg.edgesuite.net//images/twapple/640pix/20160507/_Other/AA01001.jpg" height="40px" /&gt;檢舉魔人 年誘5千車受罰 龜速設陷阱 迫違規超車&lt;/a&gt;</content>
  </entry>
  <entry xml:base="http://www.plurk.com/user/ckhung0.xml">
    <title type="text">ckhung0 分享 【懶人包】中國大學生魏則西一條命，為何會推倒百度搜尋引擎？ 然後...百度任性了： 百度突解禁六四”、“王维林”等敏感字词|自由亚洲 - 明鏡博客</title>
    <id>tag:plurk.com;ckhung0;1307147586</id>
    <updated>2016-05-07T02:25:29Z</updated>
    <published>2016-05-07T02:25:29Z</published>
    <link href="/p/lm8pj6" />
    <author>
      <name>ckhung0</name>
    </author>
    <content type="html">ckhung0 分享 &lt;a href="http://technews.tw/2016/05/05/baidu-crisis/" class="ex_link meta" rel="nofollow"&gt;&lt;img src="http://img.technews.tw/wp-content/uploads/2016/05/RTX28A21.jpg" height="40px" /&gt;【懶人包】中國大學生魏則西一條命，為何會推倒百度搜尋引擎？&lt;/a&gt; 然後...百度任性了： &lt;a href="http://www.mingjingnews.com/MIB/blog/blog_contents.aspx?ID=0000803700001432" class="ex_link" rel="nofollow"&gt;百度突解禁六四”、“王维林”等敏感字词|自由亚洲 - 明鏡博客&lt;/a&gt;</content>
  </entry>
  <entry xml:base="http://www.plurk.com/user/ckhung0.xml">
    <title type="text">ckhung0 分享 數字 IP 31.184.194.81 照樣通。 Elsevier Complaint Shuts Down Sci-Hub Domain Name - TorrentFreak 前情提要：資訊人權貴ㄓ疑: 讓 "非法" 的學術著作權高牆倒下的 Sci-Hub (翻譯) 也請搜尋「scihub 論文」</title>
    <id>tag:plurk.com;ckhung0;1307044797</id>
    <updated>2016-05-06T01:45:20Z</updated>
    <published>2016-05-06T01:45:20Z</published>
    <link href="/p/lm6i7x" />
    <author>
      <name>ckhung0</name>
    </author>
    <content type="html">ckhung0 分享 數字 IP 31.184.194.81 照樣通。 &lt;a href="https://t.co/zpa13F9qKp" class="ex_link" rel="nofollow"&gt;Elsevier Complaint Shuts Down Sci-Hub Domain Name - TorrentFreak&lt;/a&gt; 前情提要：&lt;a href="http://ppt.cc/xUkJc" class="ex_link" rel="nofollow"&gt;資訊人權貴ㄓ疑: 讓 "非法" 的學術著作權高牆倒下的 Sci-Hub (翻譯)&lt;/a&gt; 也請搜尋「scihub 論文」</content>
  </entry>
  <entry xml:base="http://www.plurk.com/user/ckhung0.xml">
    <title type="text">ckhung0 轉噗 davelin 說 全球遭殃！資安專家踢爆2.7億人Email憑證外洩，連Gmail、雅虎、微軟都受害看到這新聞時，不是要馬上改你的密碼。而是你自已重要的服務有沒有開啟2步驟驗證。有人試你帳號時，收到通知再下一步。為什麼不要馬上改你密碼，因為如果是我的話，我已經在相關人員電腦設好程式，等 待你輸入「正確密碼」回報給我。你怎麼確定你電腦/手機是安全無毒呢？.. XDDDDD</title>
    <id>tag:plurk.com;davelin;1306943384</id>
    <updated>2016-05-05T02:40:17Z</updated>
    <published>2016-05-05T02:40:17Z</published>
    <link href="/p/lm4byw" />
    <author>
      <name>davelin</name>
    </author>
    <content type="html">ckhung0 轉噗 davelin 說 &lt;a href="http://www.ithome.com.tw/news/105731" class="ex_link meta" rel="nofollow"&gt;&lt;img src="http://static4.ithome.com.tw/sites/default/files/field/image/hacking.jpg" height="40px" /&gt;全球遭殃！資安專家踢爆2.7億人Email憑證外洩，連Gmail、雅虎、微軟都受害&lt;/a&gt;看到這新聞時，不是要馬上改你的密碼。&lt;br /&gt;而是你自已重要的服務有沒有開啟2步驟驗證。有人試你帳號時，收到通知再下一步。&lt;br /&gt;為什麼不要馬上改你密碼，因為如果是我的話，我已經在相關人員電腦設好程式，等 待你輸入「正確密碼」回報給我。&lt;br /&gt;你怎麼確定你電腦/手機是安全無毒呢？..  XDDDDD</content>
  </entry>
  <entry xml:base="http://www.plurk.com/user/ckhung0.xml">
    <title type="text">ckhung0 分享 FB「熱門話題」幕後真相：FB約聘用一二十位年輕優秀的媒體人過濾篩選要讓哪些話題暴紅。 有一些其怪的原則，例如禁提推特名稱。 (比較開放的競爭對手咩) 臉書在印度推 Free Basics 時，疑似操作「熱門話題」去報復批評它的印度媒體。 A Small Group of Journalists Control and Decide What Should Trend...</title>
    <id>tag:plurk.com;ckhung0;1306939690</id>
    <updated>2016-05-05T01:47:42Z</updated>
    <published>2016-05-05T01:47:42Z</published>
    <link href="/p/lm494a" />
    <author>
      <name>ckhung0</name>
    </author>
    <content type="html">ckhung0 分享 FB「熱門話題」幕後真相：FB約聘用一二十位年輕優秀的媒體人過濾篩選要讓哪些話題暴紅。 有一些其怪的原則，例如禁提推特名稱。 (比較開放的競爭對手咩) 臉書在印度推 Free Basics 時，疑似操作「熱門話題」去報復批評它的印度媒體。 &lt;a href="https://t.co/YACrTTwLVa" class="ex_link" rel="nofollow"&gt;A Small Group of Journalists Control and Decide What Should Trend...&lt;/a&gt;</content>
  </entry>
  <entry xml:base="http://www.plurk.com/user/ckhung0.xml">
    <title type="text">ckhung0 分享 Snowden：「看準現代人沒有網路就活不下去，各國政府有能力把民眾當成植了晶片的動物一樣來對待。 差別只在於它在我們的口袋裡(而不是身體裡)，還有我們必須自己付錢(買這個晶片)。」 Edward Snowden: ‘Governments can reduce our dignity to that of ta...</title>
    <id>tag:plurk.com;ckhung0;1306936145</id>
    <updated>2016-05-05T00:55:56Z</updated>
    <published>2016-05-05T00:55:56Z</published>
    <link href="/p/lm46dt" />
    <author>
      <name>ckhung0</name>
    </author>
    <content type="html">ckhung0 分享 Snowden：「看準現代人沒有網路就活不下去，各國政府有能力把民眾當成植了晶片的動物一樣來對待。 差別只在於它在我們的口袋裡(而不是身體裡)，還有我們必須自己付錢(買這個晶片)。」 &lt;a href="https://t.co/WJacefpngk" class="ex_link" rel="nofollow"&gt;Edward Snowden: ‘Governments can reduce our dignity to that of ta...&lt;/a&gt;</content>
  </entry>
  <entry xml:base="http://www.plurk.com/user/ckhung0.xml">
    <title type="text">ckhung0 轉噗 davelin 說 rep 中國新規：談論霧霾或將因言獲罪(圖) - 看中國 + China Presses Economists to Brighten Their Outlooks</title>
    <id>tag:plurk.com;davelin;1306868867</id>
    <updated>2016-05-04T08:48:43Z</updated>
    <published>2016-05-04T08:48:43Z</published>
    <link href="/p/lm2qgz" />
    <author>
      <name>davelin</name>
    </author>
    <content type="html">ckhung0 轉噗 davelin 說 rep  &lt;a href="http://b5.secretchina.com/news/15/05/01/574894.html" class="ex_link" rel="nofollow"&gt;中國新規：談論霧霾或將因言獲罪(圖) - 看中國&lt;/a&gt;  + &lt;a href="http://www.wsj.com/articles/china-presses-economists-to-brighten-their-outlooks-1462292316" class="ex_link meta" rel="nofollow"&gt;&lt;img src="https://si.wsj.net/public/resources/images/BN-NV378_CMUZZL_G_20160503110038.jpg" height="40px" /&gt;China Presses Economists to Brighten Their Outlooks&lt;/a&gt;</content>
  </entry>
  <entry xml:base="http://www.plurk.com/user/ckhung0.xml">
    <title type="text">ckhung0 轉噗 davelin 說 科技部：中國北斗衛星系統 有資安風險 - 焦點 - 自由時報電子報 科技部最新向立院提出的「行動裝置晶片資安風險影響評估」報告指出，由於中國北斗衛星定位系統已具備雙向資訊收發功能，且支援中國北斗衛星的智慧型手機之定位晶片、作業系統或ＡＰＰ程式中均可能隱藏惡意程式，若國人使用搭載中國北斗衛星定位系統的智慧型手機，恐有提升資安風險的疑慮。 ---- 重點在作業系統, app 會傳回你的座標。</title>
    <id>tag:plurk.com;davelin;1306832392</id>
    <updated>2016-05-04T00:50:18Z</updated>
    <published>2016-05-04T00:50:18Z</published>
    <link href="/p/lm1ybs" />
    <author>
      <name>davelin</name>
    </author>
    <content type="html">ckhung0 轉噗 davelin 說 &lt;a href="http://news.ltn.com.tw/news/focus/paper/985855" class="ex_link" rel="nofollow"&gt;科技部：中國北斗衛星系統 有資安風險 - 焦點 - 自由時報電子報&lt;/a&gt; 科技部最新向立院提出的「行動裝置晶片資安風險影響評估」報告指出，由於中國北斗衛星定位系統已具備雙向資訊收發功能，且支援中國北斗衛星的智慧型手機之定位晶片、作業系統或ＡＰＰ程式中均可能隱藏惡意程式，若國人使用搭載中國北斗衛星定位系統的智慧型手機，恐有提升資安風險的疑慮。 ---- 重點在作業系統, app 會傳回你的座標。</content>
  </entry>
  <entry xml:base="http://www.plurk.com/user/ckhung0.xml">
    <title type="text">ckhung0 轉噗 davelin 說 中國關閉蘋果iBookstore與iTunes電影服務 — Rocket Cafe Express 跟 gfw 一樣管理的思維，我給才能做，我不給沒有理由可以說。</title>
    <id>tag:plurk.com;davelin;1305660196</id>
    <updated>2016-04-22T06:37:36Z</updated>
    <published>2016-04-22T06:37:36Z</published>
    <link href="/p/llctus" />
    <author>
      <name>davelin</name>
    </author>
    <content type="html">ckhung0 轉噗 davelin 說 &lt;a href="https://goo.gl/LNpEv3" class="ex_link" rel="nofollow"&gt;中國關閉蘋果iBookstore與iTunes電影服務 — Rocket Cafe Express&lt;/a&gt;   跟 gfw 一樣管理的思維，我給才能做，我不給沒有理由可以說。</content>
  </entry>
  <entry xml:base="http://www.plurk.com/user/ckhung0.xml">
    <title type="text">ckhung0 分享 (網路設備大廠)思科 Cisco 不僅協助中國政府建構防火長城，還進一步特別設計軟體(從大量監控網路流量當中)指認及定位那些疑似法輪功信眾的網友 EFF says Cisco shouldn&amp;#039;t get off the hook for torture in Chi... 並針對被控訴人士協助建立全面性的個人上網歷史記錄以利法院定罪/鬥爭/拷打 Cisco’s Latest Attempt to Dodge Responsibility for Facilitating H...</title>
    <id>tag:plurk.com;ckhung0;1305316551</id>
    <updated>2016-04-19T01:34:25Z</updated>
    <published>2016-04-19T01:34:25Z</published>
    <link href="/p/ll5gp3" />
    <author>
      <name>ckhung0</name>
    </author>
    <content type="html">ckhung0 分享 (網路設備大廠)思科 Cisco 不僅協助中國政府建構防火長城，還進一步特別設計軟體(從大量監控網路流量當中)指認及定位那些疑似法輪功信眾的網友 &lt;a href="https://t.co/gAzOxJuzdo" class="ex_link" rel="nofollow"&gt;EFF says Cisco shouldn&amp;#039;t get off the hook for torture in Chi...&lt;/a&gt; 並針對被控訴人士協助建立全面性的個人上網歷史記錄以利法院定罪/鬥爭/拷打 &lt;a href="https://t.co/pRryOfU4un" class="ex_link" rel="nofollow"&gt;Cisco’s Latest Attempt to Dodge Responsibility for Facilitating H...&lt;/a&gt;</content>
  </entry>
  <entry xml:base="http://www.plurk.com/user/ckhung0.xml">
    <title type="text">ckhung0 分享 [包著便利糖衣的隱私毒藥] CIA 投資美肌產品公司? 為取得 DNA Beauty Secrets of the Spies: CIA Begins Investing in Skin Care Pr... / 日本即將讓觀光客用指紋付款取代信用卡 https://t.co/Mm33C0WVTF / 印度要用生物識別資料庫取代銀行 India&amp;#39;s Audacious Plan to Bring Digital Banking to 1.2 Billio... ... 就算政府不會為惡(!?)萬一像這樣怎麼辦? 菲律賓選舉網站遭駭，5500萬選民資料外洩 [含指紋]</title>
    <id>tag:plurk.com;ckhung0;1305218939</id>
    <updated>2016-04-18T03:23:04Z</updated>
    <published>2016-04-18T03:23:04Z</published>
    <link href="/p/ll3ddn" />
    <author>
      <name>ckhung0</name>
    </author>
    <content type="html">ckhung0 分享 [包著便利糖衣的隱私毒藥] CIA 投資美肌產品公司? 為取得 DNA &lt;a href="https://t.co/Bns2NAHFAI" class="ex_link" rel="nofollow"&gt;Beauty Secrets of the Spies: CIA Begins Investing in Skin Care Pr...&lt;/a&gt; / 日本即將讓觀光客用指紋付款取代信用卡 &lt;a href="https://t.co/Mm33C0WVTF" class="ex_link" rel="nofollow"&gt;https://t.co/Mm33C0WVTF&lt;/a&gt; / 印度要用生物識別資料庫取代銀行 &lt;a href="https://t.co/Ca1kyFRkYj" class="ex_link" rel="nofollow"&gt;India&amp;#39;s Audacious Plan to Bring Digital Banking to 1.2 Billio...&lt;/a&gt; ... 就算政府不會為惡(!?)萬一像這樣怎麼辦? &lt;a href="http://www.ithome.com.tw/news/105190" class="ex_link meta" rel="nofollow"&gt;&lt;img src="http://static4.ithome.com.tw/sites/default/files/field/image/d6-dangwa2.jpg" height="40px" /&gt;菲律賓選舉網站遭駭，5500萬選民資料外洩&lt;/a&gt; [含指紋]</content>
  </entry>
  <entry xml:base="http://www.plurk.com/user/ckhung0.xml">
    <title type="text">ckhung0 分享 [來自兩份法院解密文件] 加拿大警方從2010年起就握有黑莓機加密金鑰，曾經用以竊聽上百萬筆BBM簡訊 Canadian Police Have Had BlackBerry's Global Decryption Key Since... 。 另外，2003年動物保護團體阻礙製藥廠進行動物實驗，FBI企圖監聽動保團體，但因無法破解加密訊息，故說服法院允許FBI在動保團體電腦上安裝惡意軟體 FBI Tried To Defeat Encryption 10 Years Ago, Files Show - Slashdo...</title>
    <id>tag:plurk.com;ckhung0;1304925063</id>
    <updated>2016-04-15T01:13:50Z</updated>
    <published>2016-04-15T01:13:50Z</published>
    <link href="/p/lkx2mf" />
    <author>
      <name>ckhung0</name>
    </author>
    <content type="html">ckhung0 分享 [來自兩份法院解密文件] 加拿大警方從2010年起就握有黑莓機加密金鑰，曾經用以竊聽上百萬筆BBM簡訊 &lt;a href="https://t.co/xDP80l4mvL" class="ex_link" rel="nofollow"&gt;Canadian Police Have Had BlackBerry's Global Decryption Key Since...&lt;/a&gt; 。 另外，2003年動物保護團體阻礙製藥廠進行動物實驗，FBI企圖監聽動保團體，但因無法破解加密訊息，故說服法院允許FBI在動保團體電腦上安裝惡意軟體 &lt;a href="https://t.co/5naaoP1OEW" class="ex_link" rel="nofollow"&gt;FBI Tried To Defeat Encryption 10 Years Ago, Files Show - Slashdo...&lt;/a&gt;</content>
  </entry>
  <entry xml:base="http://www.plurk.com/user/ckhung0.xml">
    <title type="text">ckhung0 轉噗 briian 說 幹[爆卦] 國際上認為肯亞案代表台灣適用中國法律</title>
    <id>tag:plurk.com;briian;1304850146</id>
    <updated>2016-04-14T08:26:30Z</updated>
    <published>2016-04-14T08:26:30Z</published>
    <link href="/p/lkvgte" />
    <author>
      <name>briian</name>
    </author>
    <content type="html">ckhung0 轉噗 briian 說 幹&lt;br /&gt;&lt;a href="https://www.ptt.cc/bbs/Gossiping/M.1460616708.A.194.html" class="ex_link" rel="nofollow"&gt;[爆卦] 國際上認為肯亞案代表台灣適用中國法律&lt;/a&gt;</content>
  </entry>
  <entry xml:base="http://www.plurk.com/user/ckhung0.xml">
    <title type="text">ckhung0 分享 "ID Ransomware" 網站幫你辨識你中了哪個勒贖軟體的標， 其中少部分有解： Jigsaw Ransomware Deletes Your Files If You Don't Pay Or When You...</title>
    <id>tag:plurk.com;ckhung0;1304820971</id>
    <updated>2016-04-14T02:30:15Z</updated>
    <published>2016-04-14T02:30:15Z</published>
    <link href="/p/lkuuaz" />
    <author>
      <name>ckhung0</name>
    </author>
    <content type="html">ckhung0 分享 "ID Ransomware" 網站幫你辨識你中了哪個勒贖軟體的標， 其中少部分有解： &lt;a href="https://yro.slashdot.org/story/16/04/12/2140221/jigsaw-ransomware-deletes-your-files-if-you-dont-pay-or-when-you-reboot-your-pc" class="ex_link" rel="nofollow"&gt;Jigsaw Ransomware Deletes Your Files If You Don't Pay Or When You...&lt;/a&gt;</content>
  </entry>
  <entry xml:base="http://www.plurk.com/user/ckhung0.xml">
    <title type="text">ckhung0 好奇 rep MGdesigner 法務部你的立場是什麼要講清楚哦... 黃國昌質詢：「我只要確保我們國家派出去的隊伍沒有兩種聲音，有人是急著要把人帶回來，有人是在背後扯後腿，說人留在那邊審判就 好了帶回來幹嘛...」 [爆卦] 今日黃國昌質詢逐字稿 肯亞案 法務部</title>
    <id>tag:plurk.com;ckhung0;1304820432</id>
    <updated>2016-04-14T02:23:16Z</updated>
    <published>2016-04-14T02:23:16Z</published>
    <link href="/p/lkutw0" />
    <author>
      <name>ckhung0</name>
    </author>
    <content type="html">ckhung0 好奇 rep &lt;a href="http://www.plurk.com/MGdesigner" class="ex_link"&gt;MGdesigner&lt;/a&gt;  法務部你的立場是什麼要講清楚哦... 黃國昌質詢：「我只要確保我們國家派出去的隊伍沒有兩種聲音，有人是急著要把人帶回來，有人是在背後扯後腿，說人留在那邊審判就 好了帶回來幹嘛...」 &lt;a href="https://www.ptt.cc/bbs/Gossiping/M.1460539503.A.7D1.html" class="ex_link" rel="nofollow"&gt;[爆卦] 今日黃國昌質詢逐字稿 肯亞案 法務部&lt;/a&gt;</content>
  </entry>
  <entry xml:base="http://www.plurk.com/user/ckhung0.xml">
    <title type="text">ckhung0 轉噗 davelin 說 整合3000間診所，架起社區醫療地圖 當發現生活不便時，別再抱怨「怎麼沒有人解決？」李昕迪的故事告訴我們，捲起袖子學寫程式，你就能當那個「沒有人」！</title>
    <id>tag:plurk.com;davelin;1304342180</id>
    <updated>2016-04-09T07:50:52Z</updated>
    <published>2016-04-09T07:50:52Z</published>
    <link href="/p/lkkkv8" />
    <author>
      <name>davelin</name>
    </author>
    <content type="html">ckhung0 轉噗 davelin 說 &lt;a href="http://www.gvm.com.tw/Boardcontent_30999.html" class="ex_link" rel="nofollow"&gt;整合3000間診所，架起社區醫療地圖&lt;/a&gt;  當發現生活不便時，別再抱怨「怎麼沒有人解決？」李昕迪的故事告訴我們，捲起袖子學寫程式，你就能當那個「沒有人」！</content>
  </entry>
</feed>
