<?xml version="1.0" encoding="utf-8"?>
<feed xmlns="http://www.w3.org/2005/Atom">
  <title type="text">ckhung0</title>
  <id>http://www.plurk.com/user/ckhung0.xml</id>
  <updated>2016-05-30T11:12:20Z</updated>
  <link href="http://www.plurk.com/" />
  <link href="http://www.plurk.com/user/ckhung0.xml" rel="self" />
  <generator>Werkzeug</generator>
  <entry xml:base="http://www.plurk.com/user/ckhung0.xml">
    <title type="text">ckhung0 分享 rep davelin + Thinker ：西方文化很重視「選擇的自由」，但人們卻常忽略選單上的選項是如何被操弄的、例如「不在選單上」的選項。 .. 當Marc標註我的時候，他實際上是回應Facebook給他的建議，而不是做出一個獨立行為。 .. 在實體世界，美國人去雜貨店（兼藥房）的前二大理由，是補充藥品與買牛奶。但雜貨店為了讓人們買更多東西.. [Thinker] - 科技如何劫持人們的心智 - How Tec...</title>
    <id>tag:plurk.com;ckhung0;1309494381</id>
    <updated>2016-05-30T11:12:20Z</updated>
    <published>2016-05-30T11:12:20Z</published>
    <link href="/p/lnn0bx" />
    <author>
      <name>ckhung0</name>
    </author>
    <content type="html">ckhung0 分享 rep &lt;a href="http://www.plurk.com/davelin" class="ex_link"&gt;davelin&lt;/a&gt; + &lt;a href="http://www.plurk.com/Thinker" class="ex_link"&gt;Thinker&lt;/a&gt; ：西方文化很重視「選擇的自由」，但人們卻常忽略選單上的選項是如何被操弄的、例如「不在選單上」的選項。 .. 當Marc標註我的時候，他實際上是回應Facebook給他的建議，而不是做出一個獨立行為。 .. 在實體世界，美國人去雜貨店（兼藥房）的前二大理由，是補充藥品與買牛奶。但雜貨店為了讓人們買更多東西.. &lt;a href="https://www.plurk.com/p/lnizcj" class="ex_link plink"&gt;[Thinker] - 科技如何劫持人們的心智   - How Tec...&lt;/a&gt;</content>
  </entry>
  <entry xml:base="http://www.plurk.com/user/ckhung0.xml">
    <title type="text">ckhung0 喜歡 rep devalin 好可愛啊~~ 童心! Animated GIF - Find &amp;amp; Share on GIPHY</title>
    <id>tag:plurk.com;ckhung0;1309481650</id>
    <updated>2016-05-30T08:39:24Z</updated>
    <published>2016-05-30T08:39:24Z</published>
    <link href="/p/lnmqia" />
    <author>
      <name>ckhung0</name>
    </author>
    <content type="html">ckhung0 喜歡 rep &lt;a href="http://www.plurk.com/devalin" class="ex_link"&gt;devalin&lt;/a&gt; 好可愛啊~~ 童心! &lt;a href="http://giphy.com/gifs/xT1XH3gIR0C0YYUWeQ" class="ex_link meta" rel="nofollow"&gt;&lt;img src="https://media.giphy.com/media/xT1XH3gIR0C0YYUWeQ/giphy.gif" height="40px" /&gt;Animated GIF  - Find &amp;amp; Share on GIPHY&lt;/a&gt;</content>
  </entry>
  <entry xml:base="http://www.plurk.com/user/ckhung0.xml">
    <title type="text">ckhung0 轉噗 davelin 說 路燈5人組 連飛利浦也取經 「政府沒經費，那就用我們路燈」，黃君豪說，彰化縣線西鄉公所最近向下游廠商採購兩千三百盞路燈，金額近三千萬元，但鄉公所一毛錢都不用出，只要把七年內省下的電費逐年還給廠商即可，且保固七年</title>
    <id>tag:plurk.com;davelin;1309460232</id>
    <updated>2016-05-30T04:17:29Z</updated>
    <published>2016-05-30T04:17:29Z</published>
    <link href="/p/lnm9zc" />
    <author>
      <name>davelin</name>
    </author>
    <content type="html">ckhung0 轉噗 davelin 說 &lt;a href="http://udn.com/news/story/7241/1727843" class="ex_link" rel="nofollow"&gt;路燈5人組 連飛利浦也取經&lt;/a&gt; 「政府沒經費，那就用我們路燈」，黃君豪說，彰化縣線西鄉公所最近向下游廠商採購兩千三百盞路燈，金額近三千萬元，但鄉公所一毛錢都不用出，只要把七年內省下的電費逐年還給廠商即可，且保固七年</content>
  </entry>
  <entry xml:base="http://www.plurk.com/user/ckhung0.xml">
    <title type="text">ckhung0 轉噗 blue07452 分享 #手動轉強制升級Windows 10的受害者 日本漫畫家畑健二郎慘失原稿徹底移除免費升級Windows 10的更新通知 (KB3035583)[教學] 如何關閉 Windows 7/8 彈跳 Windows 10 升級更新通知？如果隱藏後又出現的話可以用這個網址的第二個方法永久移除掉更新通知喔</title>
    <id>tag:plurk.com;blue07452;1309365914</id>
    <updated>2016-05-29T04:09:07Z</updated>
    <published>2016-05-29T04:09:07Z</published>
    <link href="/p/lnk97e" />
    <author>
      <name>blue07452</name>
    </author>
    <content type="html">ckhung0 轉噗 blue07452 分享 #手動轉&lt;br /&gt;&lt;a href="https://www.kocpc.com.tw/archives/96926" class="ex_link" rel="nofollow"&gt;強制升級Windows 10的受害者　日本漫畫家畑健二郎慘失原稿&lt;/a&gt;&lt;br /&gt;&lt;a href="http://blog.xuite.net/knight.ex/blog/319451606-%E5%BE%B9%E5%BA%95%E7%A7%BB%E9%99%A4%E5%85%8D%E8%B2%BB%E5%8D%87%E7%B4%9AWindows+10%E7%9A%84%E6%9B%B4%E6%96%B0%E9%80%9A%E7%9F%A5+(KB3035583)" class="ex_link" rel="nofollow"&gt;徹底移除免費升級Windows 10的更新通知 (KB3035583)&lt;/a&gt;&lt;br /&gt;&lt;a href="https://sofun.tw/disable-windows-update-win-10/" class="ex_link" rel="nofollow"&gt;[教學] 如何關閉 Windows 7/8 彈跳 Windows 10 升級更新通知？&lt;/a&gt;&lt;br /&gt;如果隱藏後又出現的話可以用這個網址的第二個方法永久移除掉更新通知喔</content>
  </entry>
  <entry xml:base="http://www.plurk.com/user/ckhung0.xml">
    <title type="text">ckhung0 好奇 只有英文版嗎? 中文它也偷聽嗎? 中文版 FB app 會聽英文嗎? 請大家分享實驗結果囉「Kelli 教授啟用麥克風功能，然後開始對著手機大談想去 safari，還提到交通方式："...坐吉普車在非洲來一場safari旅遊就帥呆了!" 不到一分鐘後，她的臉書上就出現一條safari貼文。 提到吉普車之後，她的頁面也出現一則汽車廣告」 Facebook Could Be Eavesdropping On Your Phone Calls - Slashdot</title>
    <id>tag:plurk.com;ckhung0;1309162046</id>
    <updated>2016-05-27T01:33:59Z</updated>
    <published>2016-05-27T01:33:59Z</published>
    <link href="/p/lnfvwe" />
    <author>
      <name>ckhung0</name>
    </author>
    <content type="html">ckhung0 好奇 只有英文版嗎? 中文它也偷聽嗎? 中文版 FB app 會聽英文嗎? 請大家分享實驗結果囉「Kelli 教授啟用麥克風功能，然後開始對著手機大談想去 safari，還提到交通方式："...坐吉普車在非洲來一場safari旅遊就帥呆了!" 不到一分鐘後，她的臉書上就出現一條safari貼文。 提到吉普車之後，她的頁面也出現一則汽車廣告」 &lt;a href="https://t.co/mx1PHe72Hv" class="ex_link" rel="nofollow"&gt;Facebook Could Be Eavesdropping On Your Phone Calls - Slashdot&lt;/a&gt;</content>
  </entry>
  <entry xml:base="http://www.plurk.com/user/ckhung0.xml">
    <title type="text">ckhung0 分享 改完 firefox 字型之後，為什麼噗浪的字型還是沒改到? 偏好設定=&amp;gt;內容=&amp;gt;(字型與色彩的)進階=&amp;gt;對應此種語言 要選「其他文字」 然後再選取你要的字型。 每次換系統都找半天，趕快筆記一下。</title>
    <id>tag:plurk.com;ckhung0;1308866843</id>
    <updated>2016-05-24T06:13:30Z</updated>
    <published>2016-05-24T06:13:30Z</published>
    <link href="/p/ln9k4b" />
    <author>
      <name>ckhung0</name>
    </author>
    <content type="html">ckhung0 分享 改完 firefox 字型之後，為什麼噗浪的字型還是沒改到? 偏好設定=&amp;gt;內容=&amp;gt;(字型與色彩的)進階=&amp;gt;對應此種語言 &lt;b&gt;要選「其他文字」&lt;/b&gt; 然後再選取你要的字型。 每次換系統都找半天，趕快筆記一下。</content>
  </entry>
  <entry xml:base="http://www.plurk.com/user/ckhung0.xml">
    <title type="text">ckhung0 分享 哈佛政治學者分析中共政府外洩的e-mail， 發現五毛黨在張貼政府洗腦文時，其實可能並沒拿五毛，只是執行日常工作。 年產近五億條評論。 重點經常不是跟反對意見正面衝突，而是歪樓改變話題。 China Fakes 488 Million Social Media Posts a Year To Deceive Its ... 原始文件出處 (快備份!) [你懂的]某地区网宣部邮箱打包下载——见证五毛党的工作</title>
    <id>tag:plurk.com;ckhung0;1308851206</id>
    <updated>2016-05-24T02:51:04Z</updated>
    <published>2016-05-24T02:51:04Z</published>
    <link href="/p/ln981y" />
    <author>
      <name>ckhung0</name>
    </author>
    <content type="html">ckhung0 分享 哈佛政治學者分析中共政府外洩的e-mail， 發現五毛黨在張貼政府洗腦文時，其實可能並沒拿五毛，只是執行日常工作。 年產近五億條評論。 重點經常不是跟反對意見正面衝突，而是歪樓改變話題。 &lt;a href="https://t.co/orH4uqK3ha" class="ex_link" rel="nofollow"&gt;China Fakes 488 Million Social Media Posts a Year To Deceive Its ...&lt;/a&gt; 原始文件出處 (快備份!) &lt;a href="https://xiaolan.me/50-cent-party-jxgzzg.html" class="ex_link" rel="nofollow"&gt;[你懂的]某地区网宣部邮箱打包下载——见证五毛党的工作&lt;/a&gt;</content>
  </entry>
  <entry xml:base="http://www.plurk.com/user/ckhung0.xml">
    <title type="text">ckhung0 分享 [小偷回頭指控失主侵權] 2009 年網友 sw1tched 上傳一段打 game 的影片； 最近 Fox (福斯影片公司) 把這段影片偷回去穿插到他們的卡通影集裡面去。 節目播出不久， 原始版的影片就被 YouTube 撤下來。 福斯：「機器人抓盜版失誤啦。 已經放回去了」 侵權在先、濫用 DMCA 移除通知在後，可是 Fox 也不必負任何法律責任啊! #著作權詐騙 Fox &amp;#039;Stole&amp;#039; a Game Clip, Used it in Family Guy &amp;amp; DM...</title>
    <id>tag:plurk.com;ckhung0;1308847544</id>
    <updated>2016-05-24T02:01:17Z</updated>
    <published>2016-05-24T02:01:17Z</published>
    <link href="/p/ln9588" />
    <author>
      <name>ckhung0</name>
    </author>
    <content type="html">ckhung0 分享 [小偷回頭指控失主侵權] 2009 年網友 sw1tched 上傳一段打 game 的影片； 最近 Fox (福斯影片公司) 把這段影片偷回去穿插到他們的卡通影集裡面去。 節目播出不久， 原始版的影片就被 YouTube 撤下來。 福斯：「機器人抓盜版失誤啦。 已經放回去了」 侵權在先、濫用 DMCA 移除通知在後，可是 Fox 也不必負任何法律責任啊! #著作權詐騙 &lt;a href="https://t.co/fl2v1MHsr3" class="ex_link" rel="nofollow"&gt;Fox &amp;#039;Stole&amp;#039; a Game Clip, Used it in Family Guy &amp;amp; DM...&lt;/a&gt;</content>
  </entry>
  <entry xml:base="http://www.plurk.com/user/ckhung0.xml">
    <title type="text">ckhung0 分享 rep irvinfly 習近平說，中國的宗教必須「中國化」，也就是說要變成中國的東西。他的講話反映了政府長期以來對基督教可能破壞黨的權威的擔憂。中國的許多人權律師是基督教徒，許多異見人士表示，他們受到了上帝賜予權利這一思想的影響。 浙江兩年拆上千十字架，中國或進一步限制基督教</title>
    <id>tag:plurk.com;ckhung0;1308846289</id>
    <updated>2016-05-24T01:43:49Z</updated>
    <published>2016-05-24T01:43:49Z</published>
    <link href="/p/ln949d" />
    <author>
      <name>ckhung0</name>
    </author>
    <content type="html">ckhung0 分享 rep &lt;a href="http://www.plurk.com/irvinfly" class="ex_link"&gt;irvinfly&lt;/a&gt; 習近平說，中國的宗教必須「中國化」，也就是說要變成中國的東西。他的講話反映了政府長期以來對基督教可能破壞黨的權威的擔憂。中國的許多人權律師是基督教徒，許多異見人士表示，他們受到了上帝賜予權利這一思想的影響。 &lt;a href="http://cn.nytimes.com/china/20160523/c23chinacross/zh-hant/" class="ex_link meta" rel="nofollow"&gt;&lt;img src="https://static01.nyt.com/images/2016/05/20/world/22chinacross-web/22chinacross-web-articleLarge.jpg" height="40px" /&gt;浙江兩年拆上千十字架，中國或進一步限制基督教&lt;/a&gt;</content>
  </entry>
  <entry xml:base="http://www.plurk.com/user/ckhung0.xml">
    <title type="text">ckhung0 轉噗 davelin 說 台灣是禁止進口廢棄電子產品的。 美國環保團體用GPS發報器，紮紮實實追蹤到，透過戴爾和慈善機構處理的電子垃圾，號稱要「負責任的處理」，卻還是有部分違法境外處理，包括到香港新界後，再違法運進台灣。 ---- 該死!! 以前的案例我們受夠教訓了。還是有人搞不清楚。</title>
    <id>tag:plurk.com;davelin;1307682578</id>
    <updated>2016-05-12T08:17:02Z</updated>
    <published>2016-05-12T08:17:02Z</published>
    <link href="/p/lmk6c2" />
    <author>
      <name>davelin</name>
    </author>
    <content type="html">ckhung0 轉噗 davelin 說 &lt;a href="http://www.facebook.com/noheard/posts/10153885685979342" class="ex_link" rel="nofollow"&gt;台灣是禁止進口廢棄電子產品的。&lt;/a&gt; 美國環保團體用GPS發報器，紮紮實實追蹤到，透過戴爾和慈善機構處理的電子垃圾，號稱要「負責任的處理」，卻還是有部分違法境外處理，包括到香港新界後，再違法運進台灣。 ---- 該死!!  以前的案例我們受夠教訓了。還是有人搞不清楚。</content>
  </entry>
  <entry xml:base="http://www.plurk.com/user/ckhung0.xml">
    <title type="text">ckhung0 分享 「三位台灣病人...帶著上百萬元到中國大陸換器官，...活下來的人，卻為何留下難以彌補的遺憾」 國際調查性紀錄片獲獎影片「活摘」 5/19(四)19-21:30中興大學圖書館七樓國際會議廳，鄭元瑜醫師及曾耀賢律師映後與談</title>
    <id>tag:plurk.com;ckhung0;1307642705</id>
    <updated>2016-05-12T01:56:58Z</updated>
    <published>2016-05-12T01:56:58Z</published>
    <link href="/p/lmjbkh" />
    <author>
      <name>ckhung0</name>
    </author>
    <content type="html">ckhung0 分享 「三位台灣病人...帶著上百萬元到中國大陸換器官，...活下來的人，卻為何留下難以彌補的遺憾」 國際調查性紀錄片獲獎影片「活摘」 5/19(四)19-21:30中興大學圖書館七樓國際會議廳，鄭元瑜醫師及曾耀賢律師映後與談  &lt;a href="https://images.plurk.com/4s0Rnsq83pxCihjULYMAKm.jpg" class="ex_link pictureservices"&gt;&lt;img src="https://images.plurk.com/tx_4s0Rnsq83pxCihjULYMAKm.gif" height="48" /&gt;&lt;/a&gt;</content>
  </entry>
  <entry xml:base="http://www.plurk.com/user/ckhung0.xml">
    <title type="text">ckhung0 分享 「Facebook稱，該公司所採集的數據不受這部州法律管轄。該法律限制通過視網膜或虹膜掃描、指紋、“聲印”或“手面部形狀”掃描來收集數據。」 Facebook面部識別面臨集體隱私訴訟 如何關閉? 用「facebook turn off face recognition」搜到幾篇，不太確定是否從這裡：</title>
    <id>tag:plurk.com;ckhung0;1307582989</id>
    <updated>2016-05-11T11:10:00Z</updated>
    <published>2016-05-11T11:10:00Z</published>
    <link href="/p/lmi1hp" />
    <author>
      <name>ckhung0</name>
    </author>
    <content type="html">ckhung0 分享 「Facebook稱，該公司所採集的數據不受這部州法律管轄。該法律限制通過視網膜或虹膜掃描、指紋、“聲印”或“手面部形狀”掃描來收集數據。」 &lt;a href="http://cn.wsj.com/big5/20160509/tec163753.asp" class="ex_link" rel="nofollow"&gt;Facebook面部識別面臨集體隱私訴訟&lt;/a&gt; 如何關閉? 用「facebook turn off face recognition」搜到幾篇，不太確定是否從這裡： &lt;a href="https://images.plurk.com/2rLcYI2FNjmOgE4iBvUfmB.jpg" class="ex_link pictureservices"&gt;&lt;img src="https://images.plurk.com/tx_2rLcYI2FNjmOgE4iBvUfmB.gif" height="48" /&gt;&lt;/a&gt;</content>
  </entry>
  <entry xml:base="http://www.plurk.com/user/ckhung0.xml">
    <title type="text">ckhung0 轉噗 davelin 新的眼藥水可以溶解白內障: 不需要進行手術 - 讚新聞</title>
    <id>tag:plurk.com;davelin;1307194389</id>
    <updated>2016-05-07T13:30:01Z</updated>
    <published>2016-05-07T13:30:01Z</published>
    <link href="/p/lm9pn9" />
    <author>
      <name>davelin</name>
    </author>
    <content type="html">ckhung0 轉噗 davelin &lt;a href="http://hssszn.com/?p=7479" class="ex_link" rel="nofollow"&gt;新的眼藥水可以溶解白內障: 不需要進行手術 - 讚新聞&lt;/a&gt;</content>
  </entry>
  <entry xml:base="http://www.plurk.com/user/ckhung0.xml">
    <title type="text">ckhung0 後悔昨天接受電話採訪 。 我說沒看過影片無法評論。記者描述時並未提及檢舉者設陷井只說他不為金錢大量檢舉、網友反彈。 所以我說：那可能是執法不夠嚴格或是法律規定跟大眾認知抵觸，若是後者就該修法。 我還特別舉例說盜版三振法讓人人成為罪犯，有問題的明明是法律。 結果今天看到新聞才知道檢舉者根本故意設局；而新聞中我的評論好像支持魔人一樣... 檢舉魔人 年誘5千車受罰 龜速設陷阱 迫違規超車</title>
    <id>tag:plurk.com;ckhung0;1307189958</id>
    <updated>2016-05-07T12:39:12Z</updated>
    <published>2016-05-07T12:39:12Z</published>
    <link href="/p/lm9m86" />
    <author>
      <name>ckhung0</name>
    </author>
    <content type="html">ckhung0 後悔昨天接受電話採訪 &lt;img src="https://s.plurk.com/35b16fc25623670e41c2be6bf8ac38c7.gif" class="emoticon" alt="(annoyed)" /&gt;。 我說沒看過影片無法評論。記者描述時並未提及檢舉者設陷井只說他不為金錢大量檢舉、網友反彈。 所以我說：那可能是執法不夠嚴格或是法律規定跟大眾認知抵觸，若是後者就該修法。 我還特別舉例說盜版三振法讓人人成為罪犯，有問題的明明是法律。 結果今天看到新聞才知道檢舉者根本故意設局；而新聞中我的評論好像支持魔人一樣... &lt;a href="http://www.appledaily.com.tw/appledaily/article/headline/20160507/37201040/" class="ex_link meta" rel="nofollow"&gt;&lt;img src="http://twimg.edgesuite.net//images/twapple/640pix/20160507/_Other/AA01001.jpg" height="40px" /&gt;檢舉魔人 年誘5千車受罰 龜速設陷阱 迫違規超車&lt;/a&gt;</content>
  </entry>
  <entry xml:base="http://www.plurk.com/user/ckhung0.xml">
    <title type="text">ckhung0 分享 【懶人包】中國大學生魏則西一條命，為何會推倒百度搜尋引擎？ 然後...百度任性了： 百度突解禁六四”、“王维林”等敏感字词|自由亚洲 - 明鏡博客</title>
    <id>tag:plurk.com;ckhung0;1307147586</id>
    <updated>2016-05-07T02:25:29Z</updated>
    <published>2016-05-07T02:25:29Z</published>
    <link href="/p/lm8pj6" />
    <author>
      <name>ckhung0</name>
    </author>
    <content type="html">ckhung0 分享 &lt;a href="http://technews.tw/2016/05/05/baidu-crisis/" class="ex_link meta" rel="nofollow"&gt;&lt;img src="http://img.technews.tw/wp-content/uploads/2016/05/RTX28A21.jpg" height="40px" /&gt;【懶人包】中國大學生魏則西一條命，為何會推倒百度搜尋引擎？&lt;/a&gt; 然後...百度任性了： &lt;a href="http://www.mingjingnews.com/MIB/blog/blog_contents.aspx?ID=0000803700001432" class="ex_link" rel="nofollow"&gt;百度突解禁六四”、“王维林”等敏感字词|自由亚洲 - 明鏡博客&lt;/a&gt;</content>
  </entry>
  <entry xml:base="http://www.plurk.com/user/ckhung0.xml">
    <title type="text">ckhung0 分享 數字 IP 31.184.194.81 照樣通。 Elsevier Complaint Shuts Down Sci-Hub Domain Name - TorrentFreak 前情提要：資訊人權貴ㄓ疑: 讓 "非法" 的學術著作權高牆倒下的 Sci-Hub (翻譯) 也請搜尋「scihub 論文」</title>
    <id>tag:plurk.com;ckhung0;1307044797</id>
    <updated>2016-05-06T01:45:20Z</updated>
    <published>2016-05-06T01:45:20Z</published>
    <link href="/p/lm6i7x" />
    <author>
      <name>ckhung0</name>
    </author>
    <content type="html">ckhung0 分享 數字 IP 31.184.194.81 照樣通。 &lt;a href="https://t.co/zpa13F9qKp" class="ex_link" rel="nofollow"&gt;Elsevier Complaint Shuts Down Sci-Hub Domain Name - TorrentFreak&lt;/a&gt; 前情提要：&lt;a href="http://ppt.cc/xUkJc" class="ex_link" rel="nofollow"&gt;資訊人權貴ㄓ疑: 讓 "非法" 的學術著作權高牆倒下的 Sci-Hub (翻譯)&lt;/a&gt; 也請搜尋「scihub 論文」</content>
  </entry>
  <entry xml:base="http://www.plurk.com/user/ckhung0.xml">
    <title type="text">ckhung0 轉噗 davelin 說 全球遭殃！資安專家踢爆2.7億人Email憑證外洩，連Gmail、雅虎、微軟都受害看到這新聞時，不是要馬上改你的密碼。而是你自已重要的服務有沒有開啟2步驟驗證。有人試你帳號時，收到通知再下一步。為什麼不要馬上改你密碼，因為如果是我的話，我已經在相關人員電腦設好程式，等 待你輸入「正確密碼」回報給我。你怎麼確定你電腦/手機是安全無毒呢？.. XDDDDD</title>
    <id>tag:plurk.com;davelin;1306943384</id>
    <updated>2016-05-05T02:40:17Z</updated>
    <published>2016-05-05T02:40:17Z</published>
    <link href="/p/lm4byw" />
    <author>
      <name>davelin</name>
    </author>
    <content type="html">ckhung0 轉噗 davelin 說 &lt;a href="http://www.ithome.com.tw/news/105731" class="ex_link meta" rel="nofollow"&gt;&lt;img src="http://static4.ithome.com.tw/sites/default/files/field/image/hacking.jpg" height="40px" /&gt;全球遭殃！資安專家踢爆2.7億人Email憑證外洩，連Gmail、雅虎、微軟都受害&lt;/a&gt;看到這新聞時，不是要馬上改你的密碼。&lt;br /&gt;而是你自已重要的服務有沒有開啟2步驟驗證。有人試你帳號時，收到通知再下一步。&lt;br /&gt;為什麼不要馬上改你密碼，因為如果是我的話，我已經在相關人員電腦設好程式，等 待你輸入「正確密碼」回報給我。&lt;br /&gt;你怎麼確定你電腦/手機是安全無毒呢？..  XDDDDD</content>
  </entry>
  <entry xml:base="http://www.plurk.com/user/ckhung0.xml">
    <title type="text">ckhung0 分享 FB「熱門話題」幕後真相：FB約聘用一二十位年輕優秀的媒體人過濾篩選要讓哪些話題暴紅。 有一些其怪的原則，例如禁提推特名稱。 (比較開放的競爭對手咩) 臉書在印度推 Free Basics 時，疑似操作「熱門話題」去報復批評它的印度媒體。 A Small Group of Journalists Control and Decide What Should Trend...</title>
    <id>tag:plurk.com;ckhung0;1306939690</id>
    <updated>2016-05-05T01:47:42Z</updated>
    <published>2016-05-05T01:47:42Z</published>
    <link href="/p/lm494a" />
    <author>
      <name>ckhung0</name>
    </author>
    <content type="html">ckhung0 分享 FB「熱門話題」幕後真相：FB約聘用一二十位年輕優秀的媒體人過濾篩選要讓哪些話題暴紅。 有一些其怪的原則，例如禁提推特名稱。 (比較開放的競爭對手咩) 臉書在印度推 Free Basics 時，疑似操作「熱門話題」去報復批評它的印度媒體。 &lt;a href="https://t.co/YACrTTwLVa" class="ex_link" rel="nofollow"&gt;A Small Group of Journalists Control and Decide What Should Trend...&lt;/a&gt;</content>
  </entry>
  <entry xml:base="http://www.plurk.com/user/ckhung0.xml">
    <title type="text">ckhung0 分享 Snowden：「看準現代人沒有網路就活不下去，各國政府有能力把民眾當成植了晶片的動物一樣來對待。 差別只在於它在我們的口袋裡(而不是身體裡)，還有我們必須自己付錢(買這個晶片)。」 Edward Snowden: ‘Governments can reduce our dignity to that of ta...</title>
    <id>tag:plurk.com;ckhung0;1306936145</id>
    <updated>2016-05-05T00:55:56Z</updated>
    <published>2016-05-05T00:55:56Z</published>
    <link href="/p/lm46dt" />
    <author>
      <name>ckhung0</name>
    </author>
    <content type="html">ckhung0 分享 Snowden：「看準現代人沒有網路就活不下去，各國政府有能力把民眾當成植了晶片的動物一樣來對待。 差別只在於它在我們的口袋裡(而不是身體裡)，還有我們必須自己付錢(買這個晶片)。」 &lt;a href="https://t.co/WJacefpngk" class="ex_link" rel="nofollow"&gt;Edward Snowden: ‘Governments can reduce our dignity to that of ta...&lt;/a&gt;</content>
  </entry>
  <entry xml:base="http://www.plurk.com/user/ckhung0.xml">
    <title type="text">ckhung0 轉噗 davelin 說 rep 中國新規：談論霧霾或將因言獲罪(圖) - 看中國 + China Presses Economists to Brighten Their Outlooks</title>
    <id>tag:plurk.com;davelin;1306868867</id>
    <updated>2016-05-04T08:48:43Z</updated>
    <published>2016-05-04T08:48:43Z</published>
    <link href="/p/lm2qgz" />
    <author>
      <name>davelin</name>
    </author>
    <content type="html">ckhung0 轉噗 davelin 說 rep  &lt;a href="http://b5.secretchina.com/news/15/05/01/574894.html" class="ex_link" rel="nofollow"&gt;中國新規：談論霧霾或將因言獲罪(圖) - 看中國&lt;/a&gt;  + &lt;a href="http://www.wsj.com/articles/china-presses-economists-to-brighten-their-outlooks-1462292316" class="ex_link meta" rel="nofollow"&gt;&lt;img src="https://si.wsj.net/public/resources/images/BN-NV378_CMUZZL_G_20160503110038.jpg" height="40px" /&gt;China Presses Economists to Brighten Their Outlooks&lt;/a&gt;</content>
  </entry>
</feed>
