<?xml version="1.0" encoding="utf-8"?>
<feed xmlns="http://www.w3.org/2005/Atom">
  <title type="text">ckhung0</title>
  <id>http://www.plurk.com/user/ckhung0.xml</id>
  <updated>2016-06-21T14:29:50Z</updated>
  <link href="http://www.plurk.com/" />
  <link href="http://www.plurk.com/user/ckhung0.xml" rel="self" />
  <generator>Werkzeug</generator>
  <entry xml:base="http://www.plurk.com/user/ckhung0.xml">
    <title type="text">ckhung0 分享 目前受影響的產品型號是八核心的A83T和H8處理器，以及四核心的H3處理器，這些處理器都用於中國平板電腦和OTT視訊機上盒產品中。 中國知名ARM處理器業者被爆韌體藏後門程式，可取得平板電腦管理員Root權限 Chinese ARM vendor left developer backdoor in kernel for Android,...</title>
    <id>tag:plurk.com;ckhung0;1311764848</id>
    <updated>2016-06-21T14:29:50Z</updated>
    <published>2016-06-21T14:29:50Z</published>
    <link href="/p/lozo8g" />
    <author>
      <name>ckhung0</name>
    </author>
    <content type="html">ckhung0 分享 目前受影響的產品型號是八核心的A83T和H8處理器，以及四核心的H3處理器，這些處理器都用於中國平板電腦和OTT視訊機上盒產品中。  &lt;a href="http://www.ithome.com.tw/news/105921" class="ex_link meta" rel="nofollow"&gt;&lt;img src="http://static4.ithome.com.tw/sites/default/files/field/image/bao_liao_zhong_guo_ye_zhe_hou_men_jie_tu_.png" height="40px" /&gt;中國知名ARM處理器業者被爆韌體藏後門程式，可取得平板電腦管理員Root權限&lt;/a&gt; &lt;a href="http://arstechnica.com/security/2016/05/chinese-arm-vendor-left-developer-backdoor-in-kernel-for-android-pi-devices/" class="ex_link" rel="nofollow"&gt;Chinese ARM vendor left developer backdoor in kernel for Android,...&lt;/a&gt;</content>
  </entry>
  <entry xml:base="http://www.plurk.com/user/ckhung0.xml">
    <title type="text">ckhung0 分享 rep davelin 「地方農會長期的三大弊端：浪費公款、派系惡鬥與世襲壟斷 ... 近日，便有台中的農會花了500萬購車供總幹事使用... 事實上今年總統府車隊、立法院正副院長座車都是200多萬，先前內政部長換車預算也僅82萬。」 ~~原來當農會總幹事...夭壽爽~~ 農會，是為了農民的幸福而存在。今天質詢中，我提出地方農會長期的三大弊端：浪費公款、派系惡鬥與世襲壟斷；也...</title>
    <id>tag:plurk.com;ckhung0;1311763701</id>
    <updated>2016-06-21T14:20:01Z</updated>
    <published>2016-06-21T14:20:01Z</published>
    <link href="/p/lozncl" />
    <author>
      <name>ckhung0</name>
    </author>
    <content type="html">ckhung0 分享 rep &lt;a href="http://www.plurk.com/davelin" class="ex_link"&gt;davelin&lt;/a&gt; 「地方農會長期的三大弊端：浪費公款、派系惡鬥與世襲壟斷 ... 近日，便有台中的農會花了500萬購車供總幹事使用... 事實上今年總統府車隊、立法院正副院長座車都是200多萬，先前內政部長換車預算也僅82萬。」 ~~原來當農會總幹事...夭壽爽~~ &lt;a href="https://www.facebook.com/newpowerhung/photos/a.852930758079151.1073741828.852926604746233/1096889233683301/?type=3" class="ex_link meta" rel="nofollow"&gt;&lt;img src="https://scontent.xx.fbcdn.net/v/t1.0-0/p130x130/13512223_1096889233683301_8391814473721898009_n.jpg?oh=679f37e4bbe53c9526c3d49c4e6437ae&amp;amp;oe=57DD1C89" alt="農會，是為了農民的幸福而存在。今天質詢中..." height="40" /&gt;農會，是為了農民的幸福而存在。今天質詢中，我提出地方農會長期的三大弊端：浪費公款、派系惡鬥與世襲壟斷；也...&lt;/a&gt;</content>
  </entry>
  <entry xml:base="http://www.plurk.com/user/ckhung0.xml">
    <title type="text">ckhung0 好奇 馬英九：「我不知香港這麼危險」 他演講的場合是正好是亞洲出版業協會頒獎典禮耶... 建議哪一臺要邀請銅鑼灣書店林榮基店長來臺與馬英九一敘，旁邊再配幾位名嘴，收視率應該不錯 銅鑼灣書店店長不顧威脅，失蹤8月後開記者會曝光拘押全過程</title>
    <id>tag:plurk.com;ckhung0;1311437205</id>
    <updated>2016-06-18T09:16:07Z</updated>
    <published>2016-06-18T09:16:07Z</published>
    <link href="/p/losnf9" />
    <author>
      <name>ckhung0</name>
    </author>
    <content type="html">ckhung0 好奇 馬英九：「我不知香港這麼危險」 他演講的場合是正好是亞洲&lt;b&gt;出版業&lt;/b&gt;協會頒獎典禮耶... 建議哪一臺要邀請銅鑼灣書店林榮基店長來臺與馬英九一敘，旁邊再配幾位名嘴，收視率應該不錯 &lt;a href="https://theinitium.com/article/20160616-dailynews-hkbookseller-lam-wing-kee/" class="ex_link meta" rel="nofollow"&gt;&lt;img src="https://d3rhr7kgmtrq1v.cloudfront.net/media/image/2016/06/ffd60730de9f44eba1674e07d356475a.jpg" height="40px" /&gt;銅鑼灣書店店長不顧威脅，失蹤8月後開記者會曝光拘押全過程&lt;/a&gt;</content>
  </entry>
  <entry xml:base="http://www.plurk.com/user/ckhung0.xml">
    <title type="text">ckhung0 轉噗 briian 說 先亂蓋再改設計圖 【開箱玩】夢境實錄 之 浣熊與大馬桶(改編自PTT dk40 遠雄先亂蓋後審件，大巨蛋超危險!!!!)[爆掛] 遠雄先亂蓋後審件，大巨蛋超危險!!!!</title>
    <id>tag:plurk.com;briian;1311086149</id>
    <updated>2016-06-15T01:39:12Z</updated>
    <published>2016-06-15T01:39:12Z</published>
    <link href="/p/lol4jp" />
    <author>
      <name>briian</name>
    </author>
    <content type="html">ckhung0 轉噗 briian 說 先亂蓋再改設計圖 &lt;br /&gt;&lt;a href="https://www.youtube.com/watch?v=Uu-VveDCfuQ" class="ogvideo meta" rel="nofollow"&gt;&lt;img src="https://i.ytimg.com/vi/Uu-VveDCfuQ/hqdefault.jpg" data-video="https://www.youtube.com/embed/Uu-VveDCfuQ?feature=oembed" data-width="480" data-height="270" height="40px" /&gt;【開箱玩】夢境實錄 之 浣熊與大馬桶(改編自PTT dk40 遠雄先亂蓋後審件，大巨蛋超危險!!!!)&lt;/a&gt;&lt;a href="https://www.ptt.cc/bbs/Gossiping/M.1463672294.A.07D.html" class="ex_link" rel="nofollow"&gt;[爆掛] 遠雄先亂蓋後審件，大巨蛋超危險!!!!&lt;/a&gt;</content>
  </entry>
  <entry xml:base="http://www.plurk.com/user/ckhung0.xml">
    <title type="text">ckhung0 轉噗 davelin 說 Ref https://theinitium.com/article/20160614-taiwan-eTag1/ 陳聲鏗慎重地說：「千萬不要保留原始資料！那只會增加麻煩而已。尤其這些資料價值太高了，免不了吸引有心人來嘗試破解你的資料庫。而且做交通流量分析，亂碼形成的統計數據就可以做了，所以千萬不要保留原始資料！」</title>
    <id>tag:plurk.com;davelin;1311007196</id>
    <updated>2016-06-14T07:17:48Z</updated>
    <published>2016-06-14T07:17:48Z</published>
    <link href="/p/lojfmk" />
    <author>
      <name>davelin</name>
    </author>
    <content type="html">ckhung0 轉噗 davelin 說 Ref &lt;a href="https://theinitium.com/article/20160614-taiwan-eTag1/" class="ex_link" rel="nofollow"&gt;https://theinitium.com/article/20160614-taiwan-eTag1/&lt;/a&gt;  陳聲鏗慎重地說：「千萬不要保留原始資料！那只會增加麻煩而已。尤其這些資料價值太高了，免不了吸引有心人來嘗試破解你的資料庫。而且做交通流量分析，亂碼形成的統計數據就可以做了，所以千萬不要保留原始資料！」</content>
  </entry>
  <entry xml:base="http://www.plurk.com/user/ckhung0.xml">
    <title type="text">ckhung0 分享 90年代很流行 MS word 巨集病毒。 後來 Office 97 加上警語，在用戶即將開啟內含巨集的文件時提示危險性，接下來巨集病毒逐漸減少，幾乎消聲匿跡。 Office 2007拿掉警語、 2010 甚至加上一個「啟用內容」的醒目按鈕，結果這幾年巨集病毒又流行起來了。 How a Bad UI Decision From Microsoft Helped Macro Malware Make a ...</title>
    <id>tag:plurk.com;ckhung0;1310872770</id>
    <updated>2016-06-13T01:49:14Z</updated>
    <published>2016-06-13T01:49:14Z</published>
    <link href="/p/logjwi" />
    <author>
      <name>ckhung0</name>
    </author>
    <content type="html">ckhung0 分享 90年代很流行 MS word 巨集病毒。 後來 Office 97 加上警語，在用戶即將開啟內含巨集的文件時提示危險性，接下來巨集病毒逐漸減少，幾乎消聲匿跡。 Office 2007拿掉警語、 2010 甚至加上一個「啟用內容」的醒目按鈕，結果這幾年巨集病毒又流行起來了。 &lt;a href="https://t.co/MDJHOnMRoU" class="ex_link" rel="nofollow"&gt;How a Bad UI Decision From Microsoft Helped Macro Malware Make a ...&lt;/a&gt;</content>
  </entry>
  <entry xml:base="http://www.plurk.com/user/ckhung0.xml">
    <title type="text">ckhung0 好奇 臺灣用戶有感受到嗎? FB強迫用戶安裝手機 app Moments， 不然就要把手機上傳的相片刪掉。 Facebook Threatens To Delete Users' Photos If They Don't Install ... 回顧： 資訊人權貴ㄓ疑: 深鎖在臉書裡的數位回憶 不是深鎖，是即將被作廢囉~~</title>
    <id>tag:plurk.com;ckhung0;1310805226</id>
    <updated>2016-06-12T09:01:45Z</updated>
    <published>2016-06-12T09:01:45Z</published>
    <link href="/p/lof3sa" />
    <author>
      <name>ckhung0</name>
    </author>
    <content type="html">ckhung0 好奇 臺灣用戶有感受到嗎? FB強迫用戶安裝手機 app Moments， 不然就要把手機上傳的相片刪掉。 &lt;a href="https://t.co/qxGZgtXNWN" class="ex_link" rel="nofollow"&gt;Facebook Threatens To Delete Users' Photos If They Don't Install ...&lt;/a&gt; 回顧： &lt;a href="http://ckhung0.blogspot.tw/2016/02/facebook-locks-your-digital-heritage.html" class="ex_link" rel="nofollow"&gt;資訊人權貴ㄓ疑: 深鎖在臉書裡的數位回憶&lt;/a&gt; 不是深鎖，是即將被作廢囉~~</content>
  </entry>
  <entry xml:base="http://www.plurk.com/user/ckhung0.xml">
    <title type="text">ckhung0 分享 inkscape 0.91 中文版「選取多個物件」造成當機解決方法： 把 正確的翻譯檔 解壓縮放到/usr/share/locale-langpack/zh_TW/LC_MESSAGES/ 或 /usr/share/locale/zh_TW/LC_MESSAGES/ 底下。 來源： 阿簡生物筆記: 實驗圖繪製利器-Inkscape教學影片</title>
    <id>tag:plurk.com;ckhung0;1310776086</id>
    <updated>2016-06-12T01:13:36Z</updated>
    <published>2016-06-12T01:13:36Z</published>
    <link href="/p/loehau" />
    <author>
      <name>ckhung0</name>
    </author>
    <content type="html">ckhung0 分享 inkscape 0.91 中文版「選取多個物件」造成當機解決方法： 把 &lt;a href="http://sypsweb.dcs.tn.edu.tw/plog/gallery/91/91-6218.zip" class="ex_link" rel="nofollow"&gt;正確的翻譯檔&lt;/a&gt; 解壓縮放到/usr/share/locale-langpack/zh_TW/LC_MESSAGES/ 或  /usr/share/locale/zh_TW/LC_MESSAGES/ 底下。 來源： &lt;a href="http://a-chien.blogspot.tw/2016/02/inkscape.html" class="ex_link meta" rel="nofollow"&gt;&lt;img src="https://farm2.staticflickr.com/1612/25139056406_c212c193bc_c.jpg" height="40px" /&gt;阿簡生物筆記: 實驗圖繪製利器-Inkscape教學影片&lt;/a&gt;</content>
  </entry>
  <entry xml:base="http://www.plurk.com/user/ckhung0.xml">
    <title type="text">ckhung0 分享 Visual Studio 2015 C++ Compiler Secretly Inserts Telemetry Code I... 微軟對開發者耍賤招：編譯程式時偷偷塞入telemetry程式碼。 讓人想起 危險！「網易雲音樂」等多款中國 iOS App 爆Xcode 嚴重木馬危機，在上架前就被植入 | T客邦 - 我只推薦好東西 只不過 xcode 來自潰客；而VC++ 的木馬卻是來自微軟官方。</title>
    <id>tag:plurk.com;ckhung0;1310775701</id>
    <updated>2016-06-12T01:05:03Z</updated>
    <published>2016-06-12T01:05:03Z</published>
    <link href="/p/loeh05" />
    <author>
      <name>ckhung0</name>
    </author>
    <content type="html">ckhung0 分享 &lt;a href="https://t.co/ntEAvR4VIX" class="ex_link" rel="nofollow"&gt;Visual Studio 2015 C++ Compiler Secretly Inserts Telemetry Code I...&lt;/a&gt; 微軟對開發者耍賤招：編譯程式時偷偷塞入telemetry程式碼。 讓人想起 &lt;a href="http://goo.gl/9cTHgV" class="ex_link" rel="nofollow"&gt;危險！「網易雲音樂」等多款中國 iOS App 爆Xcode 嚴重木馬危機，在上架前就被植入 | T客邦 - 我只推薦好東西&lt;/a&gt; 只不過 xcode 來自潰客；而VC++ 的木馬卻是來自微軟官方。</content>
  </entry>
  <entry xml:base="http://www.plurk.com/user/ckhung0.xml">
    <title type="text">ckhung0 轉噗 gslin 說 RT qingcha3141:RT lvv2com: 把电脑设置为3次登陆密码错误就会自动拍照，结果拍到了奇怪的照片…… 把电脑设置为3次登陆密码错误就会自动拍照，结果拍到了奇怪的照片…… 今日热点 on Twitter # 中文热推机器人 on Twitter</title>
    <id>tag:plurk.com;gslin;1310689786</id>
    <updated>2016-06-11T02:50:07Z</updated>
    <published>2016-06-11T02:50:07Z</published>
    <link href="/p/locmpm" />
    <author>
      <name>gslin</name>
    </author>
    <content type="html">ckhung0 轉噗 gslin 說 RT &lt;a href="http://www.plurk.com/qingcha3141" class="ex_link"&gt;qingcha3141&lt;/a&gt;:RT &lt;a href="http://www.plurk.com/lvv2com" class="ex_link"&gt;lvv2com&lt;/a&gt;: 把电脑设置为3次登陆密码错误就会自动拍照，结果拍到了奇怪的照片…… &lt;a href="http://lvv2.com/t/342000/" class="ex_link" rel="nofollow"&gt;把电脑设置为3次登陆密码错误就会自动拍照，结果拍到了奇怪的照片……&lt;/a&gt; &lt;a href="http://pic.twitter.com/aohVORa9SB" class="ex_link" rel="nofollow"&gt;今日热点 on Twitter&lt;/a&gt; # &lt;a href="https://twitter.com/iruitui/status/741284619924819969" class="ex_link" rel="nofollow"&gt;中文热推机器人 on Twitter&lt;/a&gt;</content>
  </entry>
  <entry xml:base="http://www.plurk.com/user/ckhung0.xml">
    <title type="text">ckhung0 分享 黑莓機有一個團隊專門回應各國政府要求，交出用戶通訊紀錄及簡訊內容。 已協助幾十個國家數百個警察偵察犯罪案件。 匿名受訪員工認為協助打擊犯罪是在做好事。 好奇：那如果是中國政府要監控法輪功或少數民族民眾，他們的立場態度不知如何? BlackBerry Hands Over User Data To Help Police 'Kick Ass,' Inside...</title>
    <id>tag:plurk.com;ckhung0;1310587214</id>
    <updated>2016-06-10T01:17:55Z</updated>
    <published>2016-06-10T01:17:55Z</published>
    <link href="/p/loafke" />
    <author>
      <name>ckhung0</name>
    </author>
    <content type="html">ckhung0 分享 黑莓機有一個團隊專門回應各國政府要求，交出用戶通訊紀錄及簡訊內容。 已協助幾十個國家數百個警察偵察犯罪案件。 匿名受訪員工認為協助打擊犯罪是在做好事。 好奇：那如果是中國政府要監控法輪功或少數民族民眾，他們的立場態度不知如何? &lt;a href="https://t.co/QJEkfZyUpe" class="ex_link" rel="nofollow"&gt;BlackBerry Hands Over User Data To Help Police 'Kick Ass,' Inside...&lt;/a&gt;</content>
  </entry>
  <entry xml:base="http://www.plurk.com/user/ckhung0.xml">
    <title type="text">ckhung0 分享 rep liuchienyi： 中共強制蒐集(欲出國)維族人的生物資訊。 那漢人憑什麼不必被強制蒐集生物資訊? 共產黨踐踏基本人權、隱私權，把人家當成次等公民，你有什麼立場責怪人家想獨立呢? 中國人看懂誰在鼓勵疆獨、誰在製造恐怖主義了嗎? 中國加強新疆控管！維族申請護照要提供DNA | 新頭殼 newtalk</title>
    <id>tag:plurk.com;ckhung0;1310419181</id>
    <updated>2016-06-08T08:34:23Z</updated>
    <published>2016-06-08T08:34:23Z</published>
    <link href="/p/lo6twt" />
    <author>
      <name>ckhung0</name>
    </author>
    <content type="html">ckhung0 分享 rep &lt;a href="http://www.plurk.com/liuchienyi" class="ex_link"&gt;liuchienyi&lt;/a&gt;： 中共強制蒐集(欲出國)維族人的生物資訊。 那漢人憑什麼不必被強制蒐集生物資訊? 共產黨踐踏基本人權、隱私權，把人家當成次等公民，你有什麼立場責怪人家想獨立呢? 中國人看懂誰在鼓勵疆獨、誰在製造恐怖主義了嗎? &lt;a href="http://newtalk.tw/news/view/2016-06-08/74001" class="ex_link meta" rel="nofollow"&gt;&lt;img src="https://3.bp.blogspot.com/-XfwvphodCkQ/VYjWVZ73QXI/AAAAAAABslo/8ZF1w-yRkGw/news_7__1401589786.jpg?imgmax=3000" height="40px" /&gt;中國加強新疆控管！維族申請護照要提供DNA | 新頭殼 newtalk&lt;/a&gt;</content>
  </entry>
  <entry xml:base="http://www.plurk.com/user/ckhung0.xml">
    <title type="text">ckhung0 轉噗 davelin 說 YK 你只要在大台北找一間夠大的空屋，天天都有質量不錯的跨國黑客松跟TED活動跟各種有趣的MEETUP，記錄全部上網。然後該有的基本人才都有，也有對口單位協助各種事務，光這樣做都遠勝於畫個工業區然後宣稱我們已經把某某產業納入策略性產業要搞開發了。</title>
    <id>tag:plurk.com;davelin;1310390302</id>
    <updated>2016-06-08T02:47:12Z</updated>
    <published>2016-06-08T02:47:12Z</published>
    <link href="/p/lo67mm" />
    <author>
      <name>davelin</name>
    </author>
    <content type="html">ckhung0 轉噗 davelin 說 &lt;a href="https://www.facebook.com/yk.lin.56/posts/10153662295932816" class="ex_link" rel="nofollow"&gt;YK&lt;/a&gt; 你只要在大台北找一間夠大的空屋，天天都有質量不錯的跨國黑客松跟TED活動跟各種有趣的MEETUP，記錄全部上網。然後該有的基本人才都有，也有對口單位協助各種事務，光這樣做都遠勝於畫個工業區然後宣稱我們已經把某某產業納入策略性產業要搞開發了。</content>
  </entry>
  <entry xml:base="http://www.plurk.com/user/ckhung0.xml">
    <title type="text">ckhung0 分享 部分手機用戶發現 FB 不再允許他們從 FB 的 app 或是瀏覽器或是第三方 app 讀取 FB 簡訊。 FB 強制要求必須採用他們家的 messenger app。 網友提醒：app耗電，且比網站多偷很多隱私資訊。 (在該頁面搜尋score:5) Facebook Nixes Access To Chats Outside Of Messenger Walled Garden...</title>
    <id>tag:plurk.com;ckhung0;1310040116</id>
    <updated>2016-06-04T13:04:39Z</updated>
    <published>2016-06-04T13:04:39Z</published>
    <link href="/p/lnypf8" />
    <author>
      <name>ckhung0</name>
    </author>
    <content type="html">ckhung0 分享 部分手機用戶發現 FB 不再允許他們從 FB 的 app 或是瀏覽器或是第三方 app 讀取 FB 簡訊。 FB 強制要求必須採用他們家的 messenger app。 網友提醒：app耗電，且比網站多偷很多隱私資訊。 (在該頁面搜尋score:5) &lt;a href="http://ppt.cc/g1M31" class="ex_link" rel="nofollow"&gt;Facebook Nixes Access To Chats Outside Of Messenger Walled Garden...&lt;/a&gt; &lt;a href="https://pbs.twimg.com/media/CkCILjbWsAAYcg_.jpg" class="ex_link pictureservices" rel="nofollow"&gt;&lt;img src="https://pbs.twimg.com/media/CkCILjbWsAAYcg_.jpg" height="48" /&gt;&lt;/a&gt;</content>
  </entry>
  <entry xml:base="http://www.plurk.com/user/ckhung0.xml">
    <title type="text">ckhung0 replurks lbrabbit 梅艷芳 血染的風采</title>
    <id>tag:plurk.com;lbrabbit;1309961467</id>
    <updated>2016-06-03T16:43:19Z</updated>
    <published>2016-06-03T16:43:19Z</published>
    <link href="/p/lnx0qj" />
    <author>
      <name>lbrabbit</name>
    </author>
    <content type="html">ckhung0 replurks lbrabbit &lt;a href="https://www.youtube.com/watch?v=pO4VCyXguSU" class="ogvideo meta" rel="nofollow"&gt;&lt;img src="https://i.ytimg.com/vi/pO4VCyXguSU/hqdefault.jpg" data-video="https://www.youtube.com/embed/pO4VCyXguSU?feature=oembed" data-width="459" data-height="344" height="40px" /&gt;梅艷芳     血染的風采&lt;/a&gt;</content>
  </entry>
  <entry xml:base="http://www.plurk.com/user/ckhung0.xml">
    <title type="text">ckhung0 轉噗 briian 說 [登山健行必備]「台灣步道」快速搜尋全台各地登山步道最新資訊（iPhone, Android） _ 重灌...有些人喜歡大海的熱情，而有些人則更愛上山的寧靜，休假時就往山裡跑的人想必也不在少數，但全台各地加一加有上百條的登山步道可以選擇，每條步道的難度差異與狀況都不同，想要了解的話，其實可以到林務局的《台灣山林悠遊網》來查詢。但若想在手機上隨時方便查看的話，則建議可以下載「台灣步道」這個專為登山健行愛好者所設計的步道導覽 App，其蒐錄國內上百條的熱...</title>
    <id>tag:plurk.com;briian;1309887680</id>
    <updated>2016-06-03T02:40:23Z</updated>
    <published>2016-06-03T02:40:23Z</published>
    <link href="/p/lnvfsw" />
    <author>
      <name>briian</name>
    </author>
    <content type="html">ckhung0 轉噗 briian 說 &lt;a href="https://briian.com/36315/gohiking.html" class="ex_link meta" rel="nofollow"&gt;&lt;img src="https://briian.com/wp-content/uploads/2016/06/gohiging_0.png" height="40px" /&gt;[登山健行必備]「台灣步道」快速搜尋全台各地登山步道最新資訊（iPhone, Android） _ 重灌...&lt;/a&gt;有些人喜歡大海的熱情，而有些人則更愛上山的寧靜，休假時就往山裡跑的人想必也不在少數，但全台各地加一加有上百條的登山步道可以選擇，每條步道的難度差異與狀況都不同，想要了解的話，其實可以到林務局的《台灣山林悠遊網》來查詢。&lt;br /&gt;但若想在手機上隨時方便查看的話，則建議可以下載「台灣步道」這個專為登山健行愛好者所設計的步道導覽 App，其蒐錄國內上百條的熱...</content>
  </entry>
  <entry xml:base="http://www.plurk.com/user/ckhung0.xml">
    <title type="text">ckhung0 轉噗 davelin 說 Solidot | 中国加紧手机实名制，外国人也需实名 中國正在進一步加緊實施實名制：手機用戶到2017年6月30日必須100%實名，目前尚未實名的1億用戶需補登身份信息，否則屆時將斷開服務；外國人需要使用護照實名登記，港澳台人士使用通行證登記</title>
    <id>tag:plurk.com;davelin;1309880856</id>
    <updated>2016-06-03T01:03:16Z</updated>
    <published>2016-06-03T01:03:16Z</published>
    <link href="/p/lnvajc" />
    <author>
      <name>davelin</name>
    </author>
    <content type="html">ckhung0 轉噗 davelin 說 &lt;a href="http://www.solidot.org/story?sid=48449" class="ex_link" rel="nofollow"&gt;Solidot | 中国加紧手机实名制，外国人也需实名&lt;/a&gt;  中國正在進一步加緊實施實名制：手機用戶到2017年6月30日必須100%實名，目前尚未實名的1億用戶需補登身份信息，否則屆時將斷開服務；外國人需要使用護照實名登記，港澳台人士使用通行證登記</content>
  </entry>
  <entry xml:base="http://www.plurk.com/user/ckhung0.xml">
    <title type="text">ckhung0 轉噗 s8321414 Wikipedia X OpenStreetMap 高雄6月聚會</title>
    <id>tag:plurk.com;s8321414;1309880373</id>
    <updated>2016-06-03T00:56:52Z</updated>
    <published>2016-06-03T00:56:52Z</published>
    <link href="/p/lnva5x" />
    <author>
      <name>s8321414</name>
    </author>
    <content type="html">ckhung0 轉噗 s8321414 &lt;a href="http://wikicore.kktix.cc/events/wikixosmkao20160625" class="ex_link meta" rel="nofollow"&gt;&lt;img src="https://t.kfs.io/assets/kktix-og-image-e49ca160c99f2162a6cecbf7cfc5644a.png" height="40px" /&gt;Wikipedia X OpenStreetMap 高雄6月聚會&lt;/a&gt;</content>
  </entry>
  <entry xml:base="http://www.plurk.com/user/ckhung0.xml">
    <title type="text">ckhung0 轉噗 irvinfly 分享 第一廣場，移工築起的地下社會／報導者台中一廣將變成誰的東協廣場？／報導者</title>
    <id>tag:plurk.com;irvinfly;1309697874</id>
    <updated>2016-06-01T07:47:35Z</updated>
    <published>2016-06-01T07:47:35Z</published>
    <link href="/p/lnrdci" />
    <author>
      <name>irvinfly</name>
    </author>
    <content type="html">ckhung0 轉噗 irvinfly 分享 &lt;a href="https://www.twreporter.org/a/taichung-first-square" class="ex_link" rel="nofollow"&gt;第一廣場，移工築起的地下社會／報導者&lt;/a&gt;&lt;br /&gt;&lt;a href="https://www.twreporter.org/a/taichung-whose-square" class="ex_link" rel="nofollow"&gt;台中一廣將變成誰的東協廣場？／報導者&lt;/a&gt;</content>
  </entry>
  <entry xml:base="http://www.plurk.com/user/ckhung0.xml">
    <title type="text">ckhung0 分享 rep davelin + Thinker ：西方文化很重視「選擇的自由」，但人們卻常忽略選單上的選項是如何被操弄的、例如「不在選單上」的選項。 .. 當Marc標註我的時候，他實際上是回應Facebook給他的建議，而不是做出一個獨立行為。 .. 在實體世界，美國人去雜貨店（兼藥房）的前二大理由，是補充藥品與買牛奶。但雜貨店為了讓人們買更多東西.. [Thinker] - 科技如何劫持人們的心智 - How Tec...</title>
    <id>tag:plurk.com;ckhung0;1309494381</id>
    <updated>2016-05-30T11:12:20Z</updated>
    <published>2016-05-30T11:12:20Z</published>
    <link href="/p/lnn0bx" />
    <author>
      <name>ckhung0</name>
    </author>
    <content type="html">ckhung0 分享 rep &lt;a href="http://www.plurk.com/davelin" class="ex_link"&gt;davelin&lt;/a&gt; + &lt;a href="http://www.plurk.com/Thinker" class="ex_link"&gt;Thinker&lt;/a&gt; ：西方文化很重視「選擇的自由」，但人們卻常忽略選單上的選項是如何被操弄的、例如「不在選單上」的選項。 .. 當Marc標註我的時候，他實際上是回應Facebook給他的建議，而不是做出一個獨立行為。 .. 在實體世界，美國人去雜貨店（兼藥房）的前二大理由，是補充藥品與買牛奶。但雜貨店為了讓人們買更多東西.. &lt;a href="https://www.plurk.com/p/lnizcj" class="ex_link plink"&gt;[Thinker] - 科技如何劫持人們的心智   - How Tec...&lt;/a&gt;</content>
  </entry>
</feed>
