<?xml version="1.0" encoding="utf-8"?>
<feed xmlns="http://www.w3.org/2005/Atom">
  <title type="text">ckhung0</title>
  <id>http://www.plurk.com/user/ckhung0.xml</id>
  <updated>2016-07-01T00:56:16Z</updated>
  <link href="http://www.plurk.com/" />
  <link href="http://www.plurk.com/user/ckhung0.xml" rel="self" />
  <generator>Werkzeug</generator>
  <entry xml:base="http://www.plurk.com/user/ckhung0.xml">
    <title type="text">ckhung0 轉噗 davelin 說 紐約全球最大垂直農場可節省 95% 食水 - 明日科學 「我們的農場使用空氣栽種技術，以噴霧為農作物提供養分、水分及氧氣。由於我們使用一個封閉系統，大大減少流失的水份，AeroFarms 比傳統實地耕種少用 95% 食水、比水中栽種少用 40% 食水，而且完全不需使用任何殺蟲劑。」</title>
    <id>tag:plurk.com;davelin;1312750116</id>
    <updated>2016-07-01T00:56:16Z</updated>
    <published>2016-07-01T00:56:16Z</published>
    <link href="/p/lpksh0" />
    <author>
      <name>davelin</name>
    </author>
    <content type="html">ckhung0 轉噗 davelin 說 &lt;a href="http://tomorrowsci.com/environment/quanqiuzuidachuizhikesheng-95-shishui/" class="ex_link" rel="nofollow"&gt;紐約全球最大垂直農場可節省 95% 食水 - 明日科學&lt;/a&gt;  「我們的農場使用空氣栽種技術，以噴霧為農作物提供養分、水分及氧氣。由於我們使用一個封閉系統，大大減少流失的水份，AeroFarms 比傳統實地耕種少用 95% 食水、比水中栽種少用 40% 食水，而且完全不需使用任何殺蟲劑。」</content>
  </entry>
  <entry xml:base="http://www.plurk.com/user/ckhung0.xml">
    <title type="text">ckhung0 轉噗 davelin 說 【習管全球】強國將設緊急制 遇社會安全事件可「一鍵斷網」 ref 隊友甲: 這局 DOTA 快輸給中國隊了怎樣辦?隊友乙: 快製造社會事件!</title>
    <id>tag:plurk.com;davelin;1312749470</id>
    <updated>2016-07-01T00:45:50Z</updated>
    <published>2016-07-01T00:45:50Z</published>
    <link href="/p/lpkrz2" />
    <author>
      <name>davelin</name>
    </author>
    <content type="html">ckhung0 轉噗 davelin 說 &lt;a href="http://hk.apple.nextmedia.com/realtime/china/20160630/55297661" class="ex_link meta" rel="nofollow"&gt;&lt;img src="http://static.apple.nextmedia.com/images/e-paper/20160630/350pix/1467270997_5da4.jpg" height="40px" /&gt;【習管全球】強國將設緊急制 遇社會安全事件可「一鍵斷網」&lt;/a&gt;  &lt;br /&gt;ref &lt;br /&gt;隊友甲: 這局 DOTA 快輸給中國隊了怎樣辦?&lt;br /&gt;隊友乙: 快製造社會事件!</content>
  </entry>
  <entry xml:base="http://www.plurk.com/user/ckhung0.xml">
    <title type="text">ckhung0 分享 2.5萬監視器成DDoS殭屍網路大軍，多數來自台灣 ! 這次事件中，臺灣殭屍監視器佔全球 25%! 你用的是 TVT 家的監視錄影機嗎? 可能已被徵召囉。 幾個月前 TVT 早已接獲通知， 但他們不鳥研究人員。 A Massive Botnet of CCTV Cameras Involved in Ferocious DDoS Attac...</title>
    <id>tag:plurk.com;ckhung0;1312646058</id>
    <updated>2016-06-30T02:12:10Z</updated>
    <published>2016-06-30T02:12:10Z</published>
    <link href="/p/lpik6i" />
    <author>
      <name>ckhung0</name>
    </author>
    <content type="html">ckhung0 分享 &lt;a href="http://www.ithome.com.tw/news/106745" class="ex_link meta" rel="nofollow"&gt;&lt;img src="http://static4.ithome.com.tw/sites/default/files/field/image/img_20160629_100045.jpg" height="40px" /&gt;2.5萬監視器成DDoS殭屍網路大軍，多數來自台灣 !&lt;/a&gt; 這次事件中，臺灣殭屍監視器佔全球 25%! 你用的是 TVT 家的監視錄影機嗎? 可能已被徵召囉。 幾個月前 TVT 早已接獲通知， 但他們不鳥研究人員。 &lt;a href="http://news.softpedia.com/news/a-massive-botnet-of-cctv-cameras-involved-in-ferocious-ddos-attacks-505722.shtml" class="ex_link" rel="nofollow"&gt;A Massive Botnet of CCTV Cameras Involved in Ferocious DDoS Attac...&lt;/a&gt;</content>
  </entry>
  <entry xml:base="http://www.plurk.com/user/ckhung0.xml">
    <title type="text">ckhung0 分享 中國官方加強App內容管制！要求真名註冊、開發者保留60天用戶紀錄 中國新規定App後台須實名制、內容存留60天 互聯網辦：要自覺受監管 - The News Lens 關... APP记录用户日志信息保存60天_京华时报</title>
    <id>tag:plurk.com;ckhung0;1312644733</id>
    <updated>2016-06-30T01:54:26Z</updated>
    <published>2016-06-30T01:54:26Z</published>
    <link href="/p/lpij5p" />
    <author>
      <name>ckhung0</name>
    </author>
    <content type="html">ckhung0 分享 &lt;a href="http://www.bnext.com.tw/article/view/id/40059" class="ex_link" rel="nofollow"&gt;中國官方加強App內容管制！要求真名註冊、開發者保留60天用戶紀錄&lt;/a&gt; &lt;a href="http://hk.thenewslens.com/article/43154" class="ex_link meta" rel="nofollow"&gt;&lt;img src="https://s3-ap-northeast-1.amazonaws.com/tnl-static/2016/6/dnnnf59kt3jflneuxai1.jpg" height="40px" /&gt;中國新規定App後台須實名制、內容存留60天　互聯網辦：要自覺受監管 - The News Lens 關...&lt;/a&gt;  &lt;a href="http://epaper.jinghua.cn/html/2016-06/29/content_314557.htm" class="ex_link" rel="nofollow"&gt;APP记录用户日志信息保存60天_京华时报&lt;/a&gt;</content>
  </entry>
  <entry xml:base="http://www.plurk.com/user/ckhung0.xml">
    <title type="text">ckhung0 轉噗 ivanusto 說 Windows自動升級受害者 獲微軟賠償32萬 有興趣的人請向微軟求償，這很妙。</title>
    <id>tag:plurk.com;ivanusto;1312432795</id>
    <updated>2016-06-28T02:52:40Z</updated>
    <published>2016-06-28T02:52:40Z</published>
    <link href="/p/lpdzmj" />
    <author>
      <name>ivanusto</name>
    </author>
    <content type="html">ckhung0 轉噗 ivanusto 說 &lt;a href="http://www.appledaily.com.tw/realtimenews/article/new/20160628/895806/?utm_source=Via&amp;amp;utm_medium=Android_Share&amp;amp;utm_campaign=%E5%8D%B3%E6%99%82%E6%96%B0%E8%81%9E%2F%E6%9C%80%E6%96%B0%2FWindows%E8%87%AA%E5%8B%95%E5%8D%87%E7%B4%9A%E5%8F%97%E5%AE%B3%E8%80%85%E3%80%80%E7%8D%B2%E5%BE%AE%E8%BB%9F%E8%B3%A0%E5%84%9F32%E8%90%AC" class="ex_link meta" rel="nofollow"&gt;&lt;img src="http://twimg.edgesuite.net/images/ReNews/20160628/640_fd444e556ad4efaa3c66ff8ca1deb88b.jpg" height="40px" /&gt;Windows自動升級受害者　獲微軟賠償32萬&lt;/a&gt; 有興趣的人請向微軟求償，這很妙。</content>
  </entry>
  <entry xml:base="http://www.plurk.com/user/ckhung0.xml">
    <title type="text">ckhung0 問 在國際的網頁上面，談到臺灣的語言，中英文各應如何稱呼比較恰當? 「Mandrin Chinese 漢語中文」?</title>
    <id>tag:plurk.com;ckhung0;1312432449</id>
    <updated>2016-06-28T02:47:59Z</updated>
    <published>2016-06-28T02:47:59Z</published>
    <link href="/p/lpdzcx" />
    <author>
      <name>ckhung0</name>
    </author>
    <content type="html">ckhung0 問 在國際的網頁上面，談到臺灣的語言，中英文各應如何稱呼比較恰當? 「Mandrin Chinese 漢語中文」?</content>
  </entry>
  <entry xml:base="http://www.plurk.com/user/ckhung0.xml">
    <title type="text">ckhung0 分享 「為什麼電燈要用 android 平板來控制啊? 是嫌傳統開關不夠時尚嗎? 於是他把自己的筆電加入旅館房間的智慧家電網路， 用電腦開關電燈、 電視， 甚至可以拉動窗廉。 ㄟ， 酷哦， 但是... 」資訊人權貴ㄓ疑: 危物聯網</title>
    <id>tag:plurk.com;ckhung0;1312277916</id>
    <updated>2016-06-26T13:53:28Z</updated>
    <published>2016-06-26T13:53:28Z</published>
    <link href="/p/lpao4c" />
    <author>
      <name>ckhung0</name>
    </author>
    <content type="html">ckhung0 分享 「為什麼電燈要用 android 平板來控制啊? 是嫌傳統開關不夠時尚嗎? 於是他把自己的筆電加入旅館房間的智慧家電網路， 用電腦開關電燈、 電視， 甚至可以拉動窗廉。 ㄟ， 酷哦， 但是... 」&lt;a href="http://ckhung0.blogspot.tw/2016/06/internet-of-broken-things.html" class="ex_link" rel="nofollow"&gt;資訊人權貴ㄓ疑: 危物聯網&lt;/a&gt;</content>
  </entry>
  <entry xml:base="http://www.plurk.com/user/ckhung0.xml">
    <title type="text">ckhung0 轉噗 davelin 說 給大教授們的一封信 哈哈~~~</title>
    <id>tag:plurk.com;davelin;1312234714</id>
    <updated>2016-06-26T03:42:46Z</updated>
    <published>2016-06-26T03:42:46Z</published>
    <link href="/p/lp9qsa" />
    <author>
      <name>davelin</name>
    </author>
    <content type="html">ckhung0 轉噗 davelin 說 &lt;a href="http://www.slideshare.net/ccckmit/ss-63448127" class="ex_link iframeembed twittercardplayer meta" rel="nofollow"&gt;&lt;img src="https://cdn.slidesharecdn.com/ss_thumbnails/10minlettertobigprofessor-160625225145-thumbnail-4.jpg?cb=1466895222" data-video="https://www.slideshare.net/slideshow/embed_code/key/jSkoAX0sqFrSvf" data-site="@slideshare" data-width="342" data-height="291" height="40px" /&gt;給大教授們的一封信&lt;/a&gt;  哈哈~~~</content>
  </entry>
  <entry xml:base="http://www.plurk.com/user/ckhung0.xml">
    <title type="text">ckhung0 分享 上回 『進擊的網路巨砲』 DDoS 攻擊 github 未果，這次中國政府改以禮貌方式發文要求協助管制言論：「貴站此網頁 "https://github.com/programthink/zhao/issues/38" 聲稱本國元首習大大是殺人嫌疑犯，這完全是沒有根據的惡意抹黑詆毀。 我們表達強烈關切，請貴站盡速移除此頁面。 」 Rather Than Launch A Massive DDoS Attack, This Time China Just As...</title>
    <id>tag:plurk.com;ckhung0;1312025970</id>
    <updated>2016-06-24T01:53:30Z</updated>
    <published>2016-06-24T01:53:30Z</published>
    <link href="/p/lp59pu" />
    <author>
      <name>ckhung0</name>
    </author>
    <content type="html">ckhung0 分享 上回 『進擊的網路巨砲』 DDoS 攻擊 github 未果，這次中國政府改以禮貌方式發文要求協助管制言論：「貴站此網頁 "&lt;a href="https://github.com/programthink/zhao/issues/38&amp;quot;" class="ex_link" rel="nofollow"&gt;https://github.com/programthink/zhao/issues/38"&lt;/a&gt; 聲稱本國元首習大大是殺人嫌疑犯，這完全是沒有根據的惡意抹黑詆毀。 我們表達強烈關切，請貴站盡速移除此頁面。 」  &lt;a href="https://t.co/zLeabejY9l" class="ex_link" rel="nofollow"&gt;Rather Than Launch A Massive DDoS Attack, This Time China Just As...&lt;/a&gt;</content>
  </entry>
  <entry xml:base="http://www.plurk.com/user/ckhung0.xml">
    <title type="text">ckhung0 轉噗 irvinfly 說 母系成大交管系主任、管院院長張有恆老師，身為航空界大老，一年來總理的華航，居然試圖壓榨勞工以求取更高的利潤，還運用各種手段打壓工會爭取權益，終至演變成台灣近年第一場全面罷工事件。.學者視事就無法體諒勞動階層了嗎？油價高漲的時後跟著艱忍的員工，不值得在稅後盈餘57億元，十年來營收最好之時慰勞，改善其勞動條件？還要反向為之？.寫這麼多運輸政策書籍、當了這麼久的院長、運研所所長…真是太令人失望了，歷史評價恐怕底定。</title>
    <id>tag:plurk.com;irvinfly;1312001671</id>
    <updated>2016-06-23T17:21:50Z</updated>
    <published>2016-06-23T17:21:50Z</published>
    <link href="/p/lp4qyv" />
    <author>
      <name>irvinfly</name>
    </author>
    <content type="html">ckhung0 轉噗 irvinfly 說 母系成大交管系主任、管院院長張有恆老師，身為航空界大老，一年來總理的華航，居然試圖壓榨勞工以求取更高的利潤，還運用各種手段打壓工會爭取權益，終至演變成台灣近年第一場全面罷工事件。&lt;br /&gt;.&lt;br /&gt;學者視事就無法體諒勞動階層了嗎？油價高漲的時後跟著艱忍的員工，不值得在稅後盈餘57億元，十年來營收最好之時慰勞，改善其勞動條件？還要反向為之？&lt;br /&gt;.&lt;br /&gt;寫這麼多運輸政策書籍、當了這麼久的院長、運研所所長…真是太令人失望了，歷史評價恐怕底定。</content>
  </entry>
  <entry xml:base="http://www.plurk.com/user/ckhung0.xml">
    <title type="text">ckhung0 轉噗 briian 說 Re: [討論] 柯文哲光一件事就值得連任了台北人不要的話，請他來台南... 我要。</title>
    <id>tag:plurk.com;briian;1311936392</id>
    <updated>2016-06-23T06:17:51Z</updated>
    <published>2016-06-23T06:17:51Z</published>
    <link href="/p/lp3clk" />
    <author>
      <name>briian</name>
    </author>
    <content type="html">ckhung0 轉噗 briian 說 &lt;a href="https://www.ptt.cc/bbs/HatePolitics/M.1466612821.A.1DD.html" class="ex_link" rel="nofollow"&gt;Re: [討論] 柯文哲光一件事就值得連任了&lt;/a&gt;&lt;br /&gt;台北人不要的話，請他來台南... 我要。</content>
  </entry>
  <entry xml:base="http://www.plurk.com/user/ckhung0.xml">
    <title type="text">ckhung0 覺得 大家在討論哪個簡訊 app 比較安全 Battle of the Secure Messaging Apps: Signal Triumphs Over WhatsAp... 我認為這個留言講的才是重點： Battle of the Secure Messaging Apps: Signal Triumphs Over WhatsAp... 「你如果真的在意隱私，你談的就不該是 apps。 通訊協定才是重點。 例如 xmpp + openPGP ...」 開放的通訊協定=&amp;gt;供應者有競爭=&amp;gt;用戶有選擇， 不必屈就哪一家的奇怪政策。</title>
    <id>tag:plurk.com;ckhung0;1311910167</id>
    <updated>2016-06-23T00:47:53Z</updated>
    <published>2016-06-23T00:47:53Z</published>
    <link href="/p/lp2sd3" />
    <author>
      <name>ckhung0</name>
    </author>
    <content type="html">ckhung0 覺得 大家在討論哪個簡訊 app 比較安全 &lt;a href="https://it.slashdot.org/story/16/06/22/1934232/battle-of-the-secure-messaging-apps-signal-triumphs-over-whatsapp-allo" class="ex_link" rel="nofollow"&gt;Battle of the Secure Messaging Apps: Signal Triumphs Over WhatsAp...&lt;/a&gt; 我認為這個留言講的才是重點： &lt;a href="https://it.slashdot.org/comments.pl?sid=9278825&amp;amp;cid=52368989" class="ex_link" rel="nofollow"&gt;Battle of the Secure Messaging Apps: Signal Triumphs Over WhatsAp...&lt;/a&gt; 「你如果真的在意隱私，你談的就不該是 apps。 通訊協定才是重點。 例如 xmpp + openPGP ...」 開放的通訊協定=&amp;gt;供應者有競爭=&amp;gt;用戶有選擇， 不必屈就哪一家的奇怪政策。</content>
  </entry>
  <entry xml:base="http://www.plurk.com/user/ckhung0.xml">
    <title type="text">ckhung0 轉噗 chieh1987 20160621有話好說：法治香港VS獨裁北京 獨家專訪林榮基！</title>
    <id>tag:plurk.com;chieh1987;1311766145</id>
    <updated>2016-06-21T14:39:59Z</updated>
    <published>2016-06-21T14:39:59Z</published>
    <link href="/p/lozp8h" />
    <author>
      <name>chieh1987</name>
    </author>
    <content type="html">ckhung0 轉噗 chieh1987 &lt;a href="https://www.youtube.com/watch?v=DFYZPRp2m8g" class="ogvideo meta" rel="nofollow"&gt;&lt;img src="https://i.ytimg.com/vi/DFYZPRp2m8g/hqdefault.jpg" data-video="https://www.youtube.com/embed/DFYZPRp2m8g?feature=oembed" data-width="459" data-height="344" height="40px" /&gt;20160621有話好說：法治香港VS獨裁北京 獨家專訪林榮基！&lt;/a&gt;</content>
  </entry>
  <entry xml:base="http://www.plurk.com/user/ckhung0.xml">
    <title type="text">ckhung0 分享 目前受影響的產品型號是八核心的A83T和H8處理器，以及四核心的H3處理器，這些處理器都用於中國平板電腦和OTT視訊機上盒產品中。 中國知名ARM處理器業者被爆韌體藏後門程式，可取得平板電腦管理員Root權限 Chinese ARM vendor left developer backdoor in kernel for Android,...</title>
    <id>tag:plurk.com;ckhung0;1311764848</id>
    <updated>2016-06-21T14:29:50Z</updated>
    <published>2016-06-21T14:29:50Z</published>
    <link href="/p/lozo8g" />
    <author>
      <name>ckhung0</name>
    </author>
    <content type="html">ckhung0 分享 目前受影響的產品型號是八核心的A83T和H8處理器，以及四核心的H3處理器，這些處理器都用於中國平板電腦和OTT視訊機上盒產品中。  &lt;a href="http://www.ithome.com.tw/news/105921" class="ex_link meta" rel="nofollow"&gt;&lt;img src="http://static4.ithome.com.tw/sites/default/files/field/image/bao_liao_zhong_guo_ye_zhe_hou_men_jie_tu_.png" height="40px" /&gt;中國知名ARM處理器業者被爆韌體藏後門程式，可取得平板電腦管理員Root權限&lt;/a&gt; &lt;a href="http://arstechnica.com/security/2016/05/chinese-arm-vendor-left-developer-backdoor-in-kernel-for-android-pi-devices/" class="ex_link" rel="nofollow"&gt;Chinese ARM vendor left developer backdoor in kernel for Android,...&lt;/a&gt;</content>
  </entry>
  <entry xml:base="http://www.plurk.com/user/ckhung0.xml">
    <title type="text">ckhung0 分享 rep davelin 「地方農會長期的三大弊端：浪費公款、派系惡鬥與世襲壟斷 ... 近日，便有台中的農會花了500萬購車供總幹事使用... 事實上今年總統府車隊、立法院正副院長座車都是200多萬，先前內政部長換車預算也僅82萬。」 ~~原來當農會總幹事...夭壽爽~~ 農會，是為了農民的幸福而存在。今天質詢中，我提出地方農會長期的三大弊端：浪費公款、派系惡鬥與世襲壟斷；也...</title>
    <id>tag:plurk.com;ckhung0;1311763701</id>
    <updated>2016-06-21T14:20:01Z</updated>
    <published>2016-06-21T14:20:01Z</published>
    <link href="/p/lozncl" />
    <author>
      <name>ckhung0</name>
    </author>
    <content type="html">ckhung0 分享 rep &lt;a href="http://www.plurk.com/davelin" class="ex_link"&gt;davelin&lt;/a&gt; 「地方農會長期的三大弊端：浪費公款、派系惡鬥與世襲壟斷 ... 近日，便有台中的農會花了500萬購車供總幹事使用... 事實上今年總統府車隊、立法院正副院長座車都是200多萬，先前內政部長換車預算也僅82萬。」 ~~原來當農會總幹事...夭壽爽~~ &lt;a href="https://www.facebook.com/newpowerhung/photos/a.852930758079151.1073741828.852926604746233/1096889233683301/?type=3" class="ex_link meta" rel="nofollow"&gt;&lt;img src="https://scontent.xx.fbcdn.net/v/t1.0-0/p130x130/13512223_1096889233683301_8391814473721898009_n.jpg?oh=679f37e4bbe53c9526c3d49c4e6437ae&amp;amp;oe=57DD1C89" alt="農會，是為了農民的幸福而存在。今天質詢中..." height="40" /&gt;農會，是為了農民的幸福而存在。今天質詢中，我提出地方農會長期的三大弊端：浪費公款、派系惡鬥與世襲壟斷；也...&lt;/a&gt;</content>
  </entry>
  <entry xml:base="http://www.plurk.com/user/ckhung0.xml">
    <title type="text">ckhung0 好奇 馬英九：「我不知香港這麼危險」 他演講的場合是正好是亞洲出版業協會頒獎典禮耶... 建議哪一臺要邀請銅鑼灣書店林榮基店長來臺與馬英九一敘，旁邊再配幾位名嘴，收視率應該不錯 銅鑼灣書店店長不顧威脅，失蹤8月後開記者會曝光拘押全過程</title>
    <id>tag:plurk.com;ckhung0;1311437205</id>
    <updated>2016-06-18T09:16:07Z</updated>
    <published>2016-06-18T09:16:07Z</published>
    <link href="/p/losnf9" />
    <author>
      <name>ckhung0</name>
    </author>
    <content type="html">ckhung0 好奇 馬英九：「我不知香港這麼危險」 他演講的場合是正好是亞洲&lt;b&gt;出版業&lt;/b&gt;協會頒獎典禮耶... 建議哪一臺要邀請銅鑼灣書店林榮基店長來臺與馬英九一敘，旁邊再配幾位名嘴，收視率應該不錯 &lt;a href="https://theinitium.com/article/20160616-dailynews-hkbookseller-lam-wing-kee/" class="ex_link meta" rel="nofollow"&gt;&lt;img src="https://d3rhr7kgmtrq1v.cloudfront.net/media/image/2016/06/ffd60730de9f44eba1674e07d356475a.jpg" height="40px" /&gt;銅鑼灣書店店長不顧威脅，失蹤8月後開記者會曝光拘押全過程&lt;/a&gt;</content>
  </entry>
  <entry xml:base="http://www.plurk.com/user/ckhung0.xml">
    <title type="text">ckhung0 轉噗 briian 說 先亂蓋再改設計圖 【開箱玩】夢境實錄 之 浣熊與大馬桶(改編自PTT dk40 遠雄先亂蓋後審件，大巨蛋超危險!!!!)[爆掛] 遠雄先亂蓋後審件，大巨蛋超危險!!!!</title>
    <id>tag:plurk.com;briian;1311086149</id>
    <updated>2016-06-15T01:39:12Z</updated>
    <published>2016-06-15T01:39:12Z</published>
    <link href="/p/lol4jp" />
    <author>
      <name>briian</name>
    </author>
    <content type="html">ckhung0 轉噗 briian 說 先亂蓋再改設計圖 &lt;br /&gt;&lt;a href="https://www.youtube.com/watch?v=Uu-VveDCfuQ" class="ogvideo meta" rel="nofollow"&gt;&lt;img src="https://i.ytimg.com/vi/Uu-VveDCfuQ/hqdefault.jpg" data-video="https://www.youtube.com/embed/Uu-VveDCfuQ?feature=oembed" data-width="480" data-height="270" height="40px" /&gt;【開箱玩】夢境實錄 之 浣熊與大馬桶(改編自PTT dk40 遠雄先亂蓋後審件，大巨蛋超危險!!!!)&lt;/a&gt;&lt;a href="https://www.ptt.cc/bbs/Gossiping/M.1463672294.A.07D.html" class="ex_link" rel="nofollow"&gt;[爆掛] 遠雄先亂蓋後審件，大巨蛋超危險!!!!&lt;/a&gt;</content>
  </entry>
  <entry xml:base="http://www.plurk.com/user/ckhung0.xml">
    <title type="text">ckhung0 轉噗 davelin 說 Ref https://theinitium.com/article/20160614-taiwan-eTag1/ 陳聲鏗慎重地說：「千萬不要保留原始資料！那只會增加麻煩而已。尤其這些資料價值太高了，免不了吸引有心人來嘗試破解你的資料庫。而且做交通流量分析，亂碼形成的統計數據就可以做了，所以千萬不要保留原始資料！」</title>
    <id>tag:plurk.com;davelin;1311007196</id>
    <updated>2016-06-14T07:17:48Z</updated>
    <published>2016-06-14T07:17:48Z</published>
    <link href="/p/lojfmk" />
    <author>
      <name>davelin</name>
    </author>
    <content type="html">ckhung0 轉噗 davelin 說 Ref &lt;a href="https://theinitium.com/article/20160614-taiwan-eTag1/" class="ex_link" rel="nofollow"&gt;https://theinitium.com/article/20160614-taiwan-eTag1/&lt;/a&gt;  陳聲鏗慎重地說：「千萬不要保留原始資料！那只會增加麻煩而已。尤其這些資料價值太高了，免不了吸引有心人來嘗試破解你的資料庫。而且做交通流量分析，亂碼形成的統計數據就可以做了，所以千萬不要保留原始資料！」</content>
  </entry>
  <entry xml:base="http://www.plurk.com/user/ckhung0.xml">
    <title type="text">ckhung0 分享 90年代很流行 MS word 巨集病毒。 後來 Office 97 加上警語，在用戶即將開啟內含巨集的文件時提示危險性，接下來巨集病毒逐漸減少，幾乎消聲匿跡。 Office 2007拿掉警語、 2010 甚至加上一個「啟用內容」的醒目按鈕，結果這幾年巨集病毒又流行起來了。 How a Bad UI Decision From Microsoft Helped Macro Malware Make a ...</title>
    <id>tag:plurk.com;ckhung0;1310872770</id>
    <updated>2016-06-13T01:49:14Z</updated>
    <published>2016-06-13T01:49:14Z</published>
    <link href="/p/logjwi" />
    <author>
      <name>ckhung0</name>
    </author>
    <content type="html">ckhung0 分享 90年代很流行 MS word 巨集病毒。 後來 Office 97 加上警語，在用戶即將開啟內含巨集的文件時提示危險性，接下來巨集病毒逐漸減少，幾乎消聲匿跡。 Office 2007拿掉警語、 2010 甚至加上一個「啟用內容」的醒目按鈕，結果這幾年巨集病毒又流行起來了。 &lt;a href="https://t.co/MDJHOnMRoU" class="ex_link" rel="nofollow"&gt;How a Bad UI Decision From Microsoft Helped Macro Malware Make a ...&lt;/a&gt;</content>
  </entry>
  <entry xml:base="http://www.plurk.com/user/ckhung0.xml">
    <title type="text">ckhung0 好奇 臺灣用戶有感受到嗎? FB強迫用戶安裝手機 app Moments， 不然就要把手機上傳的相片刪掉。 Facebook Threatens To Delete Users' Photos If They Don't Install ... 回顧： 資訊人權貴ㄓ疑: 深鎖在臉書裡的數位回憶 不是深鎖，是即將被作廢囉~~</title>
    <id>tag:plurk.com;ckhung0;1310805226</id>
    <updated>2016-06-12T09:01:45Z</updated>
    <published>2016-06-12T09:01:45Z</published>
    <link href="/p/lof3sa" />
    <author>
      <name>ckhung0</name>
    </author>
    <content type="html">ckhung0 好奇 臺灣用戶有感受到嗎? FB強迫用戶安裝手機 app Moments， 不然就要把手機上傳的相片刪掉。 &lt;a href="https://t.co/qxGZgtXNWN" class="ex_link" rel="nofollow"&gt;Facebook Threatens To Delete Users' Photos If They Don't Install ...&lt;/a&gt; 回顧： &lt;a href="http://ckhung0.blogspot.tw/2016/02/facebook-locks-your-digital-heritage.html" class="ex_link" rel="nofollow"&gt;資訊人權貴ㄓ疑: 深鎖在臉書裡的數位回憶&lt;/a&gt; 不是深鎖，是即將被作廢囉~~</content>
  </entry>
</feed>
