<?xml version="1.0" encoding="utf-8"?>
<feed xmlns="http://www.w3.org/2005/Atom">
  <title type="text">ckhung0</title>
  <id>http://www.plurk.com/user/ckhung0.xml</id>
  <updated>2016-07-13T15:55:52Z</updated>
  <link href="http://www.plurk.com/" />
  <link href="http://www.plurk.com/user/ckhung0.xml" rel="self" />
  <generator>Werkzeug</generator>
  <entry xml:base="http://www.plurk.com/user/ckhung0.xml">
    <title type="text">ckhung0 轉噗 anonymous 偷偷說 人命都不重視的國家，怎麼還會有人權？可憐的罹難者。水庫無預警洩洪 閩清上千人死亡 - 新唐人亞太電視台【禁聞】福建閩清洪澇 是天災還是人禍？習近平1993年中共福建省委常委、兼任福州市委書記。1996年，晉升省委副書記；1999年，出任福建省副省長、代理省長；2000年任福建省省長。</title>
    <id>tag:plurk.com;anonymous;1314035257</id>
    <updated>2016-07-13T15:55:52Z</updated>
    <published>2016-07-13T15:55:52Z</published>
    <link href="/p/lqcc3d" />
    <author>
      <name>anonymous</name>
    </author>
    <content type="html">ckhung0 轉噗 anonymous 偷偷說 人命都不重視的國家，怎麼還會有人權？可憐的罹難者。&lt;br /&gt;&lt;a href="http://www.ntdtv.com.tw/b5/20160713/video/175598.html" class="ex_link" rel="nofollow"&gt;水庫無預警洩洪 閩清上千人死亡 - 新唐人亞太電視台&lt;/a&gt;&lt;br /&gt;&lt;a href="http://www.ntdtv.com/xtr/b5/2016/07/13/a1275822.html" class="ex_link" rel="nofollow"&gt;【禁聞】福建閩清洪澇 是天災還是人禍？&lt;/a&gt;&lt;br /&gt;習近平1993年中共福建省委常委、兼任福州市委書記。&lt;br /&gt;1996年，晉升省委副書記；&lt;br /&gt;1999年，出任福建省副省長、代理省長；&lt;br /&gt;2000年任福建省省長。</content>
  </entry>
  <entry xml:base="http://www.plurk.com/user/ckhung0.xml">
    <title type="text">ckhung0 高等教育改革論壇：迎向大學的挑戰 「高教改革是臺灣社會高度關心的重要議題，希望能透過公民參與討論的相關機制，匯整社會各界對於高教改革的多元意見...」台中場報名： 高等教育改革「分區」論壇：迎向大學的挑戰 | 青平台基金會 - 發現改變的力量</title>
    <id>tag:plurk.com;ckhung0;1313854391</id>
    <updated>2016-07-12T01:22:16Z</updated>
    <published>2016-07-12T01:22:16Z</published>
    <link href="/p/lq8gjb" />
    <author>
      <name>ckhung0</name>
    </author>
    <content type="html">ckhung0 &lt;a href="http://goo.gl/CDcm6l" class="ex_link" rel="nofollow"&gt;高等教育改革論壇：迎向大學的挑戰&lt;/a&gt; 「高教改革是臺灣社會高度關心的重要議題，希望能透過公民參與討論的相關機制，匯整社會各界對於高教改革的多元意見...」台中場報名： &lt;a href="http://goo.gl/rPOn3W" class="ex_link" rel="nofollow"&gt;高等教育改革「分區」論壇：迎向大學的挑戰 | 青平台基金會 - 發現改變的力量&lt;/a&gt;</content>
  </entry>
  <entry xml:base="http://www.plurk.com/user/ckhung0.xml">
    <title type="text">ckhung0 轉噗 davelin 說 一個你從不知道的新聞頭條…張憶芬風暴 想到某本書 改變世界的九大演算法 . 改變媒體的是演算法嗎？</title>
    <id>tag:plurk.com;davelin;1313773741</id>
    <updated>2016-07-11T06:36:00Z</updated>
    <published>2016-07-11T06:36:00Z</published>
    <link href="/p/lq6qb1" />
    <author>
      <name>davelin</name>
    </author>
    <content type="html">ckhung0 轉噗 davelin 說 &lt;a href="http://udn.com/news/story/7244/1820176" class="ex_link" rel="nofollow"&gt;一個你從不知道的新聞頭條…張憶芬風暴&lt;/a&gt;  想到某本書 改變世界的九大演算法  .  &lt;br /&gt;改變媒體的是演算法嗎？</content>
  </entry>
  <entry xml:base="http://www.plurk.com/user/ckhung0.xml">
    <title type="text">ckhung0 轉噗 davelin 【民報】 乾脆不去中國了！華裔加拿大公民赴中旅遊須用「中國人」身份</title>
    <id>tag:plurk.com;davelin;1313484771</id>
    <updated>2016-07-08T05:59:44Z</updated>
    <published>2016-07-08T05:59:44Z</published>
    <link href="/p/lq0jc3" />
    <author>
      <name>davelin</name>
    </author>
    <content type="html">ckhung0 轉噗 davelin &lt;a href="http://www.peoplenews.tw/news/a3ea8e6e-ba4b-4b53-9271-726c9c82eb69" class="ex_link" rel="nofollow"&gt;【民報】 乾脆不去中國了！華裔加拿大公民赴中旅遊須用「中國人」身份&lt;/a&gt;</content>
  </entry>
  <entry xml:base="http://www.plurk.com/user/ckhung0.xml">
    <title type="text">ckhung0 轉噗 davelin 說 聯合國：上網是人權 中國帶頭 17國反對 - 國際 - 自由時報電子報 「有17個國家強烈反對，包括中國、俄羅斯、印度、孟加拉、玻利維亞、布隆迪、古巴、剛果民主共和國、厄瓜多爾、印度尼西亞、肯尼亞、卡塔爾、俄羅斯聯邦、沙特阿拉伯、南非、阿聯酋、委內瑞拉和越南。這17個反對的國家表示，不認同此決議的原因是深怕有不良的資訊擾亂社會，他們主張『自由上網』的前提應是受國家管控。」</title>
    <id>tag:plurk.com;davelin;1313468142</id>
    <updated>2016-07-08T02:38:38Z</updated>
    <published>2016-07-08T02:38:38Z</published>
    <link href="/p/lq06i6" />
    <author>
      <name>davelin</name>
    </author>
    <content type="html">ckhung0 轉噗 davelin 說 &lt;a href="http://m.ltn.com.tw/news/world/breakingnews/1755352" class="ex_link" rel="nofollow"&gt;聯合國：上網是人權 中國帶頭 17國反對 - 國際 - 自由時報電子報&lt;/a&gt;  「有17個國家強烈反對，包括中國、俄羅斯、印度、孟加拉、玻利維亞、布隆迪、古巴、剛果民主共和國、厄瓜多爾、印度尼西亞、肯尼亞、卡塔爾、俄羅斯聯邦、沙特阿拉伯、南非、阿聯酋、委內瑞拉和越南。&lt;br /&gt;這17個反對的國家表示，不認同此決議的原因是深怕有不良的資訊擾亂社會，他們主張『自由上網』的前提應是受國家管控。」</content>
  </entry>
  <entry xml:base="http://www.plurk.com/user/ckhung0.xml">
    <title type="text">ckhung0 轉噗 thearcaneone 說 扯！聯醫吞5億加班費 衛福部：違規開罰80萬元！ | 即時新聞 | 新聞 | 壹電視 NextTV … 鴻海重罰 2 萬，這個竟然罰 40 倍，違法比例原則啦，資動部趕快出來</title>
    <id>tag:plurk.com;thearcaneone;1313308006</id>
    <updated>2016-07-06T13:31:41Z</updated>
    <published>2016-07-06T13:31:41Z</published>
    <link href="/p/lpwqxy" />
    <author>
      <name>thearcaneone</name>
    </author>
    <content type="html">ckhung0 轉噗 thearcaneone 說 &lt;a href="http://www.nexttv.com.tw/news/realtime/politics/11602212" class="ex_link meta" rel="nofollow"&gt;&lt;img src="http://s.nexttv.com.tw/upload/2016/07/11602212-392x220.jpg" height="40px" /&gt;扯！聯醫吞5億加班費   衛福部：違規開罰80萬元！ | 即時新聞 | 新聞 | 壹電視 NextTV&lt;/a&gt; … 鴻海重罰 2 萬，這個竟然罰 40 倍，違法比例原則啦，資動部趕快出來</content>
  </entry>
  <entry xml:base="http://www.plurk.com/user/ckhung0.xml">
    <title type="text">ckhung0 轉噗 davelin 說 紐約全球最大垂直農場可節省 95% 食水 - 明日科學 「我們的農場使用空氣栽種技術，以噴霧為農作物提供養分、水分及氧氣。由於我們使用一個封閉系統，大大減少流失的水份，AeroFarms 比傳統實地耕種少用 95% 食水、比水中栽種少用 40% 食水，而且完全不需使用任何殺蟲劑。」</title>
    <id>tag:plurk.com;davelin;1312750116</id>
    <updated>2016-07-01T00:56:16Z</updated>
    <published>2016-07-01T00:56:16Z</published>
    <link href="/p/lpksh0" />
    <author>
      <name>davelin</name>
    </author>
    <content type="html">ckhung0 轉噗 davelin 說 &lt;a href="http://tomorrowsci.com/environment/quanqiuzuidachuizhikesheng-95-shishui/" class="ex_link" rel="nofollow"&gt;紐約全球最大垂直農場可節省 95% 食水 - 明日科學&lt;/a&gt;  「我們的農場使用空氣栽種技術，以噴霧為農作物提供養分、水分及氧氣。由於我們使用一個封閉系統，大大減少流失的水份，AeroFarms 比傳統實地耕種少用 95% 食水、比水中栽種少用 40% 食水，而且完全不需使用任何殺蟲劑。」</content>
  </entry>
  <entry xml:base="http://www.plurk.com/user/ckhung0.xml">
    <title type="text">ckhung0 轉噗 davelin 說 【習管全球】強國將設緊急制 遇社會安全事件可「一鍵斷網」 ref 隊友甲: 這局 DOTA 快輸給中國隊了怎樣辦?隊友乙: 快製造社會事件!</title>
    <id>tag:plurk.com;davelin;1312749470</id>
    <updated>2016-07-01T00:45:50Z</updated>
    <published>2016-07-01T00:45:50Z</published>
    <link href="/p/lpkrz2" />
    <author>
      <name>davelin</name>
    </author>
    <content type="html">ckhung0 轉噗 davelin 說 &lt;a href="http://hk.apple.nextmedia.com/realtime/china/20160630/55297661" class="ex_link meta" rel="nofollow"&gt;&lt;img src="http://static.apple.nextmedia.com/images/e-paper/20160630/350pix/1467270997_5da4.jpg" height="40px" /&gt;【習管全球】強國將設緊急制 遇社會安全事件可「一鍵斷網」&lt;/a&gt;  &lt;br /&gt;ref &lt;br /&gt;隊友甲: 這局 DOTA 快輸給中國隊了怎樣辦?&lt;br /&gt;隊友乙: 快製造社會事件!</content>
  </entry>
  <entry xml:base="http://www.plurk.com/user/ckhung0.xml">
    <title type="text">ckhung0 分享 2.5萬監視器成DDoS殭屍網路大軍，多數來自台灣 ! 這次事件中，臺灣殭屍監視器佔全球 25%! 你用的是 TVT 家的監視錄影機嗎? 可能已被徵召囉。 幾個月前 TVT 早已接獲通知， 但他們不鳥研究人員。 A Massive Botnet of CCTV Cameras Involved in Ferocious DDoS Attac...</title>
    <id>tag:plurk.com;ckhung0;1312646058</id>
    <updated>2016-06-30T02:12:10Z</updated>
    <published>2016-06-30T02:12:10Z</published>
    <link href="/p/lpik6i" />
    <author>
      <name>ckhung0</name>
    </author>
    <content type="html">ckhung0 分享 &lt;a href="http://www.ithome.com.tw/news/106745" class="ex_link meta" rel="nofollow"&gt;&lt;img src="http://static4.ithome.com.tw/sites/default/files/field/image/img_20160629_100045.jpg" height="40px" /&gt;2.5萬監視器成DDoS殭屍網路大軍，多數來自台灣 !&lt;/a&gt; 這次事件中，臺灣殭屍監視器佔全球 25%! 你用的是 TVT 家的監視錄影機嗎? 可能已被徵召囉。 幾個月前 TVT 早已接獲通知， 但他們不鳥研究人員。 &lt;a href="http://news.softpedia.com/news/a-massive-botnet-of-cctv-cameras-involved-in-ferocious-ddos-attacks-505722.shtml" class="ex_link" rel="nofollow"&gt;A Massive Botnet of CCTV Cameras Involved in Ferocious DDoS Attac...&lt;/a&gt;</content>
  </entry>
  <entry xml:base="http://www.plurk.com/user/ckhung0.xml">
    <title type="text">ckhung0 分享 中國官方加強App內容管制！要求真名註冊、開發者保留60天用戶紀錄 中國新規定App後台須實名制、內容存留60天 互聯網辦：要自覺受監管 - The News Lens 關... APP记录用户日志信息保存60天_京华时报</title>
    <id>tag:plurk.com;ckhung0;1312644733</id>
    <updated>2016-06-30T01:54:26Z</updated>
    <published>2016-06-30T01:54:26Z</published>
    <link href="/p/lpij5p" />
    <author>
      <name>ckhung0</name>
    </author>
    <content type="html">ckhung0 分享 &lt;a href="http://www.bnext.com.tw/article/view/id/40059" class="ex_link" rel="nofollow"&gt;中國官方加強App內容管制！要求真名註冊、開發者保留60天用戶紀錄&lt;/a&gt; &lt;a href="http://hk.thenewslens.com/article/43154" class="ex_link meta" rel="nofollow"&gt;&lt;img src="https://s3-ap-northeast-1.amazonaws.com/tnl-static/2016/6/dnnnf59kt3jflneuxai1.jpg" height="40px" /&gt;中國新規定App後台須實名制、內容存留60天　互聯網辦：要自覺受監管 - The News Lens 關...&lt;/a&gt;  &lt;a href="http://epaper.jinghua.cn/html/2016-06/29/content_314557.htm" class="ex_link" rel="nofollow"&gt;APP记录用户日志信息保存60天_京华时报&lt;/a&gt;</content>
  </entry>
  <entry xml:base="http://www.plurk.com/user/ckhung0.xml">
    <title type="text">ckhung0 轉噗 ivanusto 說 Windows自動升級受害者 獲微軟賠償32萬 有興趣的人請向微軟求償，這很妙。</title>
    <id>tag:plurk.com;ivanusto;1312432795</id>
    <updated>2016-06-28T02:52:40Z</updated>
    <published>2016-06-28T02:52:40Z</published>
    <link href="/p/lpdzmj" />
    <author>
      <name>ivanusto</name>
    </author>
    <content type="html">ckhung0 轉噗 ivanusto 說 &lt;a href="http://www.appledaily.com.tw/realtimenews/article/new/20160628/895806/?utm_source=Via&amp;amp;utm_medium=Android_Share&amp;amp;utm_campaign=%E5%8D%B3%E6%99%82%E6%96%B0%E8%81%9E%2F%E6%9C%80%E6%96%B0%2FWindows%E8%87%AA%E5%8B%95%E5%8D%87%E7%B4%9A%E5%8F%97%E5%AE%B3%E8%80%85%E3%80%80%E7%8D%B2%E5%BE%AE%E8%BB%9F%E8%B3%A0%E5%84%9F32%E8%90%AC" class="ex_link meta" rel="nofollow"&gt;&lt;img src="http://twimg.edgesuite.net/images/ReNews/20160628/640_fd444e556ad4efaa3c66ff8ca1deb88b.jpg" height="40px" /&gt;Windows自動升級受害者　獲微軟賠償32萬&lt;/a&gt; 有興趣的人請向微軟求償，這很妙。</content>
  </entry>
  <entry xml:base="http://www.plurk.com/user/ckhung0.xml">
    <title type="text">ckhung0 問 在國際的網頁上面，談到臺灣的語言，中英文各應如何稱呼比較恰當? 「Mandrin Chinese 漢語中文」?</title>
    <id>tag:plurk.com;ckhung0;1312432449</id>
    <updated>2016-06-28T02:47:59Z</updated>
    <published>2016-06-28T02:47:59Z</published>
    <link href="/p/lpdzcx" />
    <author>
      <name>ckhung0</name>
    </author>
    <content type="html">ckhung0 問 在國際的網頁上面，談到臺灣的語言，中英文各應如何稱呼比較恰當? 「Mandrin Chinese 漢語中文」?</content>
  </entry>
  <entry xml:base="http://www.plurk.com/user/ckhung0.xml">
    <title type="text">ckhung0 分享 「為什麼電燈要用 android 平板來控制啊? 是嫌傳統開關不夠時尚嗎? 於是他把自己的筆電加入旅館房間的智慧家電網路， 用電腦開關電燈、 電視， 甚至可以拉動窗廉。 ㄟ， 酷哦， 但是... 」資訊人權貴ㄓ疑: 危物聯網</title>
    <id>tag:plurk.com;ckhung0;1312277916</id>
    <updated>2016-06-26T13:53:28Z</updated>
    <published>2016-06-26T13:53:28Z</published>
    <link href="/p/lpao4c" />
    <author>
      <name>ckhung0</name>
    </author>
    <content type="html">ckhung0 分享 「為什麼電燈要用 android 平板來控制啊? 是嫌傳統開關不夠時尚嗎? 於是他把自己的筆電加入旅館房間的智慧家電網路， 用電腦開關電燈、 電視， 甚至可以拉動窗廉。 ㄟ， 酷哦， 但是... 」&lt;a href="http://ckhung0.blogspot.tw/2016/06/internet-of-broken-things.html" class="ex_link" rel="nofollow"&gt;資訊人權貴ㄓ疑: 危物聯網&lt;/a&gt;</content>
  </entry>
  <entry xml:base="http://www.plurk.com/user/ckhung0.xml">
    <title type="text">ckhung0 轉噗 davelin 說 給大教授們的一封信 哈哈~~~</title>
    <id>tag:plurk.com;davelin;1312234714</id>
    <updated>2016-06-26T03:42:46Z</updated>
    <published>2016-06-26T03:42:46Z</published>
    <link href="/p/lp9qsa" />
    <author>
      <name>davelin</name>
    </author>
    <content type="html">ckhung0 轉噗 davelin 說 &lt;a href="http://www.slideshare.net/ccckmit/ss-63448127" class="ex_link iframeembed twittercardplayer meta" rel="nofollow"&gt;&lt;img src="https://cdn.slidesharecdn.com/ss_thumbnails/10minlettertobigprofessor-160625225145-thumbnail-4.jpg?cb=1466895222" data-video="https://www.slideshare.net/slideshow/embed_code/key/jSkoAX0sqFrSvf" data-site="@slideshare" data-width="342" data-height="291" height="40px" /&gt;給大教授們的一封信&lt;/a&gt;  哈哈~~~</content>
  </entry>
  <entry xml:base="http://www.plurk.com/user/ckhung0.xml">
    <title type="text">ckhung0 分享 上回 『進擊的網路巨砲』 DDoS 攻擊 github 未果，這次中國政府改以禮貌方式發文要求協助管制言論：「貴站此網頁 "https://github.com/programthink/zhao/issues/38" 聲稱本國元首習大大是殺人嫌疑犯，這完全是沒有根據的惡意抹黑詆毀。 我們表達強烈關切，請貴站盡速移除此頁面。 」 Rather Than Launch A Massive DDoS Attack, This Time China Just As...</title>
    <id>tag:plurk.com;ckhung0;1312025970</id>
    <updated>2016-06-24T01:53:30Z</updated>
    <published>2016-06-24T01:53:30Z</published>
    <link href="/p/lp59pu" />
    <author>
      <name>ckhung0</name>
    </author>
    <content type="html">ckhung0 分享 上回 『進擊的網路巨砲』 DDoS 攻擊 github 未果，這次中國政府改以禮貌方式發文要求協助管制言論：「貴站此網頁 "&lt;a href="https://github.com/programthink/zhao/issues/38&amp;quot;" class="ex_link" rel="nofollow"&gt;https://github.com/programthink/zhao/issues/38"&lt;/a&gt; 聲稱本國元首習大大是殺人嫌疑犯，這完全是沒有根據的惡意抹黑詆毀。 我們表達強烈關切，請貴站盡速移除此頁面。 」  &lt;a href="https://t.co/zLeabejY9l" class="ex_link" rel="nofollow"&gt;Rather Than Launch A Massive DDoS Attack, This Time China Just As...&lt;/a&gt;</content>
  </entry>
  <entry xml:base="http://www.plurk.com/user/ckhung0.xml">
    <title type="text">ckhung0 轉噗 irvinfly 說 母系成大交管系主任、管院院長張有恆老師，身為航空界大老，一年來總理的華航，居然試圖壓榨勞工以求取更高的利潤，還運用各種手段打壓工會爭取權益，終至演變成台灣近年第一場全面罷工事件。.學者視事就無法體諒勞動階層了嗎？油價高漲的時後跟著艱忍的員工，不值得在稅後盈餘57億元，十年來營收最好之時慰勞，改善其勞動條件？還要反向為之？.寫這麼多運輸政策書籍、當了這麼久的院長、運研所所長…真是太令人失望了，歷史評價恐怕底定。</title>
    <id>tag:plurk.com;irvinfly;1312001671</id>
    <updated>2016-06-23T17:21:50Z</updated>
    <published>2016-06-23T17:21:50Z</published>
    <link href="/p/lp4qyv" />
    <author>
      <name>irvinfly</name>
    </author>
    <content type="html">ckhung0 轉噗 irvinfly 說 母系成大交管系主任、管院院長張有恆老師，身為航空界大老，一年來總理的華航，居然試圖壓榨勞工以求取更高的利潤，還運用各種手段打壓工會爭取權益，終至演變成台灣近年第一場全面罷工事件。&lt;br /&gt;.&lt;br /&gt;學者視事就無法體諒勞動階層了嗎？油價高漲的時後跟著艱忍的員工，不值得在稅後盈餘57億元，十年來營收最好之時慰勞，改善其勞動條件？還要反向為之？&lt;br /&gt;.&lt;br /&gt;寫這麼多運輸政策書籍、當了這麼久的院長、運研所所長…真是太令人失望了，歷史評價恐怕底定。</content>
  </entry>
  <entry xml:base="http://www.plurk.com/user/ckhung0.xml">
    <title type="text">ckhung0 轉噗 briian 說 Re: [討論] 柯文哲光一件事就值得連任了台北人不要的話，請他來台南... 我要。</title>
    <id>tag:plurk.com;briian;1311936392</id>
    <updated>2016-06-23T06:17:51Z</updated>
    <published>2016-06-23T06:17:51Z</published>
    <link href="/p/lp3clk" />
    <author>
      <name>briian</name>
    </author>
    <content type="html">ckhung0 轉噗 briian 說 &lt;a href="https://www.ptt.cc/bbs/HatePolitics/M.1466612821.A.1DD.html" class="ex_link" rel="nofollow"&gt;Re: [討論] 柯文哲光一件事就值得連任了&lt;/a&gt;&lt;br /&gt;台北人不要的話，請他來台南... 我要。</content>
  </entry>
  <entry xml:base="http://www.plurk.com/user/ckhung0.xml">
    <title type="text">ckhung0 覺得 大家在討論哪個簡訊 app 比較安全 Battle of the Secure Messaging Apps: Signal Triumphs Over WhatsAp... 我認為這個留言講的才是重點： Battle of the Secure Messaging Apps: Signal Triumphs Over WhatsAp... 「你如果真的在意隱私，你談的就不該是 apps。 通訊協定才是重點。 例如 xmpp + openPGP ...」 開放的通訊協定=&amp;gt;供應者有競爭=&amp;gt;用戶有選擇， 不必屈就哪一家的奇怪政策。</title>
    <id>tag:plurk.com;ckhung0;1311910167</id>
    <updated>2016-06-23T00:47:53Z</updated>
    <published>2016-06-23T00:47:53Z</published>
    <link href="/p/lp2sd3" />
    <author>
      <name>ckhung0</name>
    </author>
    <content type="html">ckhung0 覺得 大家在討論哪個簡訊 app 比較安全 &lt;a href="https://it.slashdot.org/story/16/06/22/1934232/battle-of-the-secure-messaging-apps-signal-triumphs-over-whatsapp-allo" class="ex_link" rel="nofollow"&gt;Battle of the Secure Messaging Apps: Signal Triumphs Over WhatsAp...&lt;/a&gt; 我認為這個留言講的才是重點： &lt;a href="https://it.slashdot.org/comments.pl?sid=9278825&amp;amp;cid=52368989" class="ex_link" rel="nofollow"&gt;Battle of the Secure Messaging Apps: Signal Triumphs Over WhatsAp...&lt;/a&gt; 「你如果真的在意隱私，你談的就不該是 apps。 通訊協定才是重點。 例如 xmpp + openPGP ...」 開放的通訊協定=&amp;gt;供應者有競爭=&amp;gt;用戶有選擇， 不必屈就哪一家的奇怪政策。</content>
  </entry>
  <entry xml:base="http://www.plurk.com/user/ckhung0.xml">
    <title type="text">ckhung0 轉噗 chieh1987 20160621有話好說：法治香港VS獨裁北京 獨家專訪林榮基！</title>
    <id>tag:plurk.com;chieh1987;1311766145</id>
    <updated>2016-06-21T14:39:59Z</updated>
    <published>2016-06-21T14:39:59Z</published>
    <link href="/p/lozp8h" />
    <author>
      <name>chieh1987</name>
    </author>
    <content type="html">ckhung0 轉噗 chieh1987 &lt;a href="https://www.youtube.com/watch?v=DFYZPRp2m8g" class="ogvideo meta" rel="nofollow"&gt;&lt;img src="https://i.ytimg.com/vi/DFYZPRp2m8g/hqdefault.jpg" data-video="https://www.youtube.com/embed/DFYZPRp2m8g?feature=oembed" data-width="459" data-height="344" height="40px" /&gt;20160621有話好說：法治香港VS獨裁北京 獨家專訪林榮基！&lt;/a&gt;</content>
  </entry>
  <entry xml:base="http://www.plurk.com/user/ckhung0.xml">
    <title type="text">ckhung0 分享 目前受影響的產品型號是八核心的A83T和H8處理器，以及四核心的H3處理器，這些處理器都用於中國平板電腦和OTT視訊機上盒產品中。 中國知名ARM處理器業者被爆韌體藏後門程式，可取得平板電腦管理員Root權限 Chinese ARM vendor left developer backdoor in kernel for Android,...</title>
    <id>tag:plurk.com;ckhung0;1311764848</id>
    <updated>2016-06-21T14:29:50Z</updated>
    <published>2016-06-21T14:29:50Z</published>
    <link href="/p/lozo8g" />
    <author>
      <name>ckhung0</name>
    </author>
    <content type="html">ckhung0 分享 目前受影響的產品型號是八核心的A83T和H8處理器，以及四核心的H3處理器，這些處理器都用於中國平板電腦和OTT視訊機上盒產品中。  &lt;a href="http://www.ithome.com.tw/news/105921" class="ex_link meta" rel="nofollow"&gt;&lt;img src="http://static4.ithome.com.tw/sites/default/files/field/image/bao_liao_zhong_guo_ye_zhe_hou_men_jie_tu_.png" height="40px" /&gt;中國知名ARM處理器業者被爆韌體藏後門程式，可取得平板電腦管理員Root權限&lt;/a&gt; &lt;a href="http://arstechnica.com/security/2016/05/chinese-arm-vendor-left-developer-backdoor-in-kernel-for-android-pi-devices/" class="ex_link" rel="nofollow"&gt;Chinese ARM vendor left developer backdoor in kernel for Android,...&lt;/a&gt;</content>
  </entry>
</feed>
