<?xml version="1.0" encoding="utf-8"?>
<feed xmlns="http://www.w3.org/2005/Atom">
  <title type="text">ckhung0</title>
  <id>http://www.plurk.com/user/ckhung0.xml</id>
  <updated>2016-08-09T03:02:39Z</updated>
  <link href="http://www.plurk.com/" />
  <link href="http://www.plurk.com/user/ckhung0.xml" rel="self" />
  <generator>Werkzeug</generator>
  <entry xml:base="http://www.plurk.com/user/ckhung0.xml">
    <title type="text">ckhung0 分享 rep davelin 「..確認了台灣有進口並使 Blue Coat的設備。 ... 還另外證實了台灣在公共網路（即由 ISP業者架設的網路）上，同時使用 Blue Coat的ProxySG和PacketShaper這兩項設備。... 台灣目前從事網路實體線路架設的一類電信業者至少有義務要向大眾交代，是否有使用這些備，以及對於這些設備的使用政策。」 Pokemon之餘，你看過隱私國際的監控資料庫嗎？ &amp;#8211; 台灣網路透明報告</title>
    <id>tag:plurk.com;ckhung0;1316757628</id>
    <updated>2016-08-09T03:02:39Z</updated>
    <published>2016-08-09T03:02:39Z</published>
    <link href="/p/lryoos" />
    <author>
      <name>ckhung0</name>
    </author>
    <content type="html">ckhung0 分享 rep &lt;a href="http://www.plurk.com/davelin" class="ex_link"&gt;davelin&lt;/a&gt; 「..確認了台灣有進口並使 Blue Coat的設備。 ... 還另外證實了台灣在公共網路（即由 ISP業者架設的網路）上，同時使用 Blue Coat的ProxySG和PacketShaper這兩項設備。... 台灣目前從事網路實體線路架設的一類電信業者至少有義務要向大眾交代，是否有使用這些備，以及對於這些設備的使用政策。」 &lt;a href="http://www.tahr.org.tw/transparency/blog/archives/765" class="ex_link" rel="nofollow"&gt;Pokemon之餘，你看過隱私國際的監控資料庫嗎？ &amp;#8211; 台灣網路透明報告&lt;/a&gt;</content>
  </entry>
  <entry xml:base="http://www.plurk.com/user/ckhung0.xml">
    <title type="text">ckhung0 喜歡 七月在秘魯時捕獲 (放不進口袋的) 超萌怪獸一枚 (不是我去強摟他，是他自己撲上來的)</title>
    <id>tag:plurk.com;ckhung0;1316756544</id>
    <updated>2016-08-09T02:49:13Z</updated>
    <published>2016-08-09T02:49:13Z</published>
    <link href="/p/lrynuo" />
    <author>
      <name>ckhung0</name>
    </author>
    <content type="html">ckhung0 喜歡 七月在秘魯時捕獲 (放不進口袋的) 超萌怪獸一枚 (不是我去強摟他，是他自己撲上來的)  &lt;img class="emoticon_my" src="https://emos.plurk.com/aadcdf65aa1101ddb7b95265f75873aa_w48_h48.gif" width="48" height="48" /&gt;    &lt;a href="https://images.plurk.com/2m8BPHJMrHuwT5qJ6sqNkE.jpg" class="ex_link pictureservices"&gt;&lt;img src="https://images.plurk.com/tx_2m8BPHJMrHuwT5qJ6sqNkE.gif" height="48" /&gt;&lt;/a&gt;  &lt;a href="https://images.plurk.com/1AeY3xIoCVepKdQRJaAugt.jpg" class="ex_link pictureservices"&gt;&lt;img src="https://images.plurk.com/tx_1AeY3xIoCVepKdQRJaAugt.gif" height="48" /&gt;&lt;/a&gt;  &lt;a href="https://images.plurk.com/2P2MQnIF4jhiZECo2fzY4g.jpg" class="ex_link pictureservices"&gt;&lt;img src="https://images.plurk.com/tx_2P2MQnIF4jhiZECo2fzY4g.gif" height="48" /&gt;&lt;/a&gt;</content>
  </entry>
  <entry xml:base="http://www.plurk.com/user/ckhung0.xml">
    <title type="text">ckhung0 中國惡意軟體 HummingBad 感染全球 8500 萬 Android 裝置，每月賺近 1000 萬</title>
    <id>tag:plurk.com;ckhung0;1315708045</id>
    <updated>2016-07-30T00:45:54Z</updated>
    <published>2016-07-30T00:45:54Z</published>
    <link href="/p/lrc6tp" />
    <author>
      <name>ckhung0</name>
    </author>
    <content type="html">ckhung0 &lt;a href="http://technews.tw/2016/07/05/hummingbad-malware-infects-85-million-android-devices/" class="ex_link meta" rel="nofollow"&gt;&lt;img src="http://img.technews.tw/wp-content/uploads/2016/07/05190742/0705-hummingBad-2.jpg" height="40px" /&gt;中國惡意軟體 HummingBad 感染全球 8500 萬 Android 裝置，每月賺近 1000 萬&lt;/a&gt;</content>
  </entry>
  <entry xml:base="http://www.plurk.com/user/ckhung0.xml">
    <title type="text">ckhung0 筆記：大家推薦哪些(瀏覽器的)extensions？ Ask Slashdot: Best Browser Extensions -- 2016 Edition - Slashdot</title>
    <id>tag:plurk.com;ckhung0;1315707632</id>
    <updated>2016-07-30T00:36:58Z</updated>
    <published>2016-07-30T00:36:58Z</published>
    <link href="/p/lrc6i8" />
    <author>
      <name>ckhung0</name>
    </author>
    <content type="html">ckhung0 筆記：大家推薦哪些(瀏覽器的)extensions？ &lt;a href="https://ask.slashdot.org/story/16/07/29/169241/ask-slashdot-best-browser-extensions----2016-edition" class="ex_link" rel="nofollow"&gt;Ask Slashdot: Best Browser Extensions -- 2016 Edition - Slashdot&lt;/a&gt;</content>
  </entry>
  <entry xml:base="http://www.plurk.com/user/ckhung0.xml">
    <title type="text">ckhung0 轉噗 davelin 麥肯錫報告告訴你：進哪一行才不容易被機器人取代？</title>
    <id>tag:plurk.com;davelin;1315591441</id>
    <updated>2016-07-28T22:15:50Z</updated>
    <published>2016-07-28T22:15:50Z</published>
    <link href="/p/lr9oup" />
    <author>
      <name>davelin</name>
    </author>
    <content type="html">ckhung0 轉噗 davelin &lt;a href="http://www.bnext.com.tw/ext_rss/view/id/1878398" class="ex_link meta" rel="nofollow"&gt;&lt;img src="https://3.bp.blogspot.com/-_ci_9tNY4Ps/V5nWxQ8R3bI/AAAAAAAC7bI/DxX-1Bmq0YAyfkXXN1QkvwEffvgvU6VrACKgB/s1280/1ff72d8c4acf0cdd702dc86698314326_1469672763.jpeg" height="40px" /&gt;麥肯錫報告告訴你：進哪一行才不容易被機器人取代？&lt;/a&gt;&lt;a href="http://7xil86.com2.z0.glb.qiniucdn.com/uploads/images/2016/07/2016-07-23_1618.png" class="ex_link pictureservices" rel="nofollow"&gt;&lt;img src="http://7xil86.com2.z0.glb.qiniucdn.com/uploads/images/2016/07/2016-07-23_1618.png" height="48" /&gt;&lt;/a&gt;</content>
  </entry>
  <entry xml:base="http://www.plurk.com/user/ckhung0.xml">
    <title type="text">ckhung0 轉噗 dicot0306 說 ...沒有最扯、只有更扯。連日暴雨，是天災就算了；水庫洩洪，沒有通知民眾，這種人禍，我還是頭一次見。而人禍造成的財損跟人命，還遠遠大於天災；大概也只有強國的公共決策，才會這麼奇葩吧！河北18水庫洩洪疑未通知 民眾半夜大逃亡 - 大紀元</title>
    <id>tag:plurk.com;dicot0306;1315011381</id>
    <updated>2016-07-23T09:28:48Z</updated>
    <published>2016-07-23T09:28:48Z</published>
    <link href="/p/lqx99x" />
    <author>
      <name>dicot0306</name>
    </author>
    <content type="html">ckhung0 轉噗 dicot0306 說 ...沒有最扯、只有更扯。&lt;br /&gt;連日暴雨，是天災就算了；水庫洩洪，沒有通知民眾，這種人禍，我還是頭一次見。&lt;br /&gt;而人禍造成的財損跟人命，還遠遠大於天災；大概也只有強國的公共決策，才會這麼奇葩吧！&lt;br /&gt;&lt;a href="http://www.epochtimes.com/b5/16/7/22/n8125603.htm" class="ex_link" rel="nofollow"&gt;河北18水庫洩洪疑未通知 民眾半夜大逃亡 - 大紀元&lt;/a&gt;</content>
  </entry>
  <entry xml:base="http://www.plurk.com/user/ckhung0.xml">
    <title type="text">ckhung0 轉噗 briian 說 中國人這身份, 是一種人造的政治工具.Re: [問卦] 香港人到底是不是中國人呀不過發展到後來，中國人卻變成一種恐怖主義......</title>
    <id>tag:plurk.com;briian;1315006399</id>
    <updated>2016-07-23T08:09:34Z</updated>
    <published>2016-07-23T08:09:34Z</published>
    <link href="/p/lqx5fj" />
    <author>
      <name>briian</name>
    </author>
    <content type="html">ckhung0 轉噗 briian 說 中國人這身份, 是一種人造的政治工具.&lt;br /&gt;&lt;a href="https://www.ptt.cc/bbs/Gossiping/M.1469257655.A.C80.html" class="ex_link" rel="nofollow"&gt;Re: [問卦] 香港人到底是不是中國人呀&lt;/a&gt;&lt;br /&gt;不過發展到後來，中國人卻變成一種恐怖主義......</content>
  </entry>
  <entry xml:base="http://www.plurk.com/user/ckhung0.xml">
    <title type="text">ckhung0 日益繁瑣的電腦表格填寫讓醫師們感覺自己像是高級資料輸入員，也越來越少時間可以真的與病患互動。Technology Is Making Doctors Feel Like Glorified Data Entry Clerk...</title>
    <id>tag:plurk.com;ckhung0;1314978381</id>
    <updated>2016-07-23T00:39:53Z</updated>
    <published>2016-07-23T00:39:53Z</published>
    <link href="/p/lqwjt9" />
    <author>
      <name>ckhung0</name>
    </author>
    <content type="html">ckhung0 日益繁瑣的電腦表格填寫讓醫師們感覺自己像是高級資料輸入員，也越來越少時間可以真的與病患互動。&lt;a href="https://tech.slashdot.org/story/16/07/19/2348242/technology-is-making-doctors-feel-like-glorified-data-entry-clerks" class="ex_link" rel="nofollow"&gt;Technology Is Making Doctors Feel Like Glorified Data Entry Clerk...&lt;/a&gt;</content>
  </entry>
  <entry xml:base="http://www.plurk.com/user/ckhung0.xml">
    <title type="text">ckhung0 幫助你阻擋煩人廣告的軟體(例如adblock plus)，現在被中國政府視為非法軟體了。 可是流氓軟體卻一直都還是合法的。 好一個關心人民的政府、好一個和諧社會！Solidot | Adblock Plus 称如有必有退出中国</title>
    <id>tag:plurk.com;ckhung0;1314977644</id>
    <updated>2016-07-23T00:23:57Z</updated>
    <published>2016-07-23T00:23:57Z</published>
    <link href="/p/lqwj8s" />
    <author>
      <name>ckhung0</name>
    </author>
    <content type="html">ckhung0 幫助你阻擋煩人廣告的軟體(例如adblock plus)，現在被中國政府視為非法軟體了。 可是流氓軟體卻一直都還是合法的。 好一個關心人民的政府、好一個和諧社會！&lt;a href="http://www.solidot.org/story?sid=49039" class="ex_link" rel="nofollow"&gt;Solidot | Adblock Plus 称如有必有退出中国&lt;/a&gt;</content>
  </entry>
  <entry xml:base="http://www.plurk.com/user/ckhung0.xml">
    <title type="text">ckhung0 命案被害者的隱私 vs 辦案需要？ 密西根警察拿他的指紋檔案去3d列印解鎖他的手機。 無論如何，此例再次提醒大家：「一輩子不能改、到處留痕跡的生物辨識資訊， 適合政府拿來監控， 不適合拿來保護隱私。」 Police 3D-Printed A Murder Victim's Finger To Unlock His Phone - ...</title>
    <id>tag:plurk.com;ckhung0;1314976978</id>
    <updated>2016-07-23T00:07:49Z</updated>
    <published>2016-07-23T00:07:49Z</published>
    <link href="/p/lqwiqa" />
    <author>
      <name>ckhung0</name>
    </author>
    <content type="html">ckhung0 命案被害者的隱私 vs 辦案需要？ 密西根警察拿他的指紋檔案去3d列印解鎖他的手機。 無論如何，此例再次提醒大家：「一輩子不能改、到處留痕跡的生物辨識資訊， 適合政府拿來監控， 不適合拿來保護隱私。」 &lt;a href="https://news.slashdot.org/story/16/07/21/2049209/police-3d-printed-a-murder-victims-finger-to-unlock-his-phone" class="ex_link" rel="nofollow"&gt;Police 3D-Printed A Murder Victim's Finger To Unlock His Phone - ...&lt;/a&gt;</content>
  </entry>
  <entry xml:base="http://www.plurk.com/user/ckhung0.xml">
    <title type="text">ckhung0 當用戶盜版時，臉書跟蘋果站在法律還是用戶那一邊？How Apple and Facebook Helped To Take Down KickassTorrents - Slas...</title>
    <id>tag:plurk.com;ckhung0;1314963699</id>
    <updated>2016-07-22T18:07:58Z</updated>
    <published>2016-07-22T18:07:58Z</published>
    <link href="/p/lqw8hf" />
    <author>
      <name>ckhung0</name>
    </author>
    <content type="html">ckhung0 當用戶盜版時，臉書跟蘋果站在法律還是用戶那一邊？&lt;a href="https://slashdot.org/story/16/07/22/1557224/how-apple-and-facebook-helped-to-take-down-kickasstorrents" class="ex_link" rel="nofollow"&gt;How Apple and Facebook Helped To Take Down KickassTorrents - Slas...&lt;/a&gt;</content>
  </entry>
  <entry xml:base="http://www.plurk.com/user/ckhung0.xml">
    <title type="text">ckhung0 轉噗 davelin 說 知名漏洞報告平台「烏雲」被下線，原因可能披露了中國統戰單位的網站漏洞 | T客邦 - 我只推薦好東西 除了這兩個。另一個 t00ls 也被「關切」了...</title>
    <id>tag:plurk.com;davelin;1314796741</id>
    <updated>2016-07-21T07:46:31Z</updated>
    <published>2016-07-21T07:46:31Z</published>
    <link href="/p/lqsnnp" />
    <author>
      <name>davelin</name>
    </author>
    <content type="html">ckhung0 轉噗 davelin 說 &lt;a href="http://www.techbang.com/posts/44875-chinas-well-known-vulnerability-reporting-platform-dark-cloud-being-offline-probably-against-government-units" class="ex_link meta" rel="nofollow"&gt;&lt;img src="http://cdn1.techbang.com.tw/system/excerpt_images/44875/original/034240c42e405db7a4c34162d0c45b4b.png?1469030040" height="40px" /&gt;知名漏洞報告平台「烏雲」被下線，原因可能披露了中國統戰單位的網站漏洞 | T客邦 - 我只推薦好東西&lt;/a&gt;  &lt;br /&gt;除了這兩個。另一個 t00ls 也被「關切」了...</content>
  </entry>
  <entry xml:base="http://www.plurk.com/user/ckhung0.xml">
    <title type="text">ckhung0 轉噗 anonymous 偷偷說 人命都不重視的國家，怎麼還會有人權？可憐的罹難者。水庫無預警洩洪 閩清上千人死亡 - 新唐人亞太電視台【禁聞】福建閩清洪澇 是天災還是人禍？習近平1993年中共福建省委常委、兼任福州市委書記。1996年，晉升省委副書記；1999年，出任福建省副省長、代理省長；2000年任福建省省長。</title>
    <id>tag:plurk.com;anonymous;1314035257</id>
    <updated>2016-07-13T15:55:52Z</updated>
    <published>2016-07-13T15:55:52Z</published>
    <link href="/p/lqcc3d" />
    <author>
      <name>anonymous</name>
    </author>
    <content type="html">ckhung0 轉噗 anonymous 偷偷說 人命都不重視的國家，怎麼還會有人權？可憐的罹難者。&lt;br /&gt;&lt;a href="http://www.ntdtv.com.tw/b5/20160713/video/175598.html" class="ex_link" rel="nofollow"&gt;水庫無預警洩洪 閩清上千人死亡 - 新唐人亞太電視台&lt;/a&gt;&lt;br /&gt;&lt;a href="http://www.ntdtv.com/xtr/b5/2016/07/13/a1275822.html" class="ex_link" rel="nofollow"&gt;【禁聞】福建閩清洪澇 是天災還是人禍？&lt;/a&gt;&lt;br /&gt;習近平1993年中共福建省委常委、兼任福州市委書記。&lt;br /&gt;1996年，晉升省委副書記；&lt;br /&gt;1999年，出任福建省副省長、代理省長；&lt;br /&gt;2000年任福建省省長。</content>
  </entry>
  <entry xml:base="http://www.plurk.com/user/ckhung0.xml">
    <title type="text">ckhung0 高等教育改革論壇：迎向大學的挑戰 「高教改革是臺灣社會高度關心的重要議題，希望能透過公民參與討論的相關機制，匯整社會各界對於高教改革的多元意見...」台中場報名： 高等教育改革「分區」論壇：迎向大學的挑戰 | 青平台基金會 - 發現改變的力量</title>
    <id>tag:plurk.com;ckhung0;1313854391</id>
    <updated>2016-07-12T01:22:16Z</updated>
    <published>2016-07-12T01:22:16Z</published>
    <link href="/p/lq8gjb" />
    <author>
      <name>ckhung0</name>
    </author>
    <content type="html">ckhung0 &lt;a href="http://goo.gl/CDcm6l" class="ex_link" rel="nofollow"&gt;高等教育改革論壇：迎向大學的挑戰&lt;/a&gt; 「高教改革是臺灣社會高度關心的重要議題，希望能透過公民參與討論的相關機制，匯整社會各界對於高教改革的多元意見...」台中場報名： &lt;a href="http://goo.gl/rPOn3W" class="ex_link" rel="nofollow"&gt;高等教育改革「分區」論壇：迎向大學的挑戰 | 青平台基金會 - 發現改變的力量&lt;/a&gt;</content>
  </entry>
  <entry xml:base="http://www.plurk.com/user/ckhung0.xml">
    <title type="text">ckhung0 轉噗 davelin 說 一個你從不知道的新聞頭條…張憶芬風暴 想到某本書 改變世界的九大演算法 . 改變媒體的是演算法嗎？</title>
    <id>tag:plurk.com;davelin;1313773741</id>
    <updated>2016-07-11T06:36:00Z</updated>
    <published>2016-07-11T06:36:00Z</published>
    <link href="/p/lq6qb1" />
    <author>
      <name>davelin</name>
    </author>
    <content type="html">ckhung0 轉噗 davelin 說 &lt;a href="http://udn.com/news/story/7244/1820176" class="ex_link" rel="nofollow"&gt;一個你從不知道的新聞頭條…張憶芬風暴&lt;/a&gt;  想到某本書 改變世界的九大演算法  .  &lt;br /&gt;改變媒體的是演算法嗎？</content>
  </entry>
  <entry xml:base="http://www.plurk.com/user/ckhung0.xml">
    <title type="text">ckhung0 轉噗 davelin 【民報】 乾脆不去中國了！華裔加拿大公民赴中旅遊須用「中國人」身份</title>
    <id>tag:plurk.com;davelin;1313484771</id>
    <updated>2016-07-08T05:59:44Z</updated>
    <published>2016-07-08T05:59:44Z</published>
    <link href="/p/lq0jc3" />
    <author>
      <name>davelin</name>
    </author>
    <content type="html">ckhung0 轉噗 davelin &lt;a href="http://www.peoplenews.tw/news/a3ea8e6e-ba4b-4b53-9271-726c9c82eb69" class="ex_link" rel="nofollow"&gt;【民報】 乾脆不去中國了！華裔加拿大公民赴中旅遊須用「中國人」身份&lt;/a&gt;</content>
  </entry>
  <entry xml:base="http://www.plurk.com/user/ckhung0.xml">
    <title type="text">ckhung0 轉噗 davelin 說 聯合國：上網是人權 中國帶頭 17國反對 - 國際 - 自由時報電子報 「有17個國家強烈反對，包括中國、俄羅斯、印度、孟加拉、玻利維亞、布隆迪、古巴、剛果民主共和國、厄瓜多爾、印度尼西亞、肯尼亞、卡塔爾、俄羅斯聯邦、沙特阿拉伯、南非、阿聯酋、委內瑞拉和越南。這17個反對的國家表示，不認同此決議的原因是深怕有不良的資訊擾亂社會，他們主張『自由上網』的前提應是受國家管控。」</title>
    <id>tag:plurk.com;davelin;1313468142</id>
    <updated>2016-07-08T02:38:38Z</updated>
    <published>2016-07-08T02:38:38Z</published>
    <link href="/p/lq06i6" />
    <author>
      <name>davelin</name>
    </author>
    <content type="html">ckhung0 轉噗 davelin 說 &lt;a href="http://m.ltn.com.tw/news/world/breakingnews/1755352" class="ex_link" rel="nofollow"&gt;聯合國：上網是人權 中國帶頭 17國反對 - 國際 - 自由時報電子報&lt;/a&gt;  「有17個國家強烈反對，包括中國、俄羅斯、印度、孟加拉、玻利維亞、布隆迪、古巴、剛果民主共和國、厄瓜多爾、印度尼西亞、肯尼亞、卡塔爾、俄羅斯聯邦、沙特阿拉伯、南非、阿聯酋、委內瑞拉和越南。&lt;br /&gt;這17個反對的國家表示，不認同此決議的原因是深怕有不良的資訊擾亂社會，他們主張『自由上網』的前提應是受國家管控。」</content>
  </entry>
  <entry xml:base="http://www.plurk.com/user/ckhung0.xml">
    <title type="text">ckhung0 轉噗 thearcaneone 說 扯！聯醫吞5億加班費 衛福部：違規開罰80萬元！ | 即時新聞 | 新聞 | 壹電視 NextTV … 鴻海重罰 2 萬，這個竟然罰 40 倍，違法比例原則啦，資動部趕快出來</title>
    <id>tag:plurk.com;thearcaneone;1313308006</id>
    <updated>2016-07-06T13:31:41Z</updated>
    <published>2016-07-06T13:31:41Z</published>
    <link href="/p/lpwqxy" />
    <author>
      <name>thearcaneone</name>
    </author>
    <content type="html">ckhung0 轉噗 thearcaneone 說 &lt;a href="http://www.nexttv.com.tw/news/realtime/politics/11602212" class="ex_link meta" rel="nofollow"&gt;&lt;img src="http://s.nexttv.com.tw/upload/2016/07/11602212-392x220.jpg" height="40px" /&gt;扯！聯醫吞5億加班費   衛福部：違規開罰80萬元！ | 即時新聞 | 新聞 | 壹電視 NextTV&lt;/a&gt; … 鴻海重罰 2 萬，這個竟然罰 40 倍，違法比例原則啦，資動部趕快出來</content>
  </entry>
  <entry xml:base="http://www.plurk.com/user/ckhung0.xml">
    <title type="text">ckhung0 轉噗 davelin 說 紐約全球最大垂直農場可節省 95% 食水 - 明日科學 「我們的農場使用空氣栽種技術，以噴霧為農作物提供養分、水分及氧氣。由於我們使用一個封閉系統，大大減少流失的水份，AeroFarms 比傳統實地耕種少用 95% 食水、比水中栽種少用 40% 食水，而且完全不需使用任何殺蟲劑。」</title>
    <id>tag:plurk.com;davelin;1312750116</id>
    <updated>2016-07-01T00:56:16Z</updated>
    <published>2016-07-01T00:56:16Z</published>
    <link href="/p/lpksh0" />
    <author>
      <name>davelin</name>
    </author>
    <content type="html">ckhung0 轉噗 davelin 說 &lt;a href="http://tomorrowsci.com/environment/quanqiuzuidachuizhikesheng-95-shishui/" class="ex_link" rel="nofollow"&gt;紐約全球最大垂直農場可節省 95% 食水 - 明日科學&lt;/a&gt;  「我們的農場使用空氣栽種技術，以噴霧為農作物提供養分、水分及氧氣。由於我們使用一個封閉系統，大大減少流失的水份，AeroFarms 比傳統實地耕種少用 95% 食水、比水中栽種少用 40% 食水，而且完全不需使用任何殺蟲劑。」</content>
  </entry>
  <entry xml:base="http://www.plurk.com/user/ckhung0.xml">
    <title type="text">ckhung0 轉噗 davelin 說 【習管全球】強國將設緊急制 遇社會安全事件可「一鍵斷網」 ref 隊友甲: 這局 DOTA 快輸給中國隊了怎樣辦?隊友乙: 快製造社會事件!</title>
    <id>tag:plurk.com;davelin;1312749470</id>
    <updated>2016-07-01T00:45:50Z</updated>
    <published>2016-07-01T00:45:50Z</published>
    <link href="/p/lpkrz2" />
    <author>
      <name>davelin</name>
    </author>
    <content type="html">ckhung0 轉噗 davelin 說 &lt;a href="http://hk.apple.nextmedia.com/realtime/china/20160630/55297661" class="ex_link meta" rel="nofollow"&gt;&lt;img src="http://static.apple.nextmedia.com/images/e-paper/20160630/350pix/1467270997_5da4.jpg" height="40px" /&gt;【習管全球】強國將設緊急制 遇社會安全事件可「一鍵斷網」&lt;/a&gt;  &lt;br /&gt;ref &lt;br /&gt;隊友甲: 這局 DOTA 快輸給中國隊了怎樣辦?&lt;br /&gt;隊友乙: 快製造社會事件!</content>
  </entry>
</feed>
