<?xml version="1.0" encoding="utf-8"?>
<feed xmlns="http://www.w3.org/2005/Atom">
  <title type="text">ckhung0</title>
  <id>http://www.plurk.com/user/ckhung0.xml</id>
  <updated>2016-08-30T10:23:35Z</updated>
  <link href="http://www.plurk.com/" />
  <link href="http://www.plurk.com/user/ckhung0.xml" rel="self" />
  <generator>Werkzeug</generator>
  <entry xml:base="http://www.plurk.com/user/ckhung0.xml">
    <title type="text">ckhung0 分享 已經幫學生照好了大頭照， 想要製作一張 「本班姓名照片卡」 嗎? 玩具烏托邦: 接新班的導師們的班級姓名照片卡</title>
    <id>tag:plurk.com;ckhung0;1318931668</id>
    <updated>2016-08-30T10:23:35Z</updated>
    <published>2016-08-30T10:23:35Z</published>
    <link href="/p/lt9a6s" />
    <author>
      <name>ckhung0</name>
    </author>
    <content type="html">ckhung0 分享 已經幫學生照好了大頭照， 想要製作一張 「本班姓名照片卡」 嗎? &lt;a href="https://newtoypia.blogspot.tw/2016/08/class-photos.html" class="ex_link" rel="nofollow"&gt;玩具烏托邦: 接新班的導師們的班級姓名照片卡&lt;/a&gt;</content>
  </entry>
  <entry xml:base="http://www.plurk.com/user/ckhung0.xml">
    <title type="text">ckhung0 分享 台商注意： 全世界最不安全的 wifi 分享器： 必虎 uRouter 幫入侵者預開好幾個後門： SID (少打一碼照樣開門)、 特定網址、 自動產生的 SID https://t.co/BTiVjq37iC 「必虎，在普通用戶端可能人們知道的不多，但在企業級市場..市占率已達60%以上;為08奧運、70年閱兵，幾乎所有國家級活動提供服務」 「必虎」給免費WiFi「重重一擊」的背後</title>
    <id>tag:plurk.com;ckhung0;1318499878</id>
    <updated>2016-08-26T02:03:18Z</updated>
    <published>2016-08-26T02:03:18Z</published>
    <link href="/p/lt010m" />
    <author>
      <name>ckhung0</name>
    </author>
    <content type="html">ckhung0 分享 台商注意： 全世界最不安全的 wifi 分享器： 必虎 uRouter 幫入侵者預開好幾個後門： SID (少打一碼照樣開門)、 特定網址、 自動產生的 SID &lt;a href="https://t.co/BTiVjq37iC" class="ex_link" rel="nofollow"&gt;https://t.co/BTiVjq37iC&lt;/a&gt; 「必虎，在普通用戶端可能人們知道的不多，但在企業級市場..市占率已達60%以上;為08奧運、70年閱兵，幾乎所有國家級活動提供服務」 &lt;a href="https://read01.com/eD6JKM.html" class="ex_link" rel="nofollow"&gt;「必虎」給免費WiFi「重重一擊」的背後&lt;/a&gt;</content>
  </entry>
  <entry xml:base="http://www.plurk.com/user/ckhung0.xml">
    <title type="text">ckhung0 分享 匿名投票固然有其必要性 (避免被脅迫等)， 但網路匿名投票在技術上不可行 Will Internet Voting Endanger The Secret Ballot? - Slashdot [參與製作報告的包含主軸各不相同的三個公民團體： 舉透明化 VV、 保護隱私 EPIC、 反貪腐 CC]。 是說， 對 FB 用戶言， 反正你的 FB 貼文或按讚本來就會透露透你的政治傾向， 記名投票其實也無差啊： Facebook Knows Your Political Preferences - Slashdot</title>
    <id>tag:plurk.com;ckhung0;1318496884</id>
    <updated>2016-08-26T01:22:00Z</updated>
    <published>2016-08-26T01:22:00Z</published>
    <link href="/p/lszypg" />
    <author>
      <name>ckhung0</name>
    </author>
    <content type="html">ckhung0 分享 匿名投票固然有其必要性 (避免被脅迫等)， 但網路匿名投票在技術上不可行 &lt;a href="https://t.co/2w68xOpa5s" class="ex_link" rel="nofollow"&gt;Will Internet Voting Endanger The Secret Ballot? - Slashdot&lt;/a&gt; [參與製作報告的包含主軸各不相同的三個公民團體： 舉透明化 VV、 保護隱私 EPIC、 反貪腐 CC]。 是說， 對 FB 用戶言， 反正你的 FB 貼文或按讚本來就會透露透你的政治傾向， 記名投票其實也無差啊： &lt;a href="https://t.co/ny5MCHRLRh" class="ex_link" rel="nofollow"&gt;Facebook Knows Your Political Preferences - Slashdot&lt;/a&gt;</content>
  </entry>
  <entry xml:base="http://www.plurk.com/user/ckhung0.xml">
    <title type="text">ckhung0 replurks eponie 一張照片 引來台幣400億官司 UCCU~</title>
    <id>tag:plurk.com;eponie;1318444008</id>
    <updated>2016-08-25T12:12:56Z</updated>
    <published>2016-08-25T12:12:56Z</published>
    <link href="/p/lsytwo" />
    <author>
      <name>eponie</name>
    </author>
    <content type="html">ckhung0 replurks eponie  &lt;a href="http://udn.com/news/story/5/1918098" class="ex_link" rel="nofollow"&gt;一張照片 引來台幣400億官司&lt;/a&gt;&lt;br /&gt;&lt;img class="emoticon_my" src="https://emos.plurk.com/ab022f7cd117ba82b5bb988a94a97de2_w48_h48.gif" width="48" height="48" /&gt;  UCCU~</content>
  </entry>
  <entry xml:base="http://www.plurk.com/user/ckhung0.xml">
    <title type="text">ckhung0 期待 耶! 終於可以期待政府回應 「IE 邦架公文系統連帶協助微軟綁架中小學校園」 的問題了嗎? 「Q.政府單位長期以來，對民眾提供數位服務的窗口，往往獨厚特定廠商，比方說網站是IE6限定或者Windows作業系統限定，這有礙網路數位平權。這個是能促進改善的嗎？」 /683$zZD5rfTKDNg 背景新聞請搜尋 「唐鳳 政務委員」</title>
    <id>tag:plurk.com;ckhung0;1318421208</id>
    <updated>2016-08-25T07:46:36Z</updated>
    <published>2016-08-25T07:46:36Z</published>
    <link href="/p/lsycbc" />
    <author>
      <name>ckhung0</name>
    </author>
    <content type="html">ckhung0 期待 耶! 終於可以期待政府回應 「IE 邦架公文系統連帶協助微軟綁架中小學校園」 的問題了嗎? 「Q.政府單位長期以來，對民眾提供數位服務的窗口，往往獨厚特定廠商，比方說網站是IE6限定或者Windows作業系統限定，這有礙網路數位平權。這個是能促進改善的嗎？」 &lt;a href="https://bit.ly/g0v-autang" class="ex_link" rel="nofollow"&gt;/683$zZD5rfTKDNg&lt;/a&gt; 背景新聞請搜尋 「唐鳳 政務委員」</content>
  </entry>
  <entry xml:base="http://www.plurk.com/user/ckhung0.xml">
    <title type="text">ckhung0 分享 這篇的解釋， 觀念上適用於資料庫、 網頁、 串流音樂、 監視錄影影像、 ... 等等任何網路服務。 [自己覺得正向反向 ssh tunneling 的圖畫得好棒 ] 玩具烏托邦: 鑿一個反向 ssh 隧道&amp;#65292; 對朋友或世界展示筆電或家裡的某個服務</title>
    <id>tag:plurk.com;ckhung0;1318006418</id>
    <updated>2016-08-21T09:47:47Z</updated>
    <published>2016-08-21T09:47:47Z</published>
    <link href="/p/lspg9e" />
    <author>
      <name>ckhung0</name>
    </author>
    <content type="html">ckhung0 分享 這篇的解釋， 觀念上適用於資料庫、 網頁、 串流音樂、 監視錄影影像、 ... 等等任何網路服務。 [自己覺得正向反向 ssh tunneling 的圖畫得好棒 &lt;img src="https://s.plurk.com/99ef3957ef779718546752b749bdeabd.gif" class="emoticon" alt=":-)" /&gt;] &lt;a href="http://newtoypia.blogspot.tw/2016/08/reverse-ssh-tunneling.html" class="ex_link" rel="nofollow"&gt;玩具烏托邦: 鑿一個反向 ssh 隧道&amp;#65292; 對朋友或世界展示筆電或家裡的某個服務&lt;/a&gt;</content>
  </entry>
  <entry xml:base="http://www.plurk.com/user/ckhung0.xml">
    <title type="text">ckhung0 轉噗 irvinfly 說 奧運照妖鏡下的羽協及警總（管仁健） | 新頭殼 newtalk 哇靠，羽邪原來是警總搞的，難怪這麼敲條。</title>
    <id>tag:plurk.com;irvinfly;1317856761</id>
    <updated>2016-08-19T16:11:27Z</updated>
    <published>2016-08-19T16:11:27Z</published>
    <link href="/p/lsm8s9" />
    <author>
      <name>irvinfly</name>
    </author>
    <content type="html">ckhung0 轉噗 irvinfly 說 &lt;a href="http://newtalk.tw/news/view/2016-08-19/76410" class="ex_link meta" rel="nofollow"&gt;&lt;img src="https://3.bp.blogspot.com/-tyd6JuMnXv0/V7Z9JEDgi4I/AAAAAAAC2m0/V-Cf8e7Uawc/57b67c47a5a7e.jpg?imgmax=3000" height="40px" /&gt;奧運照妖鏡下的羽協及警總（管仁健） | 新頭殼 newtalk&lt;/a&gt; 哇靠，羽邪原來是警總搞的，難怪這麼敲條。</content>
  </entry>
  <entry xml:base="http://www.plurk.com/user/ckhung0.xml">
    <title type="text">ckhung0 轉噗 NISIN 正在 標題跟內文溫差頗大的示範【獨家內幕】7月底徐旭東入府怒嗆 小英：你可以對總統這麼大聲沒有關係...--上報原文：「你可以對總統這麼大聲沒關係，但是我希望你對那些收費者講話的時候，可以溫柔一點，畢竟人家跟你比起來，很渺小」</title>
    <id>tag:plurk.com;NISIN;1317788056</id>
    <updated>2016-08-19T03:46:08Z</updated>
    <published>2016-08-19T03:46:08Z</published>
    <link href="/p/lskrrs" />
    <author>
      <name>NISIN</name>
    </author>
    <content type="html">ckhung0 轉噗 NISIN 正在 標題跟內文溫差頗大的示範&lt;br /&gt;&lt;a href="http://upmedia.mg/news_info.php?SerialNo=2548%2F%3Ffb" class="ex_link" rel="nofollow"&gt;【獨家內幕】7月底徐旭東入府怒嗆　小英：你可以對總統這麼大聲沒有關係...--上報&lt;/a&gt;&lt;br /&gt;原文：「你可以對總統這麼大聲沒關係，但是我希望你對那些收費者講話的時候，可以溫柔一點，畢竟人家跟你比起來，很渺小」</content>
  </entry>
  <entry xml:base="http://www.plurk.com/user/ckhung0.xml">
    <title type="text">ckhung0 覺得 本來就沒在用 linkedin，看到這則新聞又更不爽，乾脆去把帳號鎖起來完全不用了。 Disappointing: LinkedIn Abusing CFAA &amp;#038; DMCA To Sue Scraping ... linkedin 濫用 CFAA 及 DMCA 控告網頁爬蟲的作者</title>
    <id>tag:plurk.com;ckhung0;1317567088</id>
    <updated>2016-08-17T01:46:36Z</updated>
    <published>2016-08-17T01:46:36Z</published>
    <link href="/p/lsg19s" />
    <author>
      <name>ckhung0</name>
    </author>
    <content type="html">ckhung0 覺得 本來就沒在用 linkedin，看到這則新聞又更不爽，乾脆去把帳號鎖起來完全不用了。 &lt;a href="https://t.co/a924ehCeni" class="ex_link" rel="nofollow"&gt;Disappointing: LinkedIn Abusing CFAA &amp;#038; DMCA To Sue Scraping ...&lt;/a&gt; linkedin 濫用 CFAA 及 DMCA 控告網頁爬蟲的作者</content>
  </entry>
  <entry xml:base="http://www.plurk.com/user/ckhung0.xml">
    <title type="text">ckhung0 分享 繼火狐之後 Firefox To Block Non-Essential Flash Content In August 2016, Requ... chrome 也將逐步停止支援 flash Google: Chrome 53 Will 'De-Emphasize Flash In Favor of HTML5' Nex... 此外，也有人用 js 模擬器取代 flash JavaScript Has Won: Run Flash with Mozilla Shumway and Develop Si...</title>
    <id>tag:plurk.com;ckhung0;1316967582</id>
    <updated>2016-08-11T01:12:05Z</updated>
    <published>2016-08-11T01:12:05Z</published>
    <link href="/p/ls36ou" />
    <author>
      <name>ckhung0</name>
    </author>
    <content type="html">ckhung0 分享 繼火狐之後 &lt;a href="https://news.slashdot.org/story/16/07/20/1726224/firefox-to-block-non-essential-flash-content-in-august-2016-require-click-to-activate-in-2017" class="ex_link" rel="nofollow"&gt;Firefox To Block Non-Essential Flash Content In August 2016, Requ...&lt;/a&gt; chrome 也將逐步停止支援 flash &lt;a href="https://games.slashdot.org/story/16/08/09/211225/google-chrome-53-will-de-emphasize-flash-in-favor-of-html5-next-month" class="ex_link" rel="nofollow"&gt;Google: Chrome 53 Will 'De-Emphasize Flash In Favor of HTML5' Nex...&lt;/a&gt; 此外，也有人用 js 模擬器取代 flash &lt;a href="http://www.hanselman.com/blog/JavaScriptHasWonRunFlashWithMozillaShumwayAndDevelopSilverlightInJSWithFayde.aspx" class="ex_link" rel="nofollow"&gt;JavaScript Has Won: Run Flash with Mozilla Shumway and Develop Si...&lt;/a&gt;</content>
  </entry>
  <entry xml:base="http://www.plurk.com/user/ckhung0.xml">
    <title type="text">ckhung0 分享 情趣按摩棒 We-Vibe 可以透過藍芽由你的手機控制。 它的 app 會蒐集並透過網路回傳你的體溫、你選擇的振動頻率等等資訊。 網友表示：「這下好了，連在臥室裡都開始需要擔心中間人攻擊了」 Popular Sex Toy Caught Sending Intimate Data To Manufacturer - Sl...</title>
    <id>tag:plurk.com;ckhung0;1316966458</id>
    <updated>2016-08-11T00:56:40Z</updated>
    <published>2016-08-11T00:56:40Z</published>
    <link href="/p/ls35tm" />
    <author>
      <name>ckhung0</name>
    </author>
    <content type="html">ckhung0 分享 情趣按摩棒 We-Vibe 可以透過藍芽由你的手機控制。 它的 app 會蒐集並透過網路回傳你的體溫、你選擇的振動頻率等等資訊。 網友表示：「這下好了，連在臥室裡都開始需要擔心中間人攻擊了」  &lt;a href="https://yro.slashdot.org/story/16/08/10/1527259/popular-sex-toy-caught-sending-intimate-data-to-manufacturer" class="ex_link" rel="nofollow"&gt;Popular Sex Toy Caught Sending Intimate Data To Manufacturer - Sl...&lt;/a&gt;</content>
  </entry>
  <entry xml:base="http://www.plurk.com/user/ckhung0.xml">
    <title type="text">ckhung0 分享 rep davelin 「..確認了台灣有進口並使 Blue Coat的設備。 ... 還另外證實了台灣在公共網路（即由 ISP業者架設的網路）上，同時使用 Blue Coat的ProxySG和PacketShaper這兩項設備。... 台灣目前從事網路實體線路架設的一類電信業者至少有義務要向大眾交代，是否有使用這些備，以及對於這些設備的使用政策。」 Pokemon之餘，你看過隱私國際的監控資料庫嗎？ &amp;#8211; 台灣網路透明報告</title>
    <id>tag:plurk.com;ckhung0;1316757628</id>
    <updated>2016-08-09T03:02:39Z</updated>
    <published>2016-08-09T03:02:39Z</published>
    <link href="/p/lryoos" />
    <author>
      <name>ckhung0</name>
    </author>
    <content type="html">ckhung0 分享 rep &lt;a href="http://www.plurk.com/davelin" class="ex_link"&gt;davelin&lt;/a&gt; 「..確認了台灣有進口並使 Blue Coat的設備。 ... 還另外證實了台灣在公共網路（即由 ISP業者架設的網路）上，同時使用 Blue Coat的ProxySG和PacketShaper這兩項設備。... 台灣目前從事網路實體線路架設的一類電信業者至少有義務要向大眾交代，是否有使用這些備，以及對於這些設備的使用政策。」 &lt;a href="http://www.tahr.org.tw/transparency/blog/archives/765" class="ex_link" rel="nofollow"&gt;Pokemon之餘，你看過隱私國際的監控資料庫嗎？ &amp;#8211; 台灣網路透明報告&lt;/a&gt;</content>
  </entry>
  <entry xml:base="http://www.plurk.com/user/ckhung0.xml">
    <title type="text">ckhung0 喜歡 七月在秘魯時捕獲 (放不進口袋的) 超萌怪獸一枚 (不是我去強摟他，是他自己撲上來的)</title>
    <id>tag:plurk.com;ckhung0;1316756544</id>
    <updated>2016-08-09T02:49:13Z</updated>
    <published>2016-08-09T02:49:13Z</published>
    <link href="/p/lrynuo" />
    <author>
      <name>ckhung0</name>
    </author>
    <content type="html">ckhung0 喜歡 七月在秘魯時捕獲 (放不進口袋的) 超萌怪獸一枚 (不是我去強摟他，是他自己撲上來的)  &lt;img class="emoticon_my" src="https://emos.plurk.com/aadcdf65aa1101ddb7b95265f75873aa_w48_h48.gif" width="48" height="48" /&gt;    &lt;a href="https://images.plurk.com/2m8BPHJMrHuwT5qJ6sqNkE.jpg" class="ex_link pictureservices"&gt;&lt;img src="https://images.plurk.com/tx_2m8BPHJMrHuwT5qJ6sqNkE.gif" height="48" /&gt;&lt;/a&gt;  &lt;a href="https://images.plurk.com/1AeY3xIoCVepKdQRJaAugt.jpg" class="ex_link pictureservices"&gt;&lt;img src="https://images.plurk.com/tx_1AeY3xIoCVepKdQRJaAugt.gif" height="48" /&gt;&lt;/a&gt;  &lt;a href="https://images.plurk.com/2P2MQnIF4jhiZECo2fzY4g.jpg" class="ex_link pictureservices"&gt;&lt;img src="https://images.plurk.com/tx_2P2MQnIF4jhiZECo2fzY4g.gif" height="48" /&gt;&lt;/a&gt;</content>
  </entry>
  <entry xml:base="http://www.plurk.com/user/ckhung0.xml">
    <title type="text">ckhung0 中國惡意軟體 HummingBad 感染全球 8500 萬 Android 裝置，每月賺近 1000 萬</title>
    <id>tag:plurk.com;ckhung0;1315708045</id>
    <updated>2016-07-30T00:45:54Z</updated>
    <published>2016-07-30T00:45:54Z</published>
    <link href="/p/lrc6tp" />
    <author>
      <name>ckhung0</name>
    </author>
    <content type="html">ckhung0 &lt;a href="http://technews.tw/2016/07/05/hummingbad-malware-infects-85-million-android-devices/" class="ex_link meta" rel="nofollow"&gt;&lt;img src="http://img.technews.tw/wp-content/uploads/2016/07/05190742/0705-hummingBad-2.jpg" height="40px" /&gt;中國惡意軟體 HummingBad 感染全球 8500 萬 Android 裝置，每月賺近 1000 萬&lt;/a&gt;</content>
  </entry>
  <entry xml:base="http://www.plurk.com/user/ckhung0.xml">
    <title type="text">ckhung0 筆記：大家推薦哪些(瀏覽器的)extensions？ Ask Slashdot: Best Browser Extensions -- 2016 Edition - Slashdot</title>
    <id>tag:plurk.com;ckhung0;1315707632</id>
    <updated>2016-07-30T00:36:58Z</updated>
    <published>2016-07-30T00:36:58Z</published>
    <link href="/p/lrc6i8" />
    <author>
      <name>ckhung0</name>
    </author>
    <content type="html">ckhung0 筆記：大家推薦哪些(瀏覽器的)extensions？ &lt;a href="https://ask.slashdot.org/story/16/07/29/169241/ask-slashdot-best-browser-extensions----2016-edition" class="ex_link" rel="nofollow"&gt;Ask Slashdot: Best Browser Extensions -- 2016 Edition - Slashdot&lt;/a&gt;</content>
  </entry>
  <entry xml:base="http://www.plurk.com/user/ckhung0.xml">
    <title type="text">ckhung0 轉噗 davelin 麥肯錫報告告訴你：進哪一行才不容易被機器人取代？</title>
    <id>tag:plurk.com;davelin;1315591441</id>
    <updated>2016-07-28T22:15:50Z</updated>
    <published>2016-07-28T22:15:50Z</published>
    <link href="/p/lr9oup" />
    <author>
      <name>davelin</name>
    </author>
    <content type="html">ckhung0 轉噗 davelin &lt;a href="http://www.bnext.com.tw/ext_rss/view/id/1878398" class="ex_link meta" rel="nofollow"&gt;&lt;img src="https://3.bp.blogspot.com/-_ci_9tNY4Ps/V5nWxQ8R3bI/AAAAAAAC7bI/DxX-1Bmq0YAyfkXXN1QkvwEffvgvU6VrACKgB/s1280/1ff72d8c4acf0cdd702dc86698314326_1469672763.jpeg" height="40px" /&gt;麥肯錫報告告訴你：進哪一行才不容易被機器人取代？&lt;/a&gt;&lt;a href="http://7xil86.com2.z0.glb.qiniucdn.com/uploads/images/2016/07/2016-07-23_1618.png" class="ex_link pictureservices" rel="nofollow"&gt;&lt;img src="http://7xil86.com2.z0.glb.qiniucdn.com/uploads/images/2016/07/2016-07-23_1618.png" height="48" /&gt;&lt;/a&gt;</content>
  </entry>
  <entry xml:base="http://www.plurk.com/user/ckhung0.xml">
    <title type="text">ckhung0 轉噗 dicot0306 說 ...沒有最扯、只有更扯。連日暴雨，是天災就算了；水庫洩洪，沒有通知民眾，這種人禍，我還是頭一次見。而人禍造成的財損跟人命，還遠遠大於天災；大概也只有強國的公共決策，才會這麼奇葩吧！河北18水庫洩洪疑未通知 民眾半夜大逃亡 - 大紀元</title>
    <id>tag:plurk.com;dicot0306;1315011381</id>
    <updated>2016-07-23T09:28:48Z</updated>
    <published>2016-07-23T09:28:48Z</published>
    <link href="/p/lqx99x" />
    <author>
      <name>dicot0306</name>
    </author>
    <content type="html">ckhung0 轉噗 dicot0306 說 ...沒有最扯、只有更扯。&lt;br /&gt;連日暴雨，是天災就算了；水庫洩洪，沒有通知民眾，這種人禍，我還是頭一次見。&lt;br /&gt;而人禍造成的財損跟人命，還遠遠大於天災；大概也只有強國的公共決策，才會這麼奇葩吧！&lt;br /&gt;&lt;a href="http://www.epochtimes.com/b5/16/7/22/n8125603.htm" class="ex_link" rel="nofollow"&gt;河北18水庫洩洪疑未通知 民眾半夜大逃亡 - 大紀元&lt;/a&gt;</content>
  </entry>
  <entry xml:base="http://www.plurk.com/user/ckhung0.xml">
    <title type="text">ckhung0 轉噗 briian 說 中國人這身份, 是一種人造的政治工具.Re: [問卦] 香港人到底是不是中國人呀不過發展到後來，中國人卻變成一種恐怖主義......</title>
    <id>tag:plurk.com;briian;1315006399</id>
    <updated>2016-07-23T08:09:34Z</updated>
    <published>2016-07-23T08:09:34Z</published>
    <link href="/p/lqx5fj" />
    <author>
      <name>briian</name>
    </author>
    <content type="html">ckhung0 轉噗 briian 說 中國人這身份, 是一種人造的政治工具.&lt;br /&gt;&lt;a href="https://www.ptt.cc/bbs/Gossiping/M.1469257655.A.C80.html" class="ex_link" rel="nofollow"&gt;Re: [問卦] 香港人到底是不是中國人呀&lt;/a&gt;&lt;br /&gt;不過發展到後來，中國人卻變成一種恐怖主義......</content>
  </entry>
  <entry xml:base="http://www.plurk.com/user/ckhung0.xml">
    <title type="text">ckhung0 日益繁瑣的電腦表格填寫讓醫師們感覺自己像是高級資料輸入員，也越來越少時間可以真的與病患互動。Technology Is Making Doctors Feel Like Glorified Data Entry Clerk...</title>
    <id>tag:plurk.com;ckhung0;1314978381</id>
    <updated>2016-07-23T00:39:53Z</updated>
    <published>2016-07-23T00:39:53Z</published>
    <link href="/p/lqwjt9" />
    <author>
      <name>ckhung0</name>
    </author>
    <content type="html">ckhung0 日益繁瑣的電腦表格填寫讓醫師們感覺自己像是高級資料輸入員，也越來越少時間可以真的與病患互動。&lt;a href="https://tech.slashdot.org/story/16/07/19/2348242/technology-is-making-doctors-feel-like-glorified-data-entry-clerks" class="ex_link" rel="nofollow"&gt;Technology Is Making Doctors Feel Like Glorified Data Entry Clerk...&lt;/a&gt;</content>
  </entry>
  <entry xml:base="http://www.plurk.com/user/ckhung0.xml">
    <title type="text">ckhung0 幫助你阻擋煩人廣告的軟體(例如adblock plus)，現在被中國政府視為非法軟體了。 可是流氓軟體卻一直都還是合法的。 好一個關心人民的政府、好一個和諧社會！Solidot | Adblock Plus 称如有必有退出中国</title>
    <id>tag:plurk.com;ckhung0;1314977644</id>
    <updated>2016-07-23T00:23:57Z</updated>
    <published>2016-07-23T00:23:57Z</published>
    <link href="/p/lqwj8s" />
    <author>
      <name>ckhung0</name>
    </author>
    <content type="html">ckhung0 幫助你阻擋煩人廣告的軟體(例如adblock plus)，現在被中國政府視為非法軟體了。 可是流氓軟體卻一直都還是合法的。 好一個關心人民的政府、好一個和諧社會！&lt;a href="http://www.solidot.org/story?sid=49039" class="ex_link" rel="nofollow"&gt;Solidot | Adblock Plus 称如有必有退出中国&lt;/a&gt;</content>
  </entry>
</feed>
