<?xml version="1.0" encoding="utf-8"?>
<feed xmlns="http://www.w3.org/2005/Atom">
  <title type="text">ckhung0</title>
  <id>http://www.plurk.com/user/ckhung0.xml</id>
  <updated>2016-09-06T03:34:10Z</updated>
  <link href="http://www.plurk.com/" />
  <link href="http://www.plurk.com/user/ckhung0.xml" rel="self" />
  <generator>Werkzeug</generator>
  <entry xml:base="http://www.plurk.com/user/ckhung0.xml">
    <title type="text">ckhung0 转噗 pingooo 欲練神功，必先....摘要：華納兄弟外包舉報非法下載電影網站的工作給 Vobile，Vobile 很盡責，每個月舉報幾十萬個網址，包括華納兄弟的網站。 XDDDWarner Brothers reports own site as illegal - BBC News</title>
    <id>tag:plurk.com;pingooo;1319608154</id>
    <updated>2016-09-06T03:34:10Z</updated>
    <published>2016-09-06T03:34:10Z</published>
    <link href="/p/ltns62" />
    <author>
      <name>pingooo</name>
    </author>
    <content type="html">ckhung0 转噗 pingooo 欲練神功，必先...&lt;br /&gt;.&lt;br /&gt;摘要：華納兄弟外包舉報非法下載電影網站的工作給 Vobile，Vobile 很盡責，每個月舉報幾十萬個網址，包括華納兄弟的網站。  XDDD&lt;br /&gt;&lt;a href="http://www.bbc.com/news/technology-37275603" class="ex_link" rel="nofollow"&gt;Warner Brothers reports own site as illegal - BBC News&lt;/a&gt;</content>
  </entry>
  <entry xml:base="http://www.plurk.com/user/ckhung0.xml">
    <title type="text">ckhung0 分享 「唯一獲得官方授權、 被允許使用診斷軟體找出問題零件的這些 AASP， 他們卻恰恰不會拿這套診斷軟體來幫你更換壞掉的零件。 為什麼? 因為他們查看服務手冊， 會發現 (依據蘋果指示) 遇到這個問題時， 正確的處理方式就是把整塊主機板更換掉。」 資訊人權貴ㄓ疑: 獨立維修商表演破解蘋果的計畫報廢</title>
    <id>tag:plurk.com;ckhung0;1319602600</id>
    <updated>2016-09-06T02:16:29Z</updated>
    <published>2016-09-06T02:16:29Z</published>
    <link href="/p/ltnnvs" />
    <author>
      <name>ckhung0</name>
    </author>
    <content type="html">ckhung0 分享 「唯一獲得官方授權、 被允許使用診斷軟體找出問題零件的這些 AASP， 他們卻恰恰不會拿這套診斷軟體來幫你更換壞掉的零件。 為什麼? 因為他們查看服務手冊， 會發現 &lt;b&gt;(依據蘋果指示) 遇到這個問題時， 正確的處理方式就是把整塊主機板更換掉。&lt;/b&gt;」 &lt;a href="https://ckhung0.blogspot.tw/2016/09/apple-planned-obsolescence.html" class="ex_link" rel="nofollow"&gt;資訊人權貴ㄓ疑: 獨立維修商表演破解蘋果的計畫報廢&lt;/a&gt;</content>
  </entry>
  <entry xml:base="http://www.plurk.com/user/ckhung0.xml">
    <title type="text">ckhung0 分享 以色列公司 NSO Group 專門販售竊聽手機的軟體給世界各國政府。 雖說是有嚴格審查購買者的人權紀錄，但紐約時報還是發現他們的工具被政府拿來竊聽阿酋聯的人權人士及揭發墨西哥政府貪腐的記者 How Spy Tech Firms Let Governments See Everything on a Smartphone</title>
    <id>tag:plurk.com;ckhung0;1319544752</id>
    <updated>2016-09-05T11:34:32Z</updated>
    <published>2016-09-05T11:34:32Z</published>
    <link href="/p/ltmf8w" />
    <author>
      <name>ckhung0</name>
    </author>
    <content type="html">ckhung0 分享 以色列公司 NSO Group 專門販售竊聽手機的軟體給世界各國政府。 雖說是有嚴格審查購買者的人權紀錄，但紐約時報還是發現他們的工具被政府拿來竊聽阿酋聯的人權人士及揭發墨西哥政府貪腐的記者 &lt;a href="https://t.co/HYrdF69mAH" class="ex_link" rel="nofollow"&gt;How Spy Tech Firms Let Governments See Everything on a Smartphone&lt;/a&gt;</content>
  </entry>
  <entry xml:base="http://www.plurk.com/user/ckhung0.xml">
    <title type="text">ckhung0 希望 「台灣內容產業的 今日與明天」論壇 9/23下午@台大， 有沒有關心 「智財保護 vs 網路自由」 議題的朋友可以報名參加呢?</title>
    <id>tag:plurk.com;ckhung0;1319542090</id>
    <updated>2016-09-05T11:04:54Z</updated>
    <published>2016-09-05T11:04:54Z</published>
    <link href="/p/ltmd6y" />
    <author>
      <name>ckhung0</name>
    </author>
    <content type="html">ckhung0 希望 &lt;a href="http://goo.gl/xZ2JoV" class="ex_link" rel="nofollow"&gt;「台灣內容產業的 今日與明天」論壇&lt;/a&gt; 9/23下午@台大， 有沒有關心 「智財保護 vs 網路自由」 議題的朋友可以報名參加呢?</content>
  </entry>
  <entry xml:base="http://www.plurk.com/user/ckhung0.xml">
    <title type="text">ckhung0 转噗 pingooo 這樣也可以！一把大提琴四人合奏的波麗露。Wiener Cello Ensemble 5+1: Bolero</title>
    <id>tag:plurk.com;pingooo;1319327499</id>
    <updated>2016-09-03T04:41:56Z</updated>
    <published>2016-09-03T04:41:56Z</published>
    <link href="/p/lthrm3" />
    <author>
      <name>pingooo</name>
    </author>
    <content type="html">ckhung0 转噗 pingooo 這樣也可以！一把大提琴四人合奏的波麗露。&lt;br /&gt;&lt;a href="https://youtu.be/aUeysGoPFTk" class="ogvideo meta" rel="nofollow"&gt;&lt;img src="https://i.ytimg.com/vi/aUeysGoPFTk/hqdefault.jpg" data-video="https://www.youtube.com/embed/aUeysGoPFTk?feature=oembed" data-width="480" data-height="270" height="40px" /&gt;Wiener Cello Ensemble 5+1: Bolero&lt;/a&gt;</content>
  </entry>
  <entry xml:base="http://www.plurk.com/user/ckhung0.xml">
    <title type="text">ckhung0 轉噗 davelin 說 你的密碼被偷了嗎？ - 黑暗執行緒 我 email 中了2個。影響不大。密碼每半年會改一次，有開二階段簡訊驗證。</title>
    <id>tag:plurk.com;davelin;1319129852</id>
    <updated>2016-09-01T06:09:36Z</updated>
    <published>2016-09-01T06:09:36Z</published>
    <link href="/p/ltdj3w" />
    <author>
      <name>davelin</name>
    </author>
    <content type="html">ckhung0 轉噗 davelin 說 &lt;a href="http://blog.darkthread.net/post-2016-08-31-have-i-been-pawned.aspx" class="ex_link" rel="nofollow"&gt;你的密碼被偷了嗎？ - 黑暗執行緒&lt;/a&gt;  &lt;br /&gt;我 email 中了2個。影響不大。&lt;br /&gt;密碼每半年會改一次，有開二階段簡訊驗證。</content>
  </entry>
  <entry xml:base="http://www.plurk.com/user/ckhung0.xml">
    <title type="text">ckhung0 分享 先前談過 資訊人權貴ㄓ疑: 財團私利打壓公民權益的幫手&amp;#65306; TPP 的 ISDS 新的報告顯示： 害村莊鉛中毒的工廠、盜用國家財產的石油公司、.. 許多犯罪的財團負責人靠 ISDS 脫罪； 更進一步，「如何幫財團善用 ISDS 勒索簽約國家」 成為律師界熱門生意 &amp;#39;Trade Deals&amp;#39; &amp; Corporate Sovereignty: How Convicted Exec...</title>
    <id>tag:plurk.com;ckhung0;1318998645</id>
    <updated>2016-08-31T02:00:53Z</updated>
    <published>2016-08-31T02:00:53Z</published>
    <link href="/p/ltapv9" />
    <author>
      <name>ckhung0</name>
    </author>
    <content type="html">ckhung0 分享 先前談過 &lt;a href="http://ckhung0.blogspot.tw/2013/11/tpp-isds.html" class="ex_link" rel="nofollow"&gt;資訊人權貴ㄓ疑: 財團私利打壓公民權益的幫手&amp;#65306; TPP 的 ISDS&lt;/a&gt; 新的報告顯示： 害村莊鉛中毒的工廠、盜用國家財產的石油公司、.. 許多犯罪的財團負責人靠 ISDS 脫罪； 更進一步，「如何幫財團善用 ISDS 勒索簽約國家」 成為律師界熱門生意 &lt;a href="https://t.co/dqut1X95uw" class="ex_link" rel="nofollow"&gt;&amp;#39;Trade Deals&amp;#39; &amp; Corporate Sovereignty: How Convicted Exec...&lt;/a&gt;</content>
  </entry>
  <entry xml:base="http://www.plurk.com/user/ckhung0.xml">
    <title type="text">ckhung0 分享 已經幫學生照好了大頭照， 想要製作一張 「本班姓名照片卡」 嗎? 玩具烏托邦: 接新班的導師們的班級姓名照片卡</title>
    <id>tag:plurk.com;ckhung0;1318931668</id>
    <updated>2016-08-30T10:23:35Z</updated>
    <published>2016-08-30T10:23:35Z</published>
    <link href="/p/lt9a6s" />
    <author>
      <name>ckhung0</name>
    </author>
    <content type="html">ckhung0 分享 已經幫學生照好了大頭照， 想要製作一張 「本班姓名照片卡」 嗎? &lt;a href="https://newtoypia.blogspot.tw/2016/08/class-photos.html" class="ex_link" rel="nofollow"&gt;玩具烏托邦: 接新班的導師們的班級姓名照片卡&lt;/a&gt;</content>
  </entry>
  <entry xml:base="http://www.plurk.com/user/ckhung0.xml">
    <title type="text">ckhung0 分享 台商注意： 全世界最不安全的 wifi 分享器： 必虎 uRouter 幫入侵者預開好幾個後門： SID (少打一碼照樣開門)、 特定網址、 自動產生的 SID https://t.co/BTiVjq37iC 「必虎，在普通用戶端可能人們知道的不多，但在企業級市場..市占率已達60%以上;為08奧運、70年閱兵，幾乎所有國家級活動提供服務」 「必虎」給免費WiFi「重重一擊」的背後</title>
    <id>tag:plurk.com;ckhung0;1318499878</id>
    <updated>2016-08-26T02:03:18Z</updated>
    <published>2016-08-26T02:03:18Z</published>
    <link href="/p/lt010m" />
    <author>
      <name>ckhung0</name>
    </author>
    <content type="html">ckhung0 分享 台商注意： 全世界最不安全的 wifi 分享器： 必虎 uRouter 幫入侵者預開好幾個後門： SID (少打一碼照樣開門)、 特定網址、 自動產生的 SID &lt;a href="https://t.co/BTiVjq37iC" class="ex_link" rel="nofollow"&gt;https://t.co/BTiVjq37iC&lt;/a&gt; 「必虎，在普通用戶端可能人們知道的不多，但在企業級市場..市占率已達60%以上;為08奧運、70年閱兵，幾乎所有國家級活動提供服務」 &lt;a href="https://read01.com/eD6JKM.html" class="ex_link" rel="nofollow"&gt;「必虎」給免費WiFi「重重一擊」的背後&lt;/a&gt;</content>
  </entry>
  <entry xml:base="http://www.plurk.com/user/ckhung0.xml">
    <title type="text">ckhung0 分享 匿名投票固然有其必要性 (避免被脅迫等)， 但網路匿名投票在技術上不可行 Will Internet Voting Endanger The Secret Ballot? - Slashdot [參與製作報告的包含主軸各不相同的三個公民團體： 舉透明化 VV、 保護隱私 EPIC、 反貪腐 CC]。 是說， 對 FB 用戶言， 反正你的 FB 貼文或按讚本來就會透露透你的政治傾向， 記名投票其實也無差啊： Facebook Knows Your Political Preferences - Slashdot</title>
    <id>tag:plurk.com;ckhung0;1318496884</id>
    <updated>2016-08-26T01:22:00Z</updated>
    <published>2016-08-26T01:22:00Z</published>
    <link href="/p/lszypg" />
    <author>
      <name>ckhung0</name>
    </author>
    <content type="html">ckhung0 分享 匿名投票固然有其必要性 (避免被脅迫等)， 但網路匿名投票在技術上不可行 &lt;a href="https://t.co/2w68xOpa5s" class="ex_link" rel="nofollow"&gt;Will Internet Voting Endanger The Secret Ballot? - Slashdot&lt;/a&gt; [參與製作報告的包含主軸各不相同的三個公民團體： 舉透明化 VV、 保護隱私 EPIC、 反貪腐 CC]。 是說， 對 FB 用戶言， 反正你的 FB 貼文或按讚本來就會透露透你的政治傾向， 記名投票其實也無差啊： &lt;a href="https://t.co/ny5MCHRLRh" class="ex_link" rel="nofollow"&gt;Facebook Knows Your Political Preferences - Slashdot&lt;/a&gt;</content>
  </entry>
  <entry xml:base="http://www.plurk.com/user/ckhung0.xml">
    <title type="text">ckhung0 replurks eponie 一張照片 引來台幣400億官司 UCCU~</title>
    <id>tag:plurk.com;eponie;1318444008</id>
    <updated>2016-08-25T12:12:56Z</updated>
    <published>2016-08-25T12:12:56Z</published>
    <link href="/p/lsytwo" />
    <author>
      <name>eponie</name>
    </author>
    <content type="html">ckhung0 replurks eponie  &lt;a href="http://udn.com/news/story/5/1918098" class="ex_link" rel="nofollow"&gt;一張照片 引來台幣400億官司&lt;/a&gt;&lt;br /&gt;&lt;img class="emoticon_my" src="https://emos.plurk.com/ab022f7cd117ba82b5bb988a94a97de2_w48_h48.gif" width="48" height="48" /&gt;  UCCU~</content>
  </entry>
  <entry xml:base="http://www.plurk.com/user/ckhung0.xml">
    <title type="text">ckhung0 期待 耶! 終於可以期待政府回應 「IE 邦架公文系統連帶協助微軟綁架中小學校園」 的問題了嗎? 「Q.政府單位長期以來，對民眾提供數位服務的窗口，往往獨厚特定廠商，比方說網站是IE6限定或者Windows作業系統限定，這有礙網路數位平權。這個是能促進改善的嗎？」 /683$zZD5rfTKDNg 背景新聞請搜尋 「唐鳳 政務委員」</title>
    <id>tag:plurk.com;ckhung0;1318421208</id>
    <updated>2016-08-25T07:46:36Z</updated>
    <published>2016-08-25T07:46:36Z</published>
    <link href="/p/lsycbc" />
    <author>
      <name>ckhung0</name>
    </author>
    <content type="html">ckhung0 期待 耶! 終於可以期待政府回應 「IE 邦架公文系統連帶協助微軟綁架中小學校園」 的問題了嗎? 「Q.政府單位長期以來，對民眾提供數位服務的窗口，往往獨厚特定廠商，比方說網站是IE6限定或者Windows作業系統限定，這有礙網路數位平權。這個是能促進改善的嗎？」 &lt;a href="https://bit.ly/g0v-autang" class="ex_link" rel="nofollow"&gt;/683$zZD5rfTKDNg&lt;/a&gt; 背景新聞請搜尋 「唐鳳 政務委員」</content>
  </entry>
  <entry xml:base="http://www.plurk.com/user/ckhung0.xml">
    <title type="text">ckhung0 分享 這篇的解釋， 觀念上適用於資料庫、 網頁、 串流音樂、 監視錄影影像、 ... 等等任何網路服務。 [自己覺得正向反向 ssh tunneling 的圖畫得好棒 ] 玩具烏托邦: 鑿一個反向 ssh 隧道&amp;#65292; 對朋友或世界展示筆電或家裡的某個服務</title>
    <id>tag:plurk.com;ckhung0;1318006418</id>
    <updated>2016-08-21T09:47:47Z</updated>
    <published>2016-08-21T09:47:47Z</published>
    <link href="/p/lspg9e" />
    <author>
      <name>ckhung0</name>
    </author>
    <content type="html">ckhung0 分享 這篇的解釋， 觀念上適用於資料庫、 網頁、 串流音樂、 監視錄影影像、 ... 等等任何網路服務。 [自己覺得正向反向 ssh tunneling 的圖畫得好棒 &lt;img src="https://s.plurk.com/99ef3957ef779718546752b749bdeabd.gif" class="emoticon" alt=":-)" /&gt;] &lt;a href="http://newtoypia.blogspot.tw/2016/08/reverse-ssh-tunneling.html" class="ex_link" rel="nofollow"&gt;玩具烏托邦: 鑿一個反向 ssh 隧道&amp;#65292; 對朋友或世界展示筆電或家裡的某個服務&lt;/a&gt;</content>
  </entry>
  <entry xml:base="http://www.plurk.com/user/ckhung0.xml">
    <title type="text">ckhung0 轉噗 irvinfly 說 奧運照妖鏡下的羽協及警總（管仁健） | 新頭殼 newtalk 哇靠，羽邪原來是警總搞的，難怪這麼敲條。</title>
    <id>tag:plurk.com;irvinfly;1317856761</id>
    <updated>2016-08-19T16:11:27Z</updated>
    <published>2016-08-19T16:11:27Z</published>
    <link href="/p/lsm8s9" />
    <author>
      <name>irvinfly</name>
    </author>
    <content type="html">ckhung0 轉噗 irvinfly 說 &lt;a href="http://newtalk.tw/news/view/2016-08-19/76410" class="ex_link meta" rel="nofollow"&gt;&lt;img src="https://3.bp.blogspot.com/-tyd6JuMnXv0/V7Z9JEDgi4I/AAAAAAAC2m0/V-Cf8e7Uawc/57b67c47a5a7e.jpg?imgmax=3000" height="40px" /&gt;奧運照妖鏡下的羽協及警總（管仁健） | 新頭殼 newtalk&lt;/a&gt; 哇靠，羽邪原來是警總搞的，難怪這麼敲條。</content>
  </entry>
  <entry xml:base="http://www.plurk.com/user/ckhung0.xml">
    <title type="text">ckhung0 轉噗 NISIN 正在 標題跟內文溫差頗大的示範【獨家內幕】7月底徐旭東入府怒嗆 小英：你可以對總統這麼大聲沒有關係...--上報原文：「你可以對總統這麼大聲沒關係，但是我希望你對那些收費者講話的時候，可以溫柔一點，畢竟人家跟你比起來，很渺小」</title>
    <id>tag:plurk.com;NISIN;1317788056</id>
    <updated>2016-08-19T03:46:08Z</updated>
    <published>2016-08-19T03:46:08Z</published>
    <link href="/p/lskrrs" />
    <author>
      <name>NISIN</name>
    </author>
    <content type="html">ckhung0 轉噗 NISIN 正在 標題跟內文溫差頗大的示範&lt;br /&gt;&lt;a href="http://upmedia.mg/news_info.php?SerialNo=2548%2F%3Ffb" class="ex_link" rel="nofollow"&gt;【獨家內幕】7月底徐旭東入府怒嗆　小英：你可以對總統這麼大聲沒有關係...--上報&lt;/a&gt;&lt;br /&gt;原文：「你可以對總統這麼大聲沒關係，但是我希望你對那些收費者講話的時候，可以溫柔一點，畢竟人家跟你比起來，很渺小」</content>
  </entry>
  <entry xml:base="http://www.plurk.com/user/ckhung0.xml">
    <title type="text">ckhung0 覺得 本來就沒在用 linkedin，看到這則新聞又更不爽，乾脆去把帳號鎖起來完全不用了。 Disappointing: LinkedIn Abusing CFAA &amp;#038; DMCA To Sue Scraping ... linkedin 濫用 CFAA 及 DMCA 控告網頁爬蟲的作者</title>
    <id>tag:plurk.com;ckhung0;1317567088</id>
    <updated>2016-08-17T01:46:36Z</updated>
    <published>2016-08-17T01:46:36Z</published>
    <link href="/p/lsg19s" />
    <author>
      <name>ckhung0</name>
    </author>
    <content type="html">ckhung0 覺得 本來就沒在用 linkedin，看到這則新聞又更不爽，乾脆去把帳號鎖起來完全不用了。 &lt;a href="https://t.co/a924ehCeni" class="ex_link" rel="nofollow"&gt;Disappointing: LinkedIn Abusing CFAA &amp;#038; DMCA To Sue Scraping ...&lt;/a&gt; linkedin 濫用 CFAA 及 DMCA 控告網頁爬蟲的作者</content>
  </entry>
  <entry xml:base="http://www.plurk.com/user/ckhung0.xml">
    <title type="text">ckhung0 分享 繼火狐之後 Firefox To Block Non-Essential Flash Content In August 2016, Requ... chrome 也將逐步停止支援 flash Google: Chrome 53 Will 'De-Emphasize Flash In Favor of HTML5' Nex... 此外，也有人用 js 模擬器取代 flash JavaScript Has Won: Run Flash with Mozilla Shumway and Develop Si...</title>
    <id>tag:plurk.com;ckhung0;1316967582</id>
    <updated>2016-08-11T01:12:05Z</updated>
    <published>2016-08-11T01:12:05Z</published>
    <link href="/p/ls36ou" />
    <author>
      <name>ckhung0</name>
    </author>
    <content type="html">ckhung0 分享 繼火狐之後 &lt;a href="https://news.slashdot.org/story/16/07/20/1726224/firefox-to-block-non-essential-flash-content-in-august-2016-require-click-to-activate-in-2017" class="ex_link" rel="nofollow"&gt;Firefox To Block Non-Essential Flash Content In August 2016, Requ...&lt;/a&gt; chrome 也將逐步停止支援 flash &lt;a href="https://games.slashdot.org/story/16/08/09/211225/google-chrome-53-will-de-emphasize-flash-in-favor-of-html5-next-month" class="ex_link" rel="nofollow"&gt;Google: Chrome 53 Will 'De-Emphasize Flash In Favor of HTML5' Nex...&lt;/a&gt; 此外，也有人用 js 模擬器取代 flash &lt;a href="http://www.hanselman.com/blog/JavaScriptHasWonRunFlashWithMozillaShumwayAndDevelopSilverlightInJSWithFayde.aspx" class="ex_link" rel="nofollow"&gt;JavaScript Has Won: Run Flash with Mozilla Shumway and Develop Si...&lt;/a&gt;</content>
  </entry>
  <entry xml:base="http://www.plurk.com/user/ckhung0.xml">
    <title type="text">ckhung0 分享 情趣按摩棒 We-Vibe 可以透過藍芽由你的手機控制。 它的 app 會蒐集並透過網路回傳你的體溫、你選擇的振動頻率等等資訊。 網友表示：「這下好了，連在臥室裡都開始需要擔心中間人攻擊了」 Popular Sex Toy Caught Sending Intimate Data To Manufacturer - Sl...</title>
    <id>tag:plurk.com;ckhung0;1316966458</id>
    <updated>2016-08-11T00:56:40Z</updated>
    <published>2016-08-11T00:56:40Z</published>
    <link href="/p/ls35tm" />
    <author>
      <name>ckhung0</name>
    </author>
    <content type="html">ckhung0 分享 情趣按摩棒 We-Vibe 可以透過藍芽由你的手機控制。 它的 app 會蒐集並透過網路回傳你的體溫、你選擇的振動頻率等等資訊。 網友表示：「這下好了，連在臥室裡都開始需要擔心中間人攻擊了」  &lt;a href="https://yro.slashdot.org/story/16/08/10/1527259/popular-sex-toy-caught-sending-intimate-data-to-manufacturer" class="ex_link" rel="nofollow"&gt;Popular Sex Toy Caught Sending Intimate Data To Manufacturer - Sl...&lt;/a&gt;</content>
  </entry>
  <entry xml:base="http://www.plurk.com/user/ckhung0.xml">
    <title type="text">ckhung0 分享 rep davelin 「..確認了台灣有進口並使 Blue Coat的設備。 ... 還另外證實了台灣在公共網路（即由 ISP業者架設的網路）上，同時使用 Blue Coat的ProxySG和PacketShaper這兩項設備。... 台灣目前從事網路實體線路架設的一類電信業者至少有義務要向大眾交代，是否有使用這些備，以及對於這些設備的使用政策。」 Pokemon之餘，你看過隱私國際的監控資料庫嗎？ &amp;#8211; 台灣網路透明報告</title>
    <id>tag:plurk.com;ckhung0;1316757628</id>
    <updated>2016-08-09T03:02:39Z</updated>
    <published>2016-08-09T03:02:39Z</published>
    <link href="/p/lryoos" />
    <author>
      <name>ckhung0</name>
    </author>
    <content type="html">ckhung0 分享 rep &lt;a href="http://www.plurk.com/davelin" class="ex_link"&gt;davelin&lt;/a&gt; 「..確認了台灣有進口並使 Blue Coat的設備。 ... 還另外證實了台灣在公共網路（即由 ISP業者架設的網路）上，同時使用 Blue Coat的ProxySG和PacketShaper這兩項設備。... 台灣目前從事網路實體線路架設的一類電信業者至少有義務要向大眾交代，是否有使用這些備，以及對於這些設備的使用政策。」 &lt;a href="http://www.tahr.org.tw/transparency/blog/archives/765" class="ex_link" rel="nofollow"&gt;Pokemon之餘，你看過隱私國際的監控資料庫嗎？ &amp;#8211; 台灣網路透明報告&lt;/a&gt;</content>
  </entry>
  <entry xml:base="http://www.plurk.com/user/ckhung0.xml">
    <title type="text">ckhung0 喜歡 七月在秘魯時捕獲 (放不進口袋的) 超萌怪獸一枚 (不是我去強摟他，是他自己撲上來的)</title>
    <id>tag:plurk.com;ckhung0;1316756544</id>
    <updated>2016-08-09T02:49:13Z</updated>
    <published>2016-08-09T02:49:13Z</published>
    <link href="/p/lrynuo" />
    <author>
      <name>ckhung0</name>
    </author>
    <content type="html">ckhung0 喜歡 七月在秘魯時捕獲 (放不進口袋的) 超萌怪獸一枚 (不是我去強摟他，是他自己撲上來的)  &lt;img class="emoticon_my" src="https://emos.plurk.com/aadcdf65aa1101ddb7b95265f75873aa_w48_h48.gif" width="48" height="48" /&gt;    &lt;a href="https://images.plurk.com/2m8BPHJMrHuwT5qJ6sqNkE.jpg" class="ex_link pictureservices"&gt;&lt;img src="https://images.plurk.com/tx_2m8BPHJMrHuwT5qJ6sqNkE.gif" height="48" /&gt;&lt;/a&gt;  &lt;a href="https://images.plurk.com/1AeY3xIoCVepKdQRJaAugt.jpg" class="ex_link pictureservices"&gt;&lt;img src="https://images.plurk.com/tx_1AeY3xIoCVepKdQRJaAugt.gif" height="48" /&gt;&lt;/a&gt;  &lt;a href="https://images.plurk.com/2P2MQnIF4jhiZECo2fzY4g.jpg" class="ex_link pictureservices"&gt;&lt;img src="https://images.plurk.com/tx_2P2MQnIF4jhiZECo2fzY4g.gif" height="48" /&gt;&lt;/a&gt;</content>
  </entry>
</feed>
