<?xml version="1.0" encoding="utf-8"?>
<feed xmlns="http://www.w3.org/2005/Atom">
  <title type="text">ckhung0</title>
  <id>http://www.plurk.com/user/ckhung0.xml</id>
  <updated>2016-09-24T07:43:34Z</updated>
  <link href="http://www.plurk.com/" />
  <link href="http://www.plurk.com/user/ckhung0.xml" rel="self" />
  <generator>Werkzeug</generator>
  <entry xml:base="http://www.plurk.com/user/ckhung0.xml">
    <title type="text">ckhung0 轉噗 irvinfly 分享 青少年純潔運動協會 捐款箱擺設店家 重推，達到十家店以上就轉 ethercalc 做地圖</title>
    <id>tag:plurk.com;irvinfly;1321460136</id>
    <updated>2016-09-24T07:43:34Z</updated>
    <published>2016-09-24T07:43:34Z</published>
    <link href="/p/lurh60" />
    <author>
      <name>irvinfly</name>
    </author>
    <content type="html">ckhung0 轉噗 irvinfly 分享 &lt;a href="https://hackpad.com/--XHFjxsoxzoq" class="ex_link" rel="nofollow"&gt;青少年純潔運動協會 捐款箱擺設店家&lt;/a&gt; 重推，達到十家店以上就轉 ethercalc 做地圖</content>
  </entry>
  <entry xml:base="http://www.plurk.com/user/ckhung0.xml">
    <title type="text">ckhung0 分享 最近幾版的 firefox 的 「檔案=&amp;gt;開啟」 變難用了--用鍵盤打檔名會亂跳。 原來是 GTK3 的問題。 把 about:config 裡面的 ui.allow_platform_file_picker 設成 false， 避免使用 gtk3 改用 FF 自己陽春的檔案對話框就好多了。 v42.0 File dialog does not support keyboard quick navigation anym...</title>
    <id>tag:plurk.com;ckhung0;1321439688</id>
    <updated>2016-09-24T02:33:52Z</updated>
    <published>2016-09-24T02:33:52Z</published>
    <link href="/p/lur1e0" />
    <author>
      <name>ckhung0</name>
    </author>
    <content type="html">ckhung0 分享 最近幾版的 firefox 的 「檔案=&amp;gt;開啟」 變難用了--用鍵盤打檔名會亂跳。 原來是 GTK3 的問題。 把 about:config 裡面的 ui.allow_platform_file_picker 設成 false， 避免使用 gtk3 改用 FF 自己陽春的檔案對話框就好多了。 &lt;a href="https://www.reddit.com/r/firefox/comments/3ihltf/v420_file_dialog_does_not_support_keyboard_quick/" class="ex_link" rel="nofollow"&gt;v42.0 File dialog does not support keyboard quick navigation anym...&lt;/a&gt;</content>
  </entry>
  <entry xml:base="http://www.plurk.com/user/ckhung0.xml">
    <title type="text">ckhung0 轉噗 Thinker 說 科學家發明「人造樹葉」直接將二氧化碳轉化為燃料 - 明日科學</title>
    <id>tag:plurk.com;Thinker;1321286502</id>
    <updated>2016-09-22T13:57:46Z</updated>
    <published>2016-09-22T13:57:46Z</published>
    <link href="/p/lunr6u" />
    <author>
      <name>Thinker</name>
    </author>
    <content type="html">ckhung0 轉噗 Thinker 說 &lt;a href="http://tomorrowsci.com/science/%E4%BA%BA%E9%80%A0%E6%A8%B9%E8%91%89%E7%9B%B4%E6%8E%A5%E5%B0%87co2%E8%BD%89%E5%8C%96%E7%82%BA%E7%87%83%E6%96%99/" class="ex_link" rel="nofollow"&gt;科學家發明「人造樹葉」直接將二氧化碳轉化為燃料 - 明日科學&lt;/a&gt;</content>
  </entry>
  <entry xml:base="http://www.plurk.com/user/ckhung0.xml">
    <title type="text">ckhung0 轉噗 davelin 中國大陸推出新法規，朋友圈、私人通訊將列入辦案審查範圍</title>
    <id>tag:plurk.com;davelin;1321265485</id>
    <updated>2016-09-22T10:14:29Z</updated>
    <published>2016-09-22T10:14:29Z</published>
    <link href="/p/lunaz1" />
    <author>
      <name>davelin</name>
    </author>
    <content type="html">ckhung0 轉噗 davelin  &lt;a href="https://theinitium.com/article/20160922-dailynews-china-internet-censorship-and-privacy/" class="ex_link meta" rel="nofollow"&gt;&lt;img src="https://d32kak7w9u5ewj.cloudfront.net/media/image/2016/09/3d9495a0074142b1a0a241881d4ed8f8.jpg" height="40px" /&gt;中國大陸推出新法規，朋友圈、私人通訊將列入辦案審查範圍&lt;/a&gt;</content>
  </entry>
  <entry xml:base="http://www.plurk.com/user/ckhung0.xml">
    <title type="text">ckhung0 分享 環境衛生組織 BAN 跟 MIT 用 GPS 追蹤所謂「電子廢棄物回收」產業，發現高達40%的環保回收其實都是騙人的，真相是：這些廠商直接把電子廢棄物運到中國或其他開發中國家，毒害當地民眾。 (因為回收其實需要很高的成本；但我們消費者沒付錢所以沒感覺) A Shocking Amount of E-Waste Recycling Is a Complete Sham - Slash... 同場加映舊影片(中文字幕) 60 minutes e-waste Chinese translation</title>
    <id>tag:plurk.com;ckhung0;1321229442</id>
    <updated>2016-09-22T02:16:52Z</updated>
    <published>2016-09-22T02:16:52Z</published>
    <link href="/p/lumj5u" />
    <author>
      <name>ckhung0</name>
    </author>
    <content type="html">ckhung0 分享 環境衛生組織 BAN 跟 MIT 用 GPS 追蹤所謂「電子廢棄物回收」產業，發現高達40%的環保回收其實都是騙人的，真相是：這些廠商直接把電子廢棄物運到中國或其他開發中國家，毒害當地民眾。 (因為回收其實需要很高的成本；但我們消費者沒付錢所以沒感覺) &lt;a href="https://t.co/JjtUDHwFJW" class="ex_link" rel="nofollow"&gt;A Shocking Amount of E-Waste Recycling Is a Complete Sham - Slash...&lt;/a&gt; 同場加映舊影片(中文字幕) &lt;a href="https://www.youtube.com/watch?v=5YieL8CImMk" class="ogvideo meta" rel="nofollow"&gt;&lt;img src="https://i.ytimg.com/vi/5YieL8CImMk/hqdefault.jpg" data-video="https://www.youtube.com/embed/5YieL8CImMk?feature=oembed" data-width="480" data-height="270" height="40px" /&gt;60 minutes e-waste Chinese translation&lt;/a&gt;</content>
  </entry>
  <entry xml:base="http://www.plurk.com/user/ckhung0.xml">
    <title type="text">ckhung0 分享 微軟要求硬體廠商鎖死 Win 10 認證電腦系列 (signature edition) 透過非標準的 raid 硬碟阻撓用戶安裝其他作業系統。 聯想幫微軟做得最徹底。 唉， 又要出現另一波定時(三五年後)的環境災難了。 有影響力的人當中， 會有人出面關心嗎? Beware: Lenovo&amp;#039;s Windows 10 Signature Edition Blocks Install...</title>
    <id>tag:plurk.com;ckhung0;1321226546</id>
    <updated>2016-09-22T01:37:03Z</updated>
    <published>2016-09-22T01:37:03Z</published>
    <link href="/p/lumgxe" />
    <author>
      <name>ckhung0</name>
    </author>
    <content type="html">ckhung0 分享 微軟要求硬體廠商鎖死 Win 10 認證電腦系列 (signature edition) 透過非標準的 raid 硬碟阻撓用戶安裝其他作業系統。 聯想幫微軟做得最徹底。 唉， 又要出現另一波定時(三五年後)的環境災難了。 有影響力的人當中， 會有人出面關心嗎?  &lt;a href="http://fossboss.com/2016/09/21/windows-10-signature-edition-blocks-installing-linux/" class="ex_link" rel="nofollow"&gt;Beware: Lenovo&amp;#039;s Windows 10 Signature Edition Blocks Install...&lt;/a&gt;</content>
  </entry>
  <entry xml:base="http://www.plurk.com/user/ckhung0.xml">
    <title type="text">ckhung0 分享 rep davelin 「事实证明，信息不可能一夜之间对所有人透明，同时，全天候、全方位、高强度的洗脑，可以让部分消费者坚信任何你想让他们坚信的，从而对信息透明、信息对称失去兴趣...在互联网高度发达的今天，企业继续把大量的钱花在广告和渠道上，并让消费者为此买单，并且还有一堆媒体热情洋溢地为老古董贴金，实际上是对消费者智力的嘲弄。」 当你赞美OPPO时你在赞美什么？</title>
    <id>tag:plurk.com;ckhung0;1321225941</id>
    <updated>2016-09-22T01:29:11Z</updated>
    <published>2016-09-22T01:29:11Z</published>
    <link href="/p/lumggl" />
    <author>
      <name>ckhung0</name>
    </author>
    <content type="html">ckhung0 分享 rep &lt;a href="http://www.plurk.com/davelin" class="ex_link"&gt;davelin&lt;/a&gt; 「事实证明，信息不可能一夜之间对所有人透明，同时，全天候、全方位、高强度的洗脑，可以让部分消费者坚信任何你想让他们坚信的，从而对信息透明、信息对称失去兴趣...在互联网高度发达的今天，企业继续把大量的钱花在广告和渠道上，并让消费者为此买单，并且还有一堆媒体热情洋溢地为老古董贴金，实际上是对消费者智力的嘲弄。」 &lt;a href="http://ppt.cc/axwn5" class="ex_link" rel="nofollow"&gt;当你赞美OPPO时你在赞美什么？&lt;/a&gt;</content>
  </entry>
  <entry xml:base="http://www.plurk.com/user/ckhung0.xml">
    <title type="text">ckhung0 轉噗 wrold_Yam 說 中國烏坎村遭大規模鎮壓警察破門見人就打 中國烏坎村遭大規模鎮壓_警察破門見人就打 | 地球圖輯隊 帶你看透全世界</title>
    <id>tag:plurk.com;wrold_Yam;1321040281</id>
    <updated>2016-09-20T07:09:26Z</updated>
    <published>2016-09-20T07:09:26Z</published>
    <link href="/p/luih7d" />
    <author>
      <name>wrold_Yam</name>
    </author>
    <content type="html">ckhung0 轉噗 wrold_Yam 說 中國烏坎村遭大規模鎮壓警察破門見人就打  &lt;a href="https://dq.yam.com/post.php?id=6602" class="ex_link meta" rel="nofollow"&gt;&lt;img src="https://fpscdn.yam.com/world/201609/ae/fa/57e0c315daefa.jpg?v=20150331" height="40px" /&gt;中國烏坎村遭大規模鎮壓_警察破門見人就打 | 地球圖輯隊 帶你看透全世界&lt;/a&gt;</content>
  </entry>
  <entry xml:base="http://www.plurk.com/user/ckhung0.xml">
    <title type="text">ckhung0 轉噗 davelin 說 台灣神手開源義肢 殘肢工程師變鋼鐵人 - 生活 - 自由時報電子報 張憲良說，自己雖完成外部結構設計，但礙於不懂電路板控制，無法讓手掌有動力，因而求助於臉書的機器人學習社團，</title>
    <id>tag:plurk.com;davelin;1321010691</id>
    <updated>2016-09-20T01:24:32Z</updated>
    <published>2016-09-20T01:24:32Z</published>
    <link href="/p/luhudf" />
    <author>
      <name>davelin</name>
    </author>
    <content type="html">ckhung0 轉噗 davelin 說 &lt;a href="http://news.ltn.com.tw/news/life/breakingnews/1830700" class="ex_link" rel="nofollow"&gt;台灣神手開源義肢 殘肢工程師變鋼鐵人 - 生活 - 自由時報電子報&lt;/a&gt;  &lt;br /&gt;張憲良說，自己雖完成外部結構設計，但礙於不懂電路板控制，無法讓手掌有動力，因而求助於臉書的機器人學習社團，</content>
  </entry>
  <entry xml:base="http://www.plurk.com/user/ckhung0.xml">
    <title type="text">ckhung0 replurks NetKidz says</title>
    <id>tag:plurk.com;NetKidz;1320893071</id>
    <updated>2016-09-18T22:01:55Z</updated>
    <published>2016-09-18T22:01:55Z</published>
    <link href="/p/lufbm7" />
    <author>
      <name>NetKidz</name>
    </author>
    <content type="html">ckhung0 replurks NetKidz says &lt;a href="https://pbs.twimg.com/media/CsYbTBQVUAAvfPc.jpg" class="ex_link pictureservices" rel="nofollow"&gt;&lt;img src="https://pbs.twimg.com/media/CsYbTBQVUAAvfPc.jpg" height="48" /&gt;&lt;/a&gt;&lt;br /&gt;&lt;img class="emoticon_my" src="https://emos.plurk.com/ed9370044151a3603dad562a0c0b08e8_w48_h48.gif" width="48" height="48" /&gt;</content>
  </entry>
  <entry xml:base="http://www.plurk.com/user/ckhung0.xml">
    <title type="text">ckhung0 轉噗 CQD Solidot | 利用后门小米能在你的手机上安装任意应用小米可以不通知使用者就在手機上裝任何東西，而且走 HTTP 又沒有做內容檢驗所以基本上篤定會被壞人拿來做壞事…</title>
    <id>tag:plurk.com;CQD;1320759080</id>
    <updated>2016-09-17T10:14:21Z</updated>
    <published>2016-09-17T10:14:21Z</published>
    <link href="/p/lucg88" />
    <author>
      <name>CQD</name>
    </author>
    <content type="html">ckhung0 轉噗 CQD &lt;a href="http://www.solidot.org/story?sid=49701" class="ex_link" rel="nofollow"&gt;Solidot | 利用后门小米能在你的手机上安装任意应用&lt;/a&gt;&lt;br /&gt;小米可以不通知使用者就在手機上裝任何東西，而且走 HTTP 又沒有做內容檢驗所以基本上篤定會被壞人拿來做壞事…</content>
  </entry>
  <entry xml:base="http://www.plurk.com/user/ckhung0.xml">
    <title type="text">ckhung0 转噗 pingooo 電池壽命 &amp;gt;&amp;gt; 電器壽命，這種電池的甜蜜點可能不是手機筆電這種消耗型的電器，也許是飛機黑盒子之類的電器比較有用。不然就是筆電廠商喊出電池介面五十年不變的口號，讓消費者換機時馬照跑、舞照跳、電池照用。【科研突破】美研究團隊意外發現可持續使用400年的電池，即是以後都不用換電池了 - TechStart 科技創誌｜PressLog...</title>
    <id>tag:plurk.com;pingooo;1320726365</id>
    <updated>2016-09-17T01:59:35Z</updated>
    <published>2016-09-17T01:59:35Z</published>
    <link href="/p/lubqzh" />
    <author>
      <name>pingooo</name>
    </author>
    <content type="html">ckhung0 转噗 pingooo 電池壽命 &amp;gt;&amp;gt; 電器壽命，這種電池的甜蜜點可能不是手機筆電這種消耗型的電器，也許是飛機黑盒子之類的電器比較有用。&lt;br /&gt;不然就是筆電廠商喊出電池介面五十年不變的口號，讓消費者換機時馬照跑、舞照跳、電池照用。&lt;br /&gt;&lt;a href="http://techstart.presslogic.com/2016/09/16/article/11260/" class="ex_link" rel="nofollow"&gt;【科研突破】美研究團隊意外發現可持續使用400年的電池，即是以後都不用換電池了 - TechStart 科技創誌｜PressLog...&lt;/a&gt;</content>
  </entry>
  <entry xml:base="http://www.plurk.com/user/ckhung0.xml">
    <title type="text">ckhung0 转噗 pingooo 請問有沒有縮網址服務是可以修改連到的長網址的？.比如說，foo.ba/abook 本來指到網址 x，我想改成指到網址 y。</title>
    <id>tag:plurk.com;pingooo;1320632926</id>
    <updated>2016-09-16T02:24:29Z</updated>
    <published>2016-09-16T02:24:29Z</published>
    <link href="/p/lu9qvy" />
    <author>
      <name>pingooo</name>
    </author>
    <content type="html">ckhung0 转噗 pingooo 請問有沒有縮網址服務是可以修改連到的長網址的？&lt;br /&gt;.&lt;br /&gt;比如說，&lt;a href="http://foo.ba/abook" class="ex_link" rel="nofollow"&gt;foo.ba/abook&lt;/a&gt; 本來指到網址 x，我想改成指到網址 y。</content>
  </entry>
  <entry xml:base="http://www.plurk.com/user/ckhung0.xml">
    <title type="text">ckhung0 好奇 「魯梁」歷史故事這兩天在臺灣很紅； 原來對岸先前也在談耶：「齐国收服鲁国、莱莒、楚、代、衡山，均是以轻重之策催垮对手的经济。其中心思想，就是利用“天下下我高，天下轻我重”的阴谋原则，即将外国特产之国内价格抬高到比正常水平高的多的水准，使其变成单一经济，生产力配比畸形成长，然后突然改变国际贸易规则，全面破坏外国的财政收入，最终迫使其完全成为经济殖民地。」 bbs.tianya.cn/post-333-852924-1.shtml</title>
    <id>tag:plurk.com;ckhung0;1319987666</id>
    <updated>2016-09-09T13:49:51Z</updated>
    <published>2016-09-09T13:49:51Z</published>
    <link href="/p/ltvx02" />
    <author>
      <name>ckhung0</name>
    </author>
    <content type="html">ckhung0 好奇 「魯梁」歷史故事這兩天在臺灣很紅； 原來對岸先前也在談耶：「齐国收服鲁国、莱莒、楚、代、衡山，均是以轻重之策催垮对手的经济。其中心思想，就是利用“天下下我高，天下轻我重”的阴谋原则，即将外国特产之国内价格抬高到比正常水平高的多的水准，使其变成单一经济，生产力配比畸形成长，然后突然改变国际贸易规则，全面破坏外国的财政收入，最终迫使其完全成为经济殖民地。」 &lt;a href="http://bbs.tianya.cn/post-333-852924-1.shtml" class="ex_link" rel="nofollow"&gt;bbs.tianya.cn/post-333-852924-1.shtml&lt;/a&gt;</content>
  </entry>
  <entry xml:base="http://www.plurk.com/user/ckhung0.xml">
    <title type="text">ckhung0 分享 蘋果拿掉耳機孔，刻意製造不相容(改用獨家專屬的 Lightning port) 除了有利於自己脅迫週邊廠商， 也讓音樂產業更方便要求蘋果加強 DRM、 傷害消費者： Analog: The Last Defense Against DRM 、 Why Apple Removing The Audio Jack From The iPhone Would Be A Very... 把音樂丟進 iPhone 讓蘋果幫你保管， 這越來越是一件不明智的事， 跟這一樣道理： 我的野蠻工讀生</title>
    <id>tag:plurk.com;ckhung0;1319922953</id>
    <updated>2016-09-09T01:18:57Z</updated>
    <published>2016-09-09T01:18:57Z</published>
    <link href="/p/ltuj2h" />
    <author>
      <name>ckhung0</name>
    </author>
    <content type="html">ckhung0 分享 蘋果拿掉耳機孔，刻意製造不相容(改用獨家專屬的 Lightning port) 除了有利於自己脅迫週邊廠商， 也讓音樂產業更方便要求蘋果加強 DRM、 傷害消費者： &lt;a href="https://t.co/RUApPIFh0D" class="ex_link" rel="nofollow"&gt;Analog: The Last Defense Against DRM&lt;/a&gt; 、 &lt;a href="https://t.co/Y0DtLGZgMv" class="ex_link" rel="nofollow"&gt;Why Apple Removing The Audio Jack From The iPhone Would Be A Very...&lt;/a&gt; 把音樂丟進 iPhone 讓蘋果幫你保管， 這越來越是一件不明智的事， 跟這一樣道理： &lt;a href="https://ckhung0.blogspot.com/2016/03/doc-kidnapping.html" class="ex_link" rel="nofollow"&gt;我的野蠻工讀生&lt;/a&gt;</content>
  </entry>
  <entry xml:base="http://www.plurk.com/user/ckhung0.xml">
    <title type="text">ckhung0 分享 租到智慧車，可以跟你的手機同步、播放手機的音樂影片/免手持打電話超方便der~~ 但是... 有沒有想過下一位客人及租車公司可以取得你的隱私資訊呢? FTC Warns Consumers: Don't Sync To Your Rental Car! - Slashdot</title>
    <id>tag:plurk.com;ckhung0;1319815008</id>
    <updated>2016-09-08T01:23:03Z</updated>
    <published>2016-09-08T01:23:03Z</published>
    <link href="/p/lts7s0" />
    <author>
      <name>ckhung0</name>
    </author>
    <content type="html">ckhung0 分享 租到智慧車，可以跟你的手機同步、播放手機的音樂影片/免手持打電話超方便der~~ 但是... 有沒有想過下一位客人及租車公司可以取得你的隱私資訊呢? &lt;a href="https://t.co/qSYzW6PPJy" class="ex_link" rel="nofollow"&gt;FTC Warns Consumers: Don't Sync To Your Rental Car! - Slashdot&lt;/a&gt;</content>
  </entry>
  <entry xml:base="http://www.plurk.com/user/ckhung0.xml">
    <title type="text">ckhung0 轉噗 briian 說 以前有個國家叫做秦國，他想併吞一個他旁邊的小國，忘記名字了，就叫做台灣好了，但他不想用打的，於是他用了一個方法....</title>
    <id>tag:plurk.com;briian;1319810718</id>
    <updated>2016-09-08T00:15:54Z</updated>
    <published>2016-09-08T00:15:54Z</published>
    <link href="/p/lts4gu" />
    <author>
      <name>briian</name>
    </author>
    <content type="html">ckhung0 轉噗 briian 說 &lt;a href="https://goo.gl/72blQY" class="ex_link" rel="nofollow"&gt;以前有個國家叫做秦國，他想併吞一個他旁邊的小國，忘記名字了，就叫做台灣好了，但&lt;br /&gt;他不想用打的，於是他用了一個方法....&lt;/a&gt;</content>
  </entry>
  <entry xml:base="http://www.plurk.com/user/ckhung0.xml">
    <title type="text">ckhung0 轉噗 briian 說 接下來就要回到以物易物的時代嘍...金管會數十億美元海外洗錢管不了，卻限國內電子支付只能每月五千元 超潮的</title>
    <id>tag:plurk.com;briian;1319710492</id>
    <updated>2016-09-07T02:15:53Z</updated>
    <published>2016-09-07T02:15:53Z</published>
    <link href="/p/ltpz4s" />
    <author>
      <name>briian</name>
    </author>
    <content type="html">ckhung0 轉噗 briian 說 接下來就要回到以物易物的時代嘍...&lt;br /&gt;&lt;a href="http://www.inside.com.tw/2016/09/07/fsc-change-policy" class="ex_link meta" rel="nofollow"&gt;&lt;img src="http://www.inside.com.tw/wp-content/uploads/2016/08/RTSFH9P-1920.jpg" height="40px" /&gt;金管會數十億美元海外洗錢管不了，卻限國內電子支付只能每月五千元&lt;/a&gt; &lt;br /&gt;超潮的</content>
  </entry>
  <entry xml:base="http://www.plurk.com/user/ckhung0.xml">
    <title type="text">ckhung0 转噗 pingooo 欲練神功，必先....摘要：華納兄弟外包舉報非法下載電影網站的工作給 Vobile，Vobile 很盡責，每個月舉報幾十萬個網址，包括華納兄弟的網站。 XDDDWarner Brothers reports own site as illegal - BBC News</title>
    <id>tag:plurk.com;pingooo;1319608154</id>
    <updated>2016-09-06T03:34:10Z</updated>
    <published>2016-09-06T03:34:10Z</published>
    <link href="/p/ltns62" />
    <author>
      <name>pingooo</name>
    </author>
    <content type="html">ckhung0 转噗 pingooo 欲練神功，必先...&lt;br /&gt;.&lt;br /&gt;摘要：華納兄弟外包舉報非法下載電影網站的工作給 Vobile，Vobile 很盡責，每個月舉報幾十萬個網址，包括華納兄弟的網站。  XDDD&lt;br /&gt;&lt;a href="http://www.bbc.com/news/technology-37275603" class="ex_link" rel="nofollow"&gt;Warner Brothers reports own site as illegal - BBC News&lt;/a&gt;</content>
  </entry>
  <entry xml:base="http://www.plurk.com/user/ckhung0.xml">
    <title type="text">ckhung0 分享 「唯一獲得官方授權、 被允許使用診斷軟體找出問題零件的這些 AASP， 他們卻恰恰不會拿這套診斷軟體來幫你更換壞掉的零件。 為什麼? 因為他們查看服務手冊， 會發現 (依據蘋果指示) 遇到這個問題時， 正確的處理方式就是把整塊主機板更換掉。」 資訊人權貴ㄓ疑: 獨立維修商表演破解蘋果的計畫報廢</title>
    <id>tag:plurk.com;ckhung0;1319602600</id>
    <updated>2016-09-06T02:16:29Z</updated>
    <published>2016-09-06T02:16:29Z</published>
    <link href="/p/ltnnvs" />
    <author>
      <name>ckhung0</name>
    </author>
    <content type="html">ckhung0 分享 「唯一獲得官方授權、 被允許使用診斷軟體找出問題零件的這些 AASP， 他們卻恰恰不會拿這套診斷軟體來幫你更換壞掉的零件。 為什麼? 因為他們查看服務手冊， 會發現 &lt;b&gt;(依據蘋果指示) 遇到這個問題時， 正確的處理方式就是把整塊主機板更換掉。&lt;/b&gt;」 &lt;a href="https://ckhung0.blogspot.tw/2016/09/apple-planned-obsolescence.html" class="ex_link" rel="nofollow"&gt;資訊人權貴ㄓ疑: 獨立維修商表演破解蘋果的計畫報廢&lt;/a&gt;</content>
  </entry>
</feed>
