<?xml version="1.0" encoding="utf-8"?>
<feed xmlns="http://www.w3.org/2005/Atom">
  <title type="text">ckhung0</title>
  <id>http://www.plurk.com/user/ckhung0.xml</id>
  <updated>2016-10-05T01:01:54Z</updated>
  <link href="http://www.plurk.com/" />
  <link href="http://www.plurk.com/user/ckhung0.xml" rel="self" />
  <generator>Werkzeug</generator>
  <entry xml:base="http://www.plurk.com/user/ckhung0.xml">
    <title type="text">ckhung0 轉噗 davelin 說 REF Exclusive: Yahoo secretly scanned customer emails for U.S. intell... ZW 譯： 路透社報導 Yahoo 去年秘密的客製化了一個軟體用來搜尋旗下的客戶資料（包含 Email）內的特定內容，提供給美國情報單位（如：NSA），這將會是美國史上第一個確認配合政府情報單位對客戶進行實時監控和提供針對性特定資料搜尋的網路公司。</title>
    <id>tag:plurk.com;davelin;1322592652</id>
    <updated>2016-10-05T01:01:54Z</updated>
    <published>2016-10-05T01:01:54Z</published>
    <link href="/p/lvfr0s" />
    <author>
      <name>davelin</name>
    </author>
    <content type="html">ckhung0 轉噗 davelin 說 REF &lt;a href="http://www.reuters.com/article/us-yahoo-nsa-exclusive-idUSKCN1241YT" class="ex_link" rel="nofollow"&gt;Exclusive: Yahoo secretly scanned customer emails for U.S. intell...&lt;/a&gt;  &lt;br /&gt;ZW 譯： 路透社報導 Yahoo 去年秘密的客製化了一個軟體用來搜尋旗下的客戶資料（包含 Email）內的特定內容，提供給美國情報單位（如：NSA），這將會是美國史上第一個確認配合政府情報單位對客戶進行實時監控和提供針對性特定資料搜尋的網路公司。</content>
  </entry>
  <entry xml:base="http://www.plurk.com/user/ckhung0.xml">
    <title type="text">ckhung0 分享 每次上課談「DRM 及計畫性報廢如何傷害消費者及地球」， 印表機禁用副廠墨水一直都是最容易懂的例子： 印表機禁用非原廠墨水匣挨批，HP道歉並承諾回復原功能</title>
    <id>tag:plurk.com;ckhung0;1322342324</id>
    <updated>2016-10-02T14:28:19Z</updated>
    <published>2016-10-02T14:28:19Z</published>
    <link href="/p/lvadv8" />
    <author>
      <name>ckhung0</name>
    </author>
    <content type="html">ckhung0 分享 每次上課談「DRM 及計畫性報廢如何傷害消費者及地球」， 印表機禁用副廠墨水一直都是最容易懂的例子：  &lt;a href="http://www.ithome.com.tw/news/108721" class="ex_link meta" rel="nofollow"&gt;&lt;img src="http://static4.ithome.com.tw/sites/default/files/field/image/officejet.jpg" height="40px" /&gt;印表機禁用非原廠墨水匣挨批，HP道歉並承諾回復原功能&lt;/a&gt;</content>
  </entry>
  <entry xml:base="http://www.plurk.com/user/ckhung0.xml">
    <title type="text">ckhung0 分享 練習 regexp 很好用! 把你自己想搜尋的文字檔案內容剪貼上去、 在最上方試打 regexp， 比對成功的字串就會標示出來。 小心別貼隱私或機密文件內容! RegExr: Learn, Build, &amp; Test RegEx</title>
    <id>tag:plurk.com;ckhung0;1322042117</id>
    <updated>2016-09-29T14:17:20Z</updated>
    <published>2016-09-29T14:17:20Z</published>
    <link href="/p/lv3y85" />
    <author>
      <name>ckhung0</name>
    </author>
    <content type="html">ckhung0 分享 練習 regexp 很好用! 把你自己想搜尋的文字檔案內容剪貼上去、 在最上方試打 regexp， 比對成功的字串就會標示出來。 小心別貼隱私或機密文件內容! &lt;a href="http://regexr.com/" class="ex_link" rel="nofollow"&gt;RegExr: Learn, Build, &amp; Test RegEx&lt;/a&gt;</content>
  </entry>
  <entry xml:base="http://www.plurk.com/user/ckhung0.xml">
    <title type="text">ckhung0 分享 先前蘋果說它的 iMessage 很安全，不會留下記錄。 謊言再次被戳破。 不僅(跟其他許多業者一樣)會保留metadata， 更厲害的是：連你已輸入地址但未發送的資訊也會被記錄。 「我們與警方密切合作，讓他們了解我們的記錄並不包含通訊內容，而且有記錄未必代表通訊已真實發生。」 Apple Logs Your iMessage Contacts — and May Share Them With Polic...</title>
    <id>tag:plurk.com;ckhung0;1321981021</id>
    <updated>2016-09-29T03:11:45Z</updated>
    <published>2016-09-29T03:11:45Z</published>
    <link href="/p/lv2n31" />
    <author>
      <name>ckhung0</name>
    </author>
    <content type="html">ckhung0 分享 先前蘋果說它的 iMessage 很安全，不會留下記錄。 謊言再次被戳破。 不僅(跟其他許多業者一樣)會保留metadata， 更厲害的是：連你已輸入地址但未發送的資訊也會被記錄。 「我們與警方密切合作，讓他們了解我們的記錄並不包含通訊內容，而且有記錄未必代表通訊已真實發生。」  &lt;a href="https://t.co/QkTGiAo2jx" class="ex_link" rel="nofollow"&gt;Apple Logs Your iMessage Contacts — and May Share Them With Polic...&lt;/a&gt;</content>
  </entry>
  <entry xml:base="http://www.plurk.com/user/ckhung0.xml">
    <title type="text">ckhung0 分享 強國 uber 司機撈錢術： 唐言無忌：國情研習班，原來大陸 Uber 司機咁樣玩 - UNWIRE.HK Uber's Terrifying 'Ghost Drivers' Are Freaking Out Passengers in ...</title>
    <id>tag:plurk.com;ckhung0;1321974772</id>
    <updated>2016-09-29T01:55:21Z</updated>
    <published>2016-09-29T01:55:21Z</published>
    <link href="/p/lv2i9g" />
    <author>
      <name>ckhung0</name>
    </author>
    <content type="html">ckhung0 分享 強國 uber 司機撈錢術： &lt;a href="http://unwire.hk/2016/09/28/tong-uber-driver-in-china/column/" class="ex_link meta" rel="nofollow"&gt;&lt;img src="http://cdn.unwire.hk/wp-content/uploads/2016/09/0928-5a.jpg" height="40px" /&gt;唐言無忌：國情研習班，原來大陸 Uber 司機咁樣玩 - UNWIRE.HK&lt;/a&gt; &lt;a href="https://t.co/9f0Emx6hvY" class="ex_link" rel="nofollow"&gt;Uber's Terrifying 'Ghost Drivers' Are Freaking Out Passengers in ...&lt;/a&gt;  &lt;a href="https://images.plurk.com/5ZVDZsZTxV9aA7ghpixc.jpg" class="ex_link pictureservices"&gt;&lt;img src="https://images.plurk.com/tx_5ZVDZsZTxV9aA7ghpixc.gif" height="48" /&gt;&lt;/a&gt;</content>
  </entry>
  <entry xml:base="http://www.plurk.com/user/ckhung0.xml">
    <title type="text">ckhung0 replurks irvinfly shares 最後一堆，明天晚上的活動，還有贊助票可以參加喔 Citizen Online: 社會運動的數位危機與轉機</title>
    <id>tag:plurk.com;irvinfly;1321910617</id>
    <updated>2016-09-28T11:26:54Z</updated>
    <published>2016-09-28T11:26:54Z</published>
    <link href="/p/lv14rd" />
    <author>
      <name>irvinfly</name>
    </author>
    <content type="html">ckhung0 replurks irvinfly shares 最後一堆，明天晚上的活動，還有贊助票可以參加喔 &lt;a href="http://ocftw.kktix.cc/events/citizenonline" class="ex_link meta" rel="nofollow"&gt;&lt;img src="https://t.kfs.io/upload_images/54506/OCF-Ron-01_original.jpg" height="40px" /&gt;Citizen Online: 社會運動的數位危機與轉機&lt;/a&gt;</content>
  </entry>
  <entry xml:base="http://www.plurk.com/user/ckhung0.xml">
    <title type="text">ckhung0 轉噗 davelin 說 ref Google 這幾天宣布了新版的 Google Translation，MIT Technology Review 給予的評價是「翻譯得幾乎跟人類一樣好了」，被取代的人類又多一批了。MIT 的評價：Google’s new translation software is almost as good as human tran...Google 也同步刊出服務的技術細節：https://goo.gl/sIgVHa</title>
    <id>tag:plurk.com;davelin;1321872403</id>
    <updated>2016-09-28T04:29:44Z</updated>
    <published>2016-09-28T04:29:44Z</published>
    <link href="/p/lv0b9v" />
    <author>
      <name>davelin</name>
    </author>
    <content type="html">ckhung0 轉噗 davelin 說 ref Google 這幾天宣布了新版的 Google Translation，MIT Technology Review 給予的評價是「翻譯得幾乎跟人類一樣好了」，被取代的人類又多一批了。&lt;br /&gt;MIT 的評價：&lt;a href="https://goo.gl/dydlmP" class="ex_link" rel="nofollow"&gt;Google’s new translation software is almost as good as human tran...&lt;/a&gt;&lt;br /&gt;Google 也同步刊出服務的技術細節：&lt;a href="https://goo.gl/sIgVHa" class="ex_link" rel="nofollow"&gt;https://goo.gl/sIgVHa&lt;/a&gt;</content>
  </entry>
  <entry xml:base="http://www.plurk.com/user/ckhung0.xml">
    <title type="text">ckhung0 轉噗 irvinfly 分享 青少年純潔運動協會 捐款箱擺設店家 重推，達到十家店以上就轉 ethercalc 做地圖</title>
    <id>tag:plurk.com;irvinfly;1321460136</id>
    <updated>2016-09-24T07:43:34Z</updated>
    <published>2016-09-24T07:43:34Z</published>
    <link href="/p/lurh60" />
    <author>
      <name>irvinfly</name>
    </author>
    <content type="html">ckhung0 轉噗 irvinfly 分享 &lt;a href="https://hackpad.com/--XHFjxsoxzoq" class="ex_link" rel="nofollow"&gt;青少年純潔運動協會 捐款箱擺設店家&lt;/a&gt; 重推，達到十家店以上就轉 ethercalc 做地圖</content>
  </entry>
  <entry xml:base="http://www.plurk.com/user/ckhung0.xml">
    <title type="text">ckhung0 分享 最近幾版的 firefox 的 「檔案=&amp;gt;開啟」 變難用了--用鍵盤打檔名會亂跳。 原來是 GTK3 的問題。 把 about:config 裡面的 ui.allow_platform_file_picker 設成 false， 避免使用 gtk3 改用 FF 自己陽春的檔案對話框就好多了。 v42.0 File dialog does not support keyboard quick navigation anym...</title>
    <id>tag:plurk.com;ckhung0;1321439688</id>
    <updated>2016-09-24T02:33:52Z</updated>
    <published>2016-09-24T02:33:52Z</published>
    <link href="/p/lur1e0" />
    <author>
      <name>ckhung0</name>
    </author>
    <content type="html">ckhung0 分享 最近幾版的 firefox 的 「檔案=&amp;gt;開啟」 變難用了--用鍵盤打檔名會亂跳。 原來是 GTK3 的問題。 把 about:config 裡面的 ui.allow_platform_file_picker 設成 false， 避免使用 gtk3 改用 FF 自己陽春的檔案對話框就好多了。 &lt;a href="https://www.reddit.com/r/firefox/comments/3ihltf/v420_file_dialog_does_not_support_keyboard_quick/" class="ex_link" rel="nofollow"&gt;v42.0 File dialog does not support keyboard quick navigation anym...&lt;/a&gt;</content>
  </entry>
  <entry xml:base="http://www.plurk.com/user/ckhung0.xml">
    <title type="text">ckhung0 轉噗 darkkjn 分享 一個神奇的工具Ostagram 可以把兩張圖風格合併在一起 真是逆天黑科技XD</title>
    <id>tag:plurk.com;darkkjn;1321334178</id>
    <updated>2016-09-23T02:13:17Z</updated>
    <published>2016-09-23T02:13:17Z</published>
    <link href="/p/luorz6" />
    <author>
      <name>darkkjn</name>
    </author>
    <content type="html">ckhung0 轉噗 darkkjn 分享 一個神奇的工具&lt;a href="http://ostagram.ru" class="ex_link" rel="nofollow"&gt;Ostagram &lt;/a&gt;可以把兩張圖風格合併在一起&lt;br /&gt;&lt;a href="https://i.imgur.com/iOmepC8.jpg" class="ex_link pictureservices" rel="nofollow"&gt;&lt;img src="https://i.imgur.com/iOmepC8t.jpg" alt="https://i.imgur.com/iOmepC8.jpg" height="48" /&gt;&lt;/a&gt; &lt;a href="https://i.imgur.com/dsaVyBi.jpg" class="ex_link pictureservices" rel="nofollow"&gt;&lt;img src="https://i.imgur.com/dsaVyBit.jpg" alt="https://i.imgur.com/dsaVyBi.jpg" height="48" /&gt;&lt;/a&gt; &lt;a href="https://i.imgur.com/K3XaSWR.jpg" class="ex_link pictureservices" rel="nofollow"&gt;&lt;img src="https://i.imgur.com/K3XaSWRt.jpg" alt="https://i.imgur.com/K3XaSWR.jpg" height="48" /&gt;&lt;/a&gt; &lt;a href="https://i.imgur.com/QKqbco7.jpg" class="ex_link pictureservices" rel="nofollow"&gt;&lt;img src="https://i.imgur.com/QKqbco7t.jpg" alt="https://i.imgur.com/QKqbco7.jpg" height="48" /&gt;&lt;/a&gt; &lt;a href="https://i.imgur.com/5NPFX0T.jpg" class="ex_link pictureservices" rel="nofollow"&gt;&lt;img src="https://i.imgur.com/5NPFX0Tt.jpg" alt="https://i.imgur.com/5NPFX0T.jpg" height="48" /&gt;&lt;/a&gt; &lt;a href="https://i.imgur.com/yjBPiOO.jpg" class="ex_link pictureservices" rel="nofollow"&gt;&lt;img src="https://i.imgur.com/yjBPiOOt.jpg" alt="https://i.imgur.com/yjBPiOO.jpg" height="48" /&gt;&lt;/a&gt;&lt;br /&gt;真是逆天黑科技XD</content>
  </entry>
  <entry xml:base="http://www.plurk.com/user/ckhung0.xml">
    <title type="text">ckhung0 轉噗 Thinker 說 科學家發明「人造樹葉」直接將二氧化碳轉化為燃料 - 明日科學</title>
    <id>tag:plurk.com;Thinker;1321286502</id>
    <updated>2016-09-22T13:57:46Z</updated>
    <published>2016-09-22T13:57:46Z</published>
    <link href="/p/lunr6u" />
    <author>
      <name>Thinker</name>
    </author>
    <content type="html">ckhung0 轉噗 Thinker 說 &lt;a href="http://tomorrowsci.com/science/%E4%BA%BA%E9%80%A0%E6%A8%B9%E8%91%89%E7%9B%B4%E6%8E%A5%E5%B0%87co2%E8%BD%89%E5%8C%96%E7%82%BA%E7%87%83%E6%96%99/" class="ex_link" rel="nofollow"&gt;科學家發明「人造樹葉」直接將二氧化碳轉化為燃料 - 明日科學&lt;/a&gt;</content>
  </entry>
  <entry xml:base="http://www.plurk.com/user/ckhung0.xml">
    <title type="text">ckhung0 轉噗 davelin 中國大陸推出新法規，朋友圈、私人通訊將列入辦案審查範圍</title>
    <id>tag:plurk.com;davelin;1321265485</id>
    <updated>2016-09-22T10:14:29Z</updated>
    <published>2016-09-22T10:14:29Z</published>
    <link href="/p/lunaz1" />
    <author>
      <name>davelin</name>
    </author>
    <content type="html">ckhung0 轉噗 davelin  &lt;a href="https://theinitium.com/article/20160922-dailynews-china-internet-censorship-and-privacy/" class="ex_link meta" rel="nofollow"&gt;&lt;img src="https://d32kak7w9u5ewj.cloudfront.net/media/image/2016/09/3d9495a0074142b1a0a241881d4ed8f8.jpg" height="40px" /&gt;中國大陸推出新法規，朋友圈、私人通訊將列入辦案審查範圍&lt;/a&gt;</content>
  </entry>
  <entry xml:base="http://www.plurk.com/user/ckhung0.xml">
    <title type="text">ckhung0 分享 環境衛生組織 BAN 跟 MIT 用 GPS 追蹤所謂「電子廢棄物回收」產業，發現高達40%的環保回收其實都是騙人的，真相是：這些廠商直接把電子廢棄物運到中國或其他開發中國家，毒害當地民眾。 (因為回收其實需要很高的成本；但我們消費者沒付錢所以沒感覺) A Shocking Amount of E-Waste Recycling Is a Complete Sham - Slash... 同場加映舊影片(中文字幕) 60 minutes e-waste Chinese translation</title>
    <id>tag:plurk.com;ckhung0;1321229442</id>
    <updated>2016-09-22T02:16:52Z</updated>
    <published>2016-09-22T02:16:52Z</published>
    <link href="/p/lumj5u" />
    <author>
      <name>ckhung0</name>
    </author>
    <content type="html">ckhung0 分享 環境衛生組織 BAN 跟 MIT 用 GPS 追蹤所謂「電子廢棄物回收」產業，發現高達40%的環保回收其實都是騙人的，真相是：這些廠商直接把電子廢棄物運到中國或其他開發中國家，毒害當地民眾。 (因為回收其實需要很高的成本；但我們消費者沒付錢所以沒感覺) &lt;a href="https://t.co/JjtUDHwFJW" class="ex_link" rel="nofollow"&gt;A Shocking Amount of E-Waste Recycling Is a Complete Sham - Slash...&lt;/a&gt; 同場加映舊影片(中文字幕) &lt;a href="https://www.youtube.com/watch?v=5YieL8CImMk" class="ogvideo meta" rel="nofollow"&gt;&lt;img src="https://i.ytimg.com/vi/5YieL8CImMk/hqdefault.jpg" data-video="https://www.youtube.com/embed/5YieL8CImMk?feature=oembed" data-width="480" data-height="270" height="40px" /&gt;60 minutes e-waste Chinese translation&lt;/a&gt;</content>
  </entry>
  <entry xml:base="http://www.plurk.com/user/ckhung0.xml">
    <title type="text">ckhung0 分享 微軟要求硬體廠商鎖死 Win 10 認證電腦系列 (signature edition) 透過非標準的 raid 硬碟阻撓用戶安裝其他作業系統。 聯想幫微軟做得最徹底。 唉， 又要出現另一波定時(三五年後)的環境災難了。 有影響力的人當中， 會有人出面關心嗎? Beware: Lenovo&amp;#039;s Windows 10 Signature Edition Blocks Install...</title>
    <id>tag:plurk.com;ckhung0;1321226546</id>
    <updated>2016-09-22T01:37:03Z</updated>
    <published>2016-09-22T01:37:03Z</published>
    <link href="/p/lumgxe" />
    <author>
      <name>ckhung0</name>
    </author>
    <content type="html">ckhung0 分享 微軟要求硬體廠商鎖死 Win 10 認證電腦系列 (signature edition) 透過非標準的 raid 硬碟阻撓用戶安裝其他作業系統。 聯想幫微軟做得最徹底。 唉， 又要出現另一波定時(三五年後)的環境災難了。 有影響力的人當中， 會有人出面關心嗎?  &lt;a href="http://fossboss.com/2016/09/21/windows-10-signature-edition-blocks-installing-linux/" class="ex_link" rel="nofollow"&gt;Beware: Lenovo&amp;#039;s Windows 10 Signature Edition Blocks Install...&lt;/a&gt;</content>
  </entry>
  <entry xml:base="http://www.plurk.com/user/ckhung0.xml">
    <title type="text">ckhung0 分享 rep davelin 「事实证明，信息不可能一夜之间对所有人透明，同时，全天候、全方位、高强度的洗脑，可以让部分消费者坚信任何你想让他们坚信的，从而对信息透明、信息对称失去兴趣...在互联网高度发达的今天，企业继续把大量的钱花在广告和渠道上，并让消费者为此买单，并且还有一堆媒体热情洋溢地为老古董贴金，实际上是对消费者智力的嘲弄。」 当你赞美OPPO时你在赞美什么？</title>
    <id>tag:plurk.com;ckhung0;1321225941</id>
    <updated>2016-09-22T01:29:11Z</updated>
    <published>2016-09-22T01:29:11Z</published>
    <link href="/p/lumggl" />
    <author>
      <name>ckhung0</name>
    </author>
    <content type="html">ckhung0 分享 rep &lt;a href="http://www.plurk.com/davelin" class="ex_link"&gt;davelin&lt;/a&gt; 「事实证明，信息不可能一夜之间对所有人透明，同时，全天候、全方位、高强度的洗脑，可以让部分消费者坚信任何你想让他们坚信的，从而对信息透明、信息对称失去兴趣...在互联网高度发达的今天，企业继续把大量的钱花在广告和渠道上，并让消费者为此买单，并且还有一堆媒体热情洋溢地为老古董贴金，实际上是对消费者智力的嘲弄。」 &lt;a href="http://ppt.cc/axwn5" class="ex_link" rel="nofollow"&gt;当你赞美OPPO时你在赞美什么？&lt;/a&gt;</content>
  </entry>
  <entry xml:base="http://www.plurk.com/user/ckhung0.xml">
    <title type="text">ckhung0 轉噗 wrold_Yam 說 中國烏坎村遭大規模鎮壓警察破門見人就打 中國烏坎村遭大規模鎮壓_警察破門見人就打 | 地球圖輯隊 帶你看透全世界</title>
    <id>tag:plurk.com;wrold_Yam;1321040281</id>
    <updated>2016-09-20T07:09:26Z</updated>
    <published>2016-09-20T07:09:26Z</published>
    <link href="/p/luih7d" />
    <author>
      <name>wrold_Yam</name>
    </author>
    <content type="html">ckhung0 轉噗 wrold_Yam 說 中國烏坎村遭大規模鎮壓警察破門見人就打  &lt;a href="https://dq.yam.com/post.php?id=6602" class="ex_link meta" rel="nofollow"&gt;&lt;img src="https://fpscdn.yam.com/world/201609/ae/fa/57e0c315daefa.jpg?v=20150331" height="40px" /&gt;中國烏坎村遭大規模鎮壓_警察破門見人就打 | 地球圖輯隊 帶你看透全世界&lt;/a&gt;</content>
  </entry>
  <entry xml:base="http://www.plurk.com/user/ckhung0.xml">
    <title type="text">ckhung0 轉噗 davelin 說 台灣神手開源義肢 殘肢工程師變鋼鐵人 - 生活 - 自由時報電子報 張憲良說，自己雖完成外部結構設計，但礙於不懂電路板控制，無法讓手掌有動力，因而求助於臉書的機器人學習社團，</title>
    <id>tag:plurk.com;davelin;1321010691</id>
    <updated>2016-09-20T01:24:32Z</updated>
    <published>2016-09-20T01:24:32Z</published>
    <link href="/p/luhudf" />
    <author>
      <name>davelin</name>
    </author>
    <content type="html">ckhung0 轉噗 davelin 說 &lt;a href="http://news.ltn.com.tw/news/life/breakingnews/1830700" class="ex_link" rel="nofollow"&gt;台灣神手開源義肢 殘肢工程師變鋼鐵人 - 生活 - 自由時報電子報&lt;/a&gt;  &lt;br /&gt;張憲良說，自己雖完成外部結構設計，但礙於不懂電路板控制，無法讓手掌有動力，因而求助於臉書的機器人學習社團，</content>
  </entry>
  <entry xml:base="http://www.plurk.com/user/ckhung0.xml">
    <title type="text">ckhung0 replurks NetKidz says</title>
    <id>tag:plurk.com;NetKidz;1320893071</id>
    <updated>2016-09-18T22:01:55Z</updated>
    <published>2016-09-18T22:01:55Z</published>
    <link href="/p/lufbm7" />
    <author>
      <name>NetKidz</name>
    </author>
    <content type="html">ckhung0 replurks NetKidz says &lt;a href="https://pbs.twimg.com/media/CsYbTBQVUAAvfPc.jpg" class="ex_link pictureservices" rel="nofollow"&gt;&lt;img src="https://pbs.twimg.com/media/CsYbTBQVUAAvfPc.jpg" height="48" /&gt;&lt;/a&gt;&lt;br /&gt;&lt;img class="emoticon_my" src="https://emos.plurk.com/ed9370044151a3603dad562a0c0b08e8_w48_h48.gif" width="48" height="48" /&gt;</content>
  </entry>
  <entry xml:base="http://www.plurk.com/user/ckhung0.xml">
    <title type="text">ckhung0 轉噗 CQD Solidot | 利用后门小米能在你的手机上安装任意应用小米可以不通知使用者就在手機上裝任何東西，而且走 HTTP 又沒有做內容檢驗所以基本上篤定會被壞人拿來做壞事…</title>
    <id>tag:plurk.com;CQD;1320759080</id>
    <updated>2016-09-17T10:14:21Z</updated>
    <published>2016-09-17T10:14:21Z</published>
    <link href="/p/lucg88" />
    <author>
      <name>CQD</name>
    </author>
    <content type="html">ckhung0 轉噗 CQD &lt;a href="http://www.solidot.org/story?sid=49701" class="ex_link" rel="nofollow"&gt;Solidot | 利用后门小米能在你的手机上安装任意应用&lt;/a&gt;&lt;br /&gt;小米可以不通知使用者就在手機上裝任何東西，而且走 HTTP 又沒有做內容檢驗所以基本上篤定會被壞人拿來做壞事…</content>
  </entry>
  <entry xml:base="http://www.plurk.com/user/ckhung0.xml">
    <title type="text">ckhung0 转噗 pingooo 電池壽命 &amp;gt;&amp;gt; 電器壽命，這種電池的甜蜜點可能不是手機筆電這種消耗型的電器，也許是飛機黑盒子之類的電器比較有用。不然就是筆電廠商喊出電池介面五十年不變的口號，讓消費者換機時馬照跑、舞照跳、電池照用。【科研突破】美研究團隊意外發現可持續使用400年的電池，即是以後都不用換電池了 - TechStart 科技創誌｜PressLog...</title>
    <id>tag:plurk.com;pingooo;1320726365</id>
    <updated>2016-09-17T01:59:35Z</updated>
    <published>2016-09-17T01:59:35Z</published>
    <link href="/p/lubqzh" />
    <author>
      <name>pingooo</name>
    </author>
    <content type="html">ckhung0 转噗 pingooo 電池壽命 &amp;gt;&amp;gt; 電器壽命，這種電池的甜蜜點可能不是手機筆電這種消耗型的電器，也許是飛機黑盒子之類的電器比較有用。&lt;br /&gt;不然就是筆電廠商喊出電池介面五十年不變的口號，讓消費者換機時馬照跑、舞照跳、電池照用。&lt;br /&gt;&lt;a href="http://techstart.presslogic.com/2016/09/16/article/11260/" class="ex_link" rel="nofollow"&gt;【科研突破】美研究團隊意外發現可持續使用400年的電池，即是以後都不用換電池了 - TechStart 科技創誌｜PressLog...&lt;/a&gt;</content>
  </entry>
</feed>
